suburb,category,name,lat,lon
Heathmont,supermarket,Friendly Grocer,-37.8305437,145.2438058
Heathmont,supermarket,IGA,-37.8277952,145.2471846
Heathmont,supermarket,ABC Supermarket,-37.8266695,145.2561383
Heathmont,cafe,Milk+Wine Co.,-37.8295958,145.2456204
Heathmont,cafe,The Fortunate Son Cafe,-37.8194402,145.2444832
Heathmont,cafe,Never Regular,-37.8287015,145.2370984
Heathmont,cafe,Magic Hand Car Wash,-37.8294331,145.2448155
Heathmont,cafe,Chapter Too,-37.8277111,145.247265
Dandenong,supermarket,Coles,-37.9828511,145.2136939
Dandenong,supermarket,Coles,-37.9865785,145.2183528
Dandenong,supermarket,Woolworths,-37.9874773,145.2177309
Dandenong,supermarket,Aldi,-37.9859544,145.2167401
Dandenong,supermarket,LH Supermarket,-37.9741894,145.2017448
Dandenong,supermarket,Maiwand Supermarket,-37.9864078,145.2126911
Dandenong,supermarket,MJ Butcher Fruit Veg,-37.9868238,145.2147653
Dandenong,supermarket,Dandy Bahar Supermarket,-37.9849935,145.2121829
Dandenong,supermarket,C.J. Spifes & Videos,-37.985262,145.2136749
Dandenong,supermarket,Rockyz Minimart,-37.9843967,145.2142798
Dandenong,supermarket,King Supermarket,-37.9852398,145.2126374
Dandenong,supermarket,Sadaqat,-37.9863454,145.2123237
Dandenong,supermarket,MKS Spices n Things,-37.9892872,145.2152267
Dandenong,supermarket,African Products,-37.9862461,145.2152154
Dandenong,supermarket,Bestway Supermarket,-37.9883953,145.2148283
Dandenong,supermarket,Unnamed supermarket,-37.9882161,145.2183473
Dandenong,supermarket,Woolworths,-37.974201,145.2052615
Dandenong,supermarket,ALDI,-37.9833906,145.2161115
Dandenong,supermarket,Dandy Supermarket & Halal Meat,-37.9855934,145.2121437
Dandenong,supermarket,Gulistan Supermarket,-37.9880909,145.2124738
Dandenong,supermarket,Bamyan,-37.9865301,145.21229
Dandenong,supermarket,Babylon Groceries,-37.9826702,145.2029035
Dandenong,supermarket,Dandenong IGA Plus Liquor,-37.9825216,145.2025528
Dandenong,cafe,Foster St Cafe,-37.9896242,145.2106815
Dandenong,cafe,AB Bakery Dandenong,-37.9890925,145.2140879
Dandenong,cafe,Jebena Cafe,-37.9844431,145.2119583
Dandenong,cafe,Addictions,-37.9872937,145.2128755
Dandenong,cafe,Marina Shisha Lounge & Cafe,-37.9880456,145.2130973
Dandenong,cafe,Villa,-37.9869139,145.2148345
Dandenong,cafe,The Coffee Bar,-37.9876834,145.2169005
Dandenong,cafe,Preeti Creations Coffee,-37.9879322,145.2124841
Dandenong,cafe,Munch Brunch,-37.9874228,145.2156092
Dandenong,cafe,Seasoning Cafe,-37.9853004,145.2121885
Dandenong,cafe,Mary's Courtyard Cafe,-37.9852997,145.2121135
Dandenong,cafe,Cafe Leads,-37.9849029,145.2121776
Dandenong,cafe,Marketto,-37.9844232,145.2148445
Dandenong,cafe,Persian Darbar Cafe,-37.9851745,145.2120461
Dandenong,cafe,BMNC,-37.9888203,145.2100056
Dandenong,cafe,Viva La Vida,-37.988005,145.2158515
Dandenong,cafe,Juice Engine,-37.9882709,145.2138231
Dandenong,cafe,Sunny Thor,-37.9886201,145.2137759
Dandenong,cafe,Walker Street Cafe,-37.9881139,145.2122931
Dandenong,cafe,Amalia Euro Cheese,-37.9826231,145.2028103
Dandenong,gym,Doherty's Gym Dandenong,-37.9892492,145.2034561
Dandenong,gym,F45 Training,-37.9880599,145.213462
Dandenong,gym,Anytime Fitness,-37.987965,145.2151695
Dandenong,gym,Genesis Fitness Dandenong,-37.9861229,145.2065743
Dandenong,library,Dandenong Library,-37.9888083,145.2133192
Lilydale,supermarket,Woolworths,-37.7601449,145.3494123
Lilydale,supermarket,Coles,-37.7563965,145.3542278
Lilydale,supermarket,ALDI,-37.7609226,145.3491933
Lilydale,cafe,Chef Staceys Sandwich Bar,-37.7503102,145.3491344
Lilydale,cafe,Hendriks,-37.7589198,145.3491922
Lilydale,cafe,Gracious Grace Cafe,-37.7559726,145.3535025
Lilydale,cafe,Bean Seen Cafe,-37.7577454,145.3492833
Lilydale,cafe,Round Bird Can't Fly,-37.7576979,145.3490897
Lilydale,cafe,Locavore Cafe,-37.7575402,145.3484485
Lilydale,cafe,The Lilydale General,-37.7512678,145.3483956
Lilydale,cafe,Harrow and Harvest Cafe,-37.7556064,145.3541237
Lilydale,cafe,Point Of View,-37.7658294,145.3475766
Lilydale,gym,Lilydale Squash & Fitness Centre,-37.756386,145.3615108
Lilydale,library,Lilydale Library,-37.7660329,145.347166
Lilydale,library,Unnamed library,-37.7599143,145.3442927
Wheelers Hill,supermarket,Woolworths,-37.9097755,145.1898734
Wheelers Hill,supermarket,Four Seasons Supermarket,-37.9104776,145.189614
Wheelers Hill,cafe,T House at Jells,-37.8967535,145.1964982
Wheelers Hill,cafe,MAPh Café,-37.9077033,145.1905514
Wheelers Hill,cafe,Code 5,-37.9003032,145.1746514
Wheelers Hill,cafe,The Hills Pantry,-37.9099522,145.1894115
Wheelers Hill,gym,Life Style Fitness,-37.9058492,145.1886418
Wheelers Hill,library,Wheelers Hill Branch Library,-37.9077981,145.1909033
Grovedale,supermarket,Champion's IGA,-38.2077503,144.3290327
Grovedale,supermarket,ALDI,-38.193233,144.3435317
Grovedale,supermarket,ALDI,-38.1961357,144.318837
Grovedale,supermarket,Woolworths,-38.1988403,144.3191948
Grovedale,supermarket,Coles,-38.1999126,144.3167547
Grovedale,cafe,Gloria Jean's,-38.1999482,144.3200762
Grovedale,cafe,Joey's Place,-38.2078353,144.3294846
Grovedale,cafe,The Cottage Cafe Grovedale,-38.2008082,144.3419181
Grovedale,cafe,Bean Squeeze,-38.1880197,144.3285967
Grovedale,cafe,Bean Squeeze,-38.1972065,144.3417323
Grovedale,cafe,Cafe 24/7,-38.1937715,144.3422769
Grovedale,cafe,Sandstone & Co.,-38.2065827,144.3405739
Grovedale,gym,CrossFit Raven,-38.1965395,144.3451682
Grovedale,gym,F45 Training,-38.199378,144.3461492
Grovedale,library,Waurn Ponds Library,-38.1973961,144.3209911
Manifold Heights,supermarket,Woolworths,-38.1370122,144.3477524
Manifold Heights,supermarket,Coles,-38.1389962,144.3374854
Manifold Heights,supermarket,Woolworths,-38.1458229,144.3360867
Manifold Heights,supermarket,ALDI,-38.1398635,144.3377442
Manifold Heights,supermarket,The Source Bulk Foods,-38.1420781,144.3482659
Manifold Heights,cafe,Unnamed cafe,-38.138567,144.3366715
Manifold Heights,cafe,Cafe Bear & Scoobs,-38.1243933,144.3417558
Manifold Heights,cafe,Darling West Cafe,-38.1439631,144.3478745
Manifold Heights,cafe,Bean Squeeze,-38.1446749,144.3353538
Manifold Heights,cafe,Munchies On Aphrasia,-38.1503441,144.3407558
Manifold Heights,cafe,Two Sugars,-38.1401427,144.3487159
Manifold Heights,cafe,House Iberia,-38.1378374,144.3366509
Manifold Heights,cafe,Sodi,-38.1404702,144.3481206
Manifold Heights,cafe,The Village Door,-38.1405333,144.3486929
Manifold Heights,cafe,Panache,-38.1419305,144.3483102
Manifold Heights,cafe,Sixteen06,-38.1386355,144.3215808
Manifold Heights,cafe,Eddy and Wills,-38.1306655,144.3397533
Manifold Heights,cafe,Cafe Botticelli,-38.1302252,144.3315971
Manifold Heights,cafe,Manny's Kitchen,-38.1300532,144.3316693
Manifold Heights,cafe,Soft Cafe,-38.1307486,144.3314684
Manifold Heights,cafe,7 Origins,-38.142005,144.3482804
Manifold Heights,cafe,At Randy's,-38.1420208,144.3477488
Manifold Heights,cafe,63 Degrees,-38.1397712,144.3487824
Manifold Heights,cafe,Pako Bakery Cafe,-38.1395892,144.3483097
Manifold Heights,cafe,Poco,-38.1385114,144.3485973
Manifold Heights,cafe,Rosco's Social Club,-38.1425382,144.3475872
Manifold Heights,cafe,Newfolk,-38.1473445,144.3412199
Manifold Heights,cafe,The Fox & Hen,-38.1374737,144.3374018
Manifold Heights,gym,KX Pilates,-38.1414226,144.3485285
Manifold Heights,gym,F45 Training,-38.1452119,144.3357718
Manifold Heights,gym,Anytime Fitness,-38.1360966,144.3369924
Manifold Heights,gym,Power Fitness,-38.1342023,144.3406847
Manifold Heights,gym,Geelong Sports Medicine Centre,-38.1304973,144.3429903
Manifold Heights,library,Western Heights College Library,-38.1234654,144.3283482
Manifold Heights,library,Geelong West Library,-38.1411124,144.3479345
Fyansford,cafe,Sixteen06,-38.1386355,144.3215808
Oakleigh South,supermarket,Woolworths,-37.9219021,145.0834939
Oakleigh South,supermarket,Huntingdale IGA X-press,-37.9099644,145.1035576
Oakleigh South,cafe,Chris's Take Away,-37.9308617,145.0974245
Oakleigh South,cafe,Loose Goose Café,-37.9221348,145.083483
Oakleigh South,cafe,Sweet Bites Lunch Bar,-37.9155158,145.1055898
Oakleigh South,cafe,Balila Lebanese Cuisine and Cafe,-37.9101967,145.1034839
Oakleigh South,cafe,Ambrosia Cafe,-37.9103146,145.1034029
Oakleigh South,cafe,A.1.Nibbles Sandwiches,-37.9099934,145.1039463
Oakleigh South,cafe,Main Street Cafe,-37.9098332,145.1040023
Oakleigh South,gym,Snap Fitness,-37.9228249,145.0829397
Box Hill North,supermarket,Woolworths,-37.8195494,145.1212804
Box Hill North,supermarket,Asian Taiwanese Grocery,-37.8202579,145.1261152
Box Hill North,supermarket,Box Hill Asian Grocery Centre,-37.8201884,145.1235561
Box Hill North,supermarket,Seoul Grocery,-37.8193264,145.1245932
Box Hill North,supermarket,Coles,-37.8196048,145.1203412
Box Hill North,supermarket,Korean World,-37.8206728,145.1240988
Box Hill North,supermarket,Tan Huang Asian Grocer,-37.8196347,145.1225176
Box Hill North,supermarket,Hui-Hui Supermarket,-37.8185457,145.1204799
Box Hill North,cafe,Traducci,-37.8187795,145.1219761
Box Hill North,cafe,Red Cup Cafe,-37.8195855,145.1339899
Box Hill North,cafe,Teaser,-37.8188457,145.1219276
Box Hill North,cafe,Top Tea,-37.8192548,145.12198
Box Hill North,cafe,Malay Kitchen,-37.8193587,145.1247762
Box Hill North,cafe,Gong Cha,-37.8191306,145.1221486
Box Hill North,cafe,Yi Fang Tea,-37.8197416,145.1210973
Box Hill North,cafe,CoCo Fresh Tea & Juice,-37.8197229,145.121309
Box Hill North,cafe,White Mojo,-37.8192903,145.1218015
Box Hill North,cafe,Nelson,-37.8161413,145.1197253
Box Hill North,cafe,The Penny Drop,-37.8175676,145.1221178
Box Hill North,cafe,æ Coffee,-37.8183846,145.119021
Box Hill North,cafe,Cafe Saporo,-37.8177264,145.1160031
Box Hill North,cafe,Beekeen,-37.8196977,145.1206615
Box Hill North,cafe,Boost Juice,-37.8198026,145.1214061
Box Hill North,cafe,Mary’s Paddock,-37.8146397,145.1194042
Box Hill North,cafe,Homm,-37.81859,145.1220297
Box Hill North,cafe,Middleborough Latte Cafe,-37.8082043,145.1402853
Box Hill North,cafe,Rubix,-37.8088283,145.1401341
Box Hill North,library,Box Hill Library,-37.819169,145.1277636
Carlton North,supermarket,Foodworks,-37.7889872,144.9760904
Carlton North,supermarket,Woolworths,-37.7981407,144.9683576
Carlton North,supermarket,Woolworths,-37.7758181,144.9618499
Carlton North,supermarket,Coles,-37.7758523,144.9626265
Carlton North,supermarket,Casa Iberica,-37.7979262,144.9759075
Carlton North,supermarket,TT Mart,-37.7788898,144.9781392
Carlton North,supermarket,ALDI,-37.7709122,144.9616256
Carlton North,supermarket,King & Godfree,-37.798456,144.967093
Carlton North,supermarket,Cheaper Buy Miles,-37.798272,144.9791079
Carlton North,supermarket,Fitzroy IGA,-37.794231,144.9793382
Carlton North,supermarket,IGA,-37.7787245,144.9764299
Carlton North,supermarket,Carlton Supermarket,-37.7926419,144.9692514
Carlton North,supermarket,Coles,-37.7721229,144.9784681
Carlton North,supermarket,ALDI,-37.7987035,144.9836527
Carlton North,supermarket,Cheaper Buy Miles,-37.7749261,144.9606389
Carlton North,supermarket,Woolworths,-37.7697835,144.9600119
Carlton North,supermarket,Coles,-37.7978511,144.9779798
Carlton North,supermarket,Piedimonte's Supa IGA plus Liquor,-37.7834993,144.982928
Carlton North,supermarket,Woolworths Metro Smith Street,-37.7978744,144.9841966
Carlton North,cafe,Stagger Lee's,-37.7989463,144.978543
Carlton North,cafe,Heartattack and Vine,-37.7976471,144.9672504
Carlton North,cafe,Sir Charles,-37.7982584,144.9789257
Carlton North,cafe,Endis Café,-37.7988255,144.9771439
Carlton North,cafe,Min Lokal,-37.796901,144.982356
Carlton North,cafe,Le Gourmet Cakes,-37.7992836,144.978146
Carlton North,cafe,Atomica Caffé,-37.7993698,144.9784906
Carlton North,cafe,Houndstooth,-37.7982227,144.976029
Carlton North,cafe,Brunetti,-37.7981549,144.9678859
Carlton North,cafe,Ladybird Café,-37.7991717,144.9875019
Carlton North,cafe,Marios,-37.7979694,144.9783876
Carlton North,cafe,Uncle & Jak,-37.798217,144.9758
Carlton North,cafe,The Alt Grill and Bar,-37.7991997,144.984395
Carlton North,cafe,Sage And Grace Cafe,-37.7926639,144.9618701
Carlton North,cafe,Picnic,-37.7848639,144.9823189
Carlton North,cafe,Primary Cafe,-37.783541,144.9589958
Carlton North,cafe,The Old Bikeshop Cafe,-37.7750446,144.9709954
Carlton North,cafe,Cafe Sua Da,-37.796776,144.965388
Carlton North,cafe,Espresso Bar,-37.7973869,144.9642847
Carlton North,cafe,Cibi Cafe (Dine In),-37.7970912,144.9858952
Carlton North,cafe,Sugardough,-37.7730805,144.9713047
Carlton North,cafe,Tinpot Cafe,-37.7834518,144.9838712
Carlton North,cafe,McIver's North Tea and Coffee,-37.7761664,144.9594234
Carlton North,cafe,Carte Crêpes,-37.799143,144.96036
Carlton North,cafe,House of Cards,-37.7991844,144.9616342
Carlton North,cafe,Greensleeves Coffee House,-37.7832356,144.9821608
Carlton North,cafe,Standing Room,-37.7847866,144.9823865
Carlton North,cafe,Pillar of Pepper,-37.7846457,144.98252
Carlton North,cafe,Everyday Coffee,-37.7982461,144.9858872
Carlton North,cafe,Growers Espresso,-37.779903,144.986937
Carlton North,cafe,King & Godfree,-37.798456,144.967093
Carlton North,cafe,Breakfast Thieves,-37.79636,144.983649
Carlton North,cafe,Ultimate Coffee Bar,-37.797413,144.968219
Carlton North,cafe,Pavlov's Duck,-37.7964633,144.9845425
Carlton North,cafe,Ho Ho's Canteen,-37.7974144,144.9584924
Carlton North,cafe,Juddy Roller,-37.7990341,144.9825548
Carlton North,cafe,Dench Cafe,-37.7830635,144.9826302
Carlton North,cafe,District 35,-37.779923,144.9773463
Carlton North,cafe,Code Black,-37.7747117,144.9624457
Carlton North,cafe,The Nicholson Coffee & Eatery,-37.7738352,144.9585706
Carlton North,cafe,Acustico,-37.7739337,144.9591941
Carlton North,cafe,Curly Joe's drive-thru coffee,-37.7759511,144.9789669
Carlton North,cafe,Sleepy's Cafe and Wine Bar,-37.7808966,144.9777786
Carlton North,cafe,Wide Open Road,-37.7762834,144.961226
Carlton North,cafe,Napier Quarter,-37.7968656,144.9808288
Carlton North,cafe,Addict,-37.7989725,144.9832189
Carlton North,cafe,Citrus,-37.7832134,144.9841088
Carlton North,cafe,Wild Timor Coffee Co.,-37.7986544,144.9654934
Carlton North,cafe,Maillard Toast and Espresso Bar,-37.7796732,144.9867595
Carlton North,cafe,Unnamed cafe,-37.7945918,144.9788489
Carlton North,cafe,Beeter Swit,-37.795159,144.9791681
Carlton North,cafe,Choukette,-37.7703732,144.9617167
Carlton North,cafe,Professors Walk Cafe,-37.7981416,144.9595503
Carlton North,cafe,Tiamo,-37.7981827,144.9671674
Carlton North,cafe,Campos,-37.7971996,144.9697182
Carlton North,cafe,The Fitz,-37.7967671,144.9786367
Carlton North,cafe,La Latteria,-37.797415,144.97114
Carlton North,cafe,Unnamed cafe,-37.7946063,144.9793332
Carlton North,cafe,Market Lane Coffee,-37.7986545,144.968513
Carlton North,cafe,Hap,-37.7886588,144.9718262
Carlton North,cafe,Vertue Coffee Roasters,-37.7976778,144.9683437
Carlton North,cafe,The Belljar,-37.7916738,144.9856759
Carlton North,cafe,Patisserie Madeleine De Proust,-37.7995521,144.9669311
Carlton North,cafe,Green Refectory,-37.7747918,144.9606604
Carlton North,cafe,Standing Room,-37.7970749,144.9624025
Carlton North,cafe,Toto's Cafe,-37.7749108,144.9592193
Carlton North,cafe,Toledo Brunswick,-37.7699499,144.9715392
Carlton North,cafe,Double Dutch Coffee Bar,-37.7708597,144.97166
Carlton North,cafe,Kohi No Deshi,-37.7754633,144.9600923
Carlton North,cafe,Joan Specialty Coffee,-37.7704851,144.9763398
Carlton North,cafe,Lucy Lockett,-37.7772529,144.969629
Carlton North,cafe,Capulus & Co,-37.7774093,144.9599209
Carlton North,cafe,Code 21,-37.7786686,144.9761618
Carlton North,cafe,The Lamb,-37.7717369,144.9614716
Carlton North,cafe,Axil Coffee Roasters,-37.7961211,144.9585747
Carlton North,cafe,Espresso Bar,-37.775603,144.9610844
Carlton North,cafe,Green Cup,-37.798738,144.9664396
Carlton North,cafe,Stop 122,-37.7723711,144.9716862
Carlton North,cafe,Rex,-37.7756696,144.9622366
Carlton North,cafe,Vincent the Dog,-37.7977605,144.9691421
Carlton North,cafe,Le Miel,-37.7968607,144.9663103
Carlton North,cafe,Bossa Nova,-37.7971894,144.969434
Carlton North,cafe,Carolina,-37.7794735,144.9780372
Carlton North,cafe,Terror Twilight,-37.7991491,144.9849275
Carlton North,cafe,Take Two,-37.7753182,144.9709527
Carlton North,cafe,Bellboy Cafe,-37.7722836,144.9791799
Carlton North,cafe,Coffee + Office,-37.7965615,144.9848355
Carlton North,cafe,Padre Coffee,-37.7993758,144.9860962
Carlton North,cafe,Blonde Food and Drink,-37.7937584,144.9790683
Carlton North,cafe,North Island,-37.7830686,144.9826782
Carlton North,cafe,Piccante Cafe,-37.7840077,144.9833889
Carlton North,cafe,St Ali Canteen,-37.7984714,144.9630398
Carlton North,cafe,Pop-up Cafe,-37.7961444,144.9617215
Carlton North,cafe,Dre's Deli,-37.7717486,144.9642225
Carlton North,cafe,Journeys Cafe by ASRC (Level 4),-37.7987245,144.963675
Carlton North,cafe,Gong Cha,-37.7988859,144.9629034
Carlton North,cafe,Savour Cafe' & Juice Bar,-37.7767379,144.9603666
Carlton North,cafe,Spazio Paradiso,-37.782812,144.9774271
Carlton North,cafe,Boost Juice,-37.7756809,144.9620738
Carlton North,cafe,Walrus,-37.7704927,144.9616957
Carlton North,cafe,Brunswick Food Store,-37.774928,144.9636548
Carlton North,cafe,Fledgling Espresso,-37.7877854,144.9723784
Carlton North,cafe,Galeri Coffee & Art,-37.7716533,144.9718117
Carlton North,cafe,Acoffee,-37.7982359,144.9856593
Carlton North,cafe,Industry Beans,-37.7947657,144.9781415
Carlton North,cafe,Ima Project Cafe,-37.7975076,144.9692056
Carlton North,cafe,New Age Cafe,-37.7711425,144.959079
Carlton North,cafe,House of Cards,-37.7990871,144.9626296
Carlton North,cafe,Cafe No. 8,-37.778867,144.9708297
Carlton North,cafe,1864 Café,-37.7838156,144.9609303
Carlton North,cafe,Castro's Kiosk,-37.7971552,144.9634807
Carlton North,cafe,Nico's Sandwich Deli,-37.7968781,144.9790148
Carlton North,cafe,Little Mylk Bar - Tasty Vegan Streetfood,-37.7970471,144.9617171
Carlton North,cafe,Tokyo Lamington,-37.79679,144.96552
Carlton North,cafe,Brew Zen Space,-37.7721038,144.9614142
Carlton North,cafe,Clinker,-37.7737765,144.961477
Carlton North,cafe,Brunetti,-37.7754764,144.966403
Carlton North,cafe,The Heart of Carlton,-37.797375,144.968215
Carlton North,cafe,Chatime,-37.7757547,144.9608035
Carlton North,cafe,Core Roasters,-37.7780849,144.9771821
Carlton North,cafe,Catalogue,-37.7776302,144.970984
Carlton North,cafe,North,-37.7880896,144.9719341
Carlton North,cafe,The Fat Spatula,-37.7904549,144.9714973
Carlton North,cafe,All Day Tre,-37.7905439,144.9714987
Carlton North,cafe,Florian,-37.7906764,144.9714816
Carlton North,cafe,Nijuusan,-37.7987159,144.9663339
Carlton North,cafe,Mary Miller,-37.7769405,144.9870221
Carlton North,cafe,Mile End Bagels,-37.7982291,144.9754792
Carlton North,cafe,University Cafe,-37.7994488,144.9668738
Carlton North,cafe,Lygon Food Store,-37.7991983,144.9669393
Carlton North,cafe,Coffee With Benefeats,-37.7990459,144.9669225
Carlton North,cafe,Deli Danois,-37.7821306,144.9774473
Carlton North,cafe,K&K Fitzroy,-37.7968436,144.975374
Carlton North,gym,Australian Strength Performance,-37.7761724,144.9716363
Carlton North,gym,CorePlus,-37.7842202,144.9775739
Carlton North,gym,Das Studio Pilates,-37.7987,144.984084
Carlton North,gym,"By Design, Mind & Body",-37.7980493,144.9772092
Carlton North,gym,Fitness 24 Hours,-37.798069,144.979249
Carlton North,gym,F45 Training,-37.7956214,144.9754325
Carlton North,gym,Doherty's Gym Brunswick,-37.7750366,144.9646206
Carlton North,gym,Gym Retro,-37.7699469,144.9714274
Carlton North,gym,Universal Practice,-37.7985033,144.9790573
Carlton North,gym,Simhanada Ashtanga Yoga School,-37.7977128,144.9874572
Carlton North,gym,Snap Fitness,-37.7765593,144.9606792
Carlton North,gym,Integrated Bodywork Pilates + Massage,-37.7794311,144.9780445
Carlton North,gym,Project Better,-37.7955789,144.9850385
Carlton North,gym,UBX Training,-37.7700442,144.9721485
Carlton North,gym,L9 Fitness & Skills,-37.7843116,144.9775575
Carlton North,gym,CrossFit,-37.7697718,144.9807553
Carlton North,gym,Body Fit Training,-37.7939105,144.9790529
Carlton North,gym,Eve,-37.7731497,144.9609501
Carlton North,gym,QuickFit,-37.7786534,144.9708621
Carlton North,gym,Unnamed gym,-37.7960767,144.9605646
Carlton North,gym,Bodhi & Ride,-37.7738483,144.9625725
Carlton North,gym,Carlton Fitness,-37.7839711,144.9772124
Carlton North,gym,Pilates Republic,-37.774706,144.9621779
Carlton North,gym,Good Times Pilates,-37.7740219,144.9610962
Carlton North,gym,Cheeks Pilates,-37.7764692,144.9711349
Carlton North,gym,Anytime Fitness,-37.7781676,144.9775984
Carlton North,gym,GoodLife Health Clubs,-37.7978625,144.9762903
Carlton North,library,"Bargoonga Nganjin, North Fitzroy Library",-37.7847456,144.9828628
Carlton North,library,Dalton McCaughey Library,-37.7929792,144.9617348
Carlton North,library,1 John Street Little Library,-37.7769637,144.9758697
Carlton North,library,"Architecture, Building & Planning Library",-37.7973892,144.9629108
Carlton North,library,Rowden White Library (Levels 2 & 3),-37.7986236,144.963595
Carlton North,library,Baillieu Library,-37.7983678,144.9593474
Carlton North,library,Eastern Resource Centre Library (Building 171),-37.7993637,144.9628202
Carlton North,library,Brunswick Library,-37.7717646,144.9606654
Carlton North,library,Carlton Library,-37.7894553,144.9715865
Strathmore,supermarket,Foodworks,-37.7304013,144.9278959
Strathmore,supermarket,IGA,-37.7191287,144.9071953
Strathmore,supermarket,IGA,-37.7441591,144.9085712
Strathmore,supermarket,Coles,-37.7437412,144.9106915
Strathmore,cafe,Unnamed cafe,-37.7191736,144.9073237
Strathmore,cafe,Hey Jude's,-37.7421671,144.9045718
Strathmore,cafe,Plank Espresso,-37.7303194,144.9285688
Strathmore,cafe,Parisian Baker,-37.744175,144.90915
Strathmore,cafe,Francis Winifred Cafe And Store,-37.7186308,144.9129151
Strathmore,cafe,Ferrovia,-37.7299572,144.9283996
Strathmore,cafe,My Goodness Treats,-37.7469372,144.9208871
Strathmore,cafe,The Little Cardboard Cafe,-37.743798,144.9282766
Strathmore,cafe,Unnamed cafe,-37.7302434,144.9242605
Strathmore,cafe,Marlen's Warehouse,-37.7438892,144.928426
Strathmore,gym,Hybrid Strength Studio,-37.7303474,144.9275016
Blackburn South,supermarket,Coles,-37.8535375,145.1487011
Blackburn South,supermarket,ALDI,-37.853724,145.1510417
Blackburn South,supermarket,Woolworths,-37.8489987,145.1339749
Blackburn South,supermarket,Hu Hui Supermarket,-37.8494493,145.1340355
Blackburn South,supermarket,Woolworths,-37.8527844,145.1344072
Blackburn South,supermarket,Woolworths,-37.8312489,145.1473581
Blackburn South,cafe,Peach Orchard Grove,-37.8435149,145.150126
Blackburn South,cafe,Unnamed cafe,-37.8532834,145.1494725
Blackburn South,cafe,Barkery Cafe - RSPCA,-37.8516652,145.1341905
Blackburn South,cafe,Gotcha Fresh Tea,-37.8491448,145.1342583
Blackburn South,cafe,Norwood Cafe,-37.8496081,145.1343507
Blackburn South,cafe,Acre Eatery,-37.8489503,145.134568
Fitzroy North,supermarket,Foodworks,-37.7889872,144.9760904
Fitzroy North,supermarket,McCoppins Food & Wine,-37.7888604,144.9895506
Fitzroy North,supermarket,Casa Iberica,-37.7979262,144.9759075
Fitzroy North,supermarket,IGA X-press,-37.7686793,144.97235
Fitzroy North,supermarket,TT Mart,-37.7788898,144.9781392
Fitzroy North,supermarket,Woolworths Metro,-37.7888884,144.9910691
Fitzroy North,supermarket,Frootz on Parade,-37.789079,144.989017
Fitzroy North,supermarket,IGA,-37.7717526,144.9986811
Fitzroy North,supermarket,Cheaper Buy Miles,-37.798272,144.9791079
Fitzroy North,supermarket,Fitzroy IGA,-37.794231,144.9793382
Fitzroy North,supermarket,IGA,-37.7787245,144.9764299
Fitzroy North,supermarket,Carlton Supermarket,-37.7926419,144.9692514
Fitzroy North,supermarket,Coles,-37.7721229,144.9784681
Fitzroy North,supermarket,Coles,-37.7978511,144.9779798
Fitzroy North,supermarket,Piedimonte's Supa IGA plus Liquor,-37.7834993,144.982928
Fitzroy North,supermarket,Terra Madre,-37.7796091,144.9966435
Fitzroy North,supermarket,Woolworths Metro Smith Street,-37.7978744,144.9841966
Fitzroy North,cafe,Rubber Duck Cafe,-37.789085,144.990631
Fitzroy North,cafe,Mitte,-37.7857013,144.9892465
Fitzroy North,cafe,Sir Charles,-37.7982584,144.9789257
Fitzroy North,cafe,Min Lokal,-37.796901,144.982356
Fitzroy North,cafe,Houndstooth,-37.7982227,144.976029
Fitzroy North,cafe,Marios,-37.7979694,144.9783876
Fitzroy North,cafe,Uncle & Jak,-37.798217,144.9758
Fitzroy North,cafe,Picnic,-37.7848639,144.9823189
Fitzroy North,cafe,Launder It,-37.7761083,144.9972528
Fitzroy North,cafe,Mixed Business,-37.7854502,144.9943692
Fitzroy North,cafe,The Old Bikeshop Cafe,-37.7750446,144.9709954
Fitzroy North,cafe,Penny Farthing Espresso,-37.7741967,144.998167
Fitzroy North,cafe,Four Beans,-37.7828728,144.9967212
Fitzroy North,cafe,Cibi Cafe (Dine In),-37.7970912,144.9858952
Fitzroy North,cafe,Sugardough,-37.7730805,144.9713047
Fitzroy North,cafe,Tinpot Cafe,-37.7834518,144.9838712
Fitzroy North,cafe,Greensleeves Coffee House,-37.7832356,144.9821608
Fitzroy North,cafe,Standing Room,-37.7847866,144.9823865
Fitzroy North,cafe,Pillar of Pepper,-37.7846457,144.98252
Fitzroy North,cafe,Everyday Coffee,-37.7982461,144.9858872
Fitzroy North,cafe,Growers Espresso,-37.779903,144.986937
Fitzroy North,cafe,Breakfast Thieves,-37.79636,144.983649
Fitzroy North,cafe,Cliftons Cafe,-37.7886755,144.9900011
Fitzroy North,cafe,Pavlov's Duck,-37.7964633,144.9845425
Fitzroy North,cafe,Uncle Drew Cafe,-37.7942352,144.9981404
Fitzroy North,cafe,Cavallini,-37.7880728,144.9914462
Fitzroy North,cafe,Bean Around Bakery-Café,-37.7881146,144.9913458
Fitzroy North,cafe,Dench Cafe,-37.7830635,144.9826302
Fitzroy North,cafe,District 35,-37.779923,144.9773463
Fitzroy North,cafe,Curly Joe's drive-thru coffee,-37.7759511,144.9789669
Fitzroy North,cafe,Sleepy's Cafe and Wine Bar,-37.7808966,144.9777786
Fitzroy North,cafe,Napier Quarter,-37.7968656,144.9808288
Fitzroy North,cafe,Citrus,-37.7832134,144.9841088
Fitzroy North,cafe,Barry,-37.7801923,144.9966978
Fitzroy North,cafe,The Herbert Café,-37.7692631,144.9961418
Fitzroy North,cafe,Maillard Toast and Espresso Bar,-37.7796732,144.9867595
Fitzroy North,cafe,Unnamed cafe,-37.7945918,144.9788489
Fitzroy North,cafe,Beeter Swit,-37.795159,144.9791681
Fitzroy North,cafe,Campos,-37.7971996,144.9697182
Fitzroy North,cafe,The Fitz,-37.7967671,144.9786367
Fitzroy North,cafe,La Latteria,-37.797415,144.97114
Fitzroy North,cafe,Unnamed cafe,-37.7946063,144.9793332
Fitzroy North,cafe,Dirty Apron,-37.790641,144.997134
Fitzroy North,cafe,Hap,-37.7886588,144.9718262
Fitzroy North,cafe,The Belljar,-37.7916738,144.9856759
Fitzroy North,cafe,Toledo Brunswick,-37.7699499,144.9715392
Fitzroy North,cafe,Double Dutch Coffee Bar,-37.7708597,144.97166
Fitzroy North,cafe,Joan Specialty Coffee,-37.7704851,144.9763398
Fitzroy North,cafe,Lucy Lockett,-37.7772529,144.969629
Fitzroy North,cafe,Code 21,-37.7786686,144.9761618
Fitzroy North,cafe,Little Local,-37.7716643,144.9983866
Fitzroy North,cafe,Stop 122,-37.7723711,144.9716862
Fitzroy North,cafe,Vincent the Dog,-37.7977605,144.9691421
Fitzroy North,cafe,Bossa Nova,-37.7971894,144.969434
Fitzroy North,cafe,Carolina,-37.7794735,144.9780372
Fitzroy North,cafe,Two:Bob,-37.7891908,144.9885873
Fitzroy North,cafe,Take Two,-37.7753182,144.9709527
Fitzroy North,cafe,Bellboy Cafe,-37.7722836,144.9791799
Fitzroy North,cafe,Taiyo Sun,-37.7782676,144.9883515
Fitzroy North,cafe,Coffee + Office,-37.7965615,144.9848355
Fitzroy North,cafe,Blonde Food and Drink,-37.7937584,144.9790683
Fitzroy North,cafe,North Island,-37.7830686,144.9826782
Fitzroy North,cafe,Piccante Cafe,-37.7840077,144.9833889
Fitzroy North,cafe,Spazio Paradiso,-37.782812,144.9774271
Fitzroy North,cafe,Fledgling Espresso,-37.7877854,144.9723784
Fitzroy North,cafe,Hermitz & Co,-37.7692152,144.9719832
Fitzroy North,cafe,Galeri Coffee & Art,-37.7716533,144.9718117
Fitzroy North,cafe,Acoffee,-37.7982359,144.9856593
Fitzroy North,cafe,Industry Beans,-37.7947657,144.9781415
Fitzroy North,cafe,Ima Project Cafe,-37.7975076,144.9692056
Fitzroy North,cafe,Cafe No. 8,-37.778867,144.9708297
Fitzroy North,cafe,Nico's Sandwich Deli,-37.7968781,144.9790148
Fitzroy North,cafe,Top of the Hill,-37.7741613,144.998174
Fitzroy North,cafe,Cuppa Turca,-37.7725662,144.9985034
Fitzroy North,cafe,Tinker,-37.7734181,144.998036
Fitzroy North,cafe,Core Roasters,-37.7780849,144.9771821
Fitzroy North,cafe,Catalogue,-37.7776302,144.970984
Fitzroy North,cafe,North,-37.7880896,144.9719341
Fitzroy North,cafe,The Fat Spatula,-37.7904549,144.9714973
Fitzroy North,cafe,All Day Tre,-37.7905439,144.9714987
Fitzroy North,cafe,Florian,-37.7906764,144.9714816
Fitzroy North,cafe,Mary Miller,-37.7769405,144.9870221
Fitzroy North,cafe,Mile End Bagels,-37.7982291,144.9754792
Fitzroy North,cafe,Deli Danois,-37.7821306,144.9774473
Fitzroy North,cafe,K&K Fitzroy,-37.7968436,144.975374
Fitzroy North,gym,Australian Strength Performance,-37.7761724,144.9716363
Fitzroy North,gym,CorePlus,-37.7842202,144.9775739
Fitzroy North,gym,Clifton Hill Yoga Studio,-37.7892468,144.9902274
Fitzroy North,gym,"By Design, Mind & Body",-37.7980493,144.9772092
Fitzroy North,gym,Fitness 24 Hours,-37.798069,144.979249
Fitzroy North,gym,Clifton Hill Pilates & Rehab,-37.7895239,144.9895559
Fitzroy North,gym,F45 Training,-37.7956214,144.9754325
Fitzroy North,gym,Gym Retro,-37.7699469,144.9714274
Fitzroy North,gym,Armature Strength,-37.7683332,144.9730902
Fitzroy North,gym,Simhanada Ashtanga Yoga School,-37.7977128,144.9874572
Fitzroy North,gym,Integrated Bodywork Pilates + Massage,-37.7794311,144.9780445
Fitzroy North,gym,Project Better,-37.7955789,144.9850385
Fitzroy North,gym,UBX Training,-37.7700442,144.9721485
Fitzroy North,gym,L9 Fitness & Skills,-37.7843116,144.9775575
Fitzroy North,gym,CrossFit,-37.7697718,144.9807553
Fitzroy North,gym,Body Fit Training,-37.7939105,144.9790529
Fitzroy North,gym,Fitness XO,-37.780241,144.9969837
Fitzroy North,gym,QuickFit,-37.7786534,144.9708621
Fitzroy North,gym,Carlton Fitness,-37.7839711,144.9772124
Fitzroy North,gym,Cheeks Pilates,-37.7764692,144.9711349
Fitzroy North,gym,Anytime Fitness,-37.7781676,144.9775984
Fitzroy North,gym,GoodLife Health Clubs,-37.7978625,144.9762903
Fitzroy North,library,Collingwood Toy Library,-37.7973804,144.9958633
Fitzroy North,library,"Bargoonga Nganjin, North Fitzroy Library",-37.7847456,144.9828628
Fitzroy North,library,1 John Street Little Library,-37.7769637,144.9758697
Fitzroy North,library,Carlton Library,-37.7894553,144.9715865
Laverton,supermarket,Coles,-37.8732777,144.7759322
Laverton,supermarket,Aldi,-37.8718502,144.7751035
Laverton,supermarket,Foodworks,-37.8528305,144.7754259
Laverton,supermarket,Spicelines,-37.8672665,144.7610077
Laverton,supermarket,IGA,-37.8677134,144.7612869
Laverton,cafe,Kyla's Cafe,-37.8675478,144.7614475
Laverton,cafe,Cheeky Chewies Cafe,-37.8679343,144.7612226
Laverton,library,Altona Meadows Library,-37.873582,144.7748212
Doveton,supermarket,Unnamed supermarket,-37.985339,145.2392158
Doveton,library,Unnamed library,-37.9947962,145.2384536
Surrey Hills,supermarket,Foodworks,-37.8204789,145.1052753
Surrey Hills,supermarket,Woolworths,-37.812641,145.0831702
Surrey Hills,supermarket,Coles Local,-37.8241567,145.0972292
Surrey Hills,cafe,Cafe Papillon,-37.8355851,145.0934847
Surrey Hills,cafe,Sips and Stories,-37.8247987,145.0976162
Surrey Hills,cafe,Mr Hendricks,-37.8133593,145.0866325
Surrey Hills,cafe,Thanks a Latte,-37.813272,145.0839235
Surrey Hills,cafe,Laurent Boulangerie Patisserie,-37.8132739,145.0837698
Surrey Hills,cafe,Unnamed cafe,-37.8191497,145.0888784
Surrey Hills,cafe,Hill Top Cakes ,-37.8148347,145.0988548
Surrey Hills,cafe,Unnamed cafe,-37.8378012,145.1112566
Surrey Hills,cafe,Tea House Cafe,-37.8387716,145.1051074
Surrey Hills,cafe,Hamilton's,-37.8200413,145.1051118
Surrey Hills,cafe,Churchill Cafe,-37.820118,145.1050961
Surrey Hills,cafe,Mason Lane Cafe,-37.8211219,145.1051368
Surrey Hills,cafe,The Boulevard Food Store,-37.8209127,145.1047763
Surrey Hills,cafe,Mister and Miss,-37.8156349,145.1058057
Surrey Hills,cafe,Balwyn Espresso,-37.8129796,145.0837066
Surrey Hills,cafe,Reunion Cafe Dining,-37.8231909,145.0975739
Surrey Hills,cafe,The Steam Coffee Company,-37.8238421,145.0978568
Surrey Hills,cafe,Chit Chat,-37.823438,145.0979535
Surrey Hills,cafe,Zimt,-37.8227863,145.0980296
Surrey Hills,cafe,Anne's Pantry,-37.8236413,145.0978958
Surrey Hills,gym,Balwyn Yoga Centre,-37.8149841,145.0980338
Surrey Hills,gym,Anytime Fitness,-37.8134519,145.0842055
Surrey Hills,gym,Alta Fitness,-37.8210105,145.1051649
Surrey Hills,library,Balwyn Library,-37.8136405,145.085512
Oak Park,supermarket,Foodworks,-37.7304013,144.9278959
Oak Park,supermarket,IGA,-37.7191287,144.9071953
Oak Park,supermarket,Coles,-37.7052592,144.9167752
Oak Park,supermarket,IGA,-37.7071083,144.9186123
Oak Park,supermarket,Coles,-37.7052372,144.9167744
Oak Park,cafe,No. 87,-37.717866,144.9227746
Oak Park,cafe,Unnamed cafe,-37.7191736,144.9073237
Oak Park,cafe,Plank Espresso,-37.7303194,144.9285688
Oak Park,cafe,Francis Winifred Cafe And Store,-37.7186308,144.9129151
Oak Park,cafe,Ferrovia,-37.7299572,144.9283996
Oak Park,cafe,Chestnut Grove,-37.7177576,144.9219952
Oak Park,cafe,Unnamed cafe,-37.7302434,144.9242605
Oak Park,gym,Hybrid Strength Studio,-37.7303474,144.9275016
Oak Park,library,Glenroy Library,-37.7081237,144.9234364
Reservoir,supermarket,IGA,-37.7160681,145.0051747
Reservoir,supermarket,Paradise Food City,-37.7170098,145.0111349
Reservoir,supermarket,Unnamed supermarket,-37.7171493,145.009976
Reservoir,supermarket,Unnamed supermarket,-37.7171224,145.0096656
Reservoir,supermarket,Unnamed supermarket,-37.7170874,145.0094464
Reservoir,supermarket,Seven Days Food Store,-37.6997006,144.996714
Reservoir,supermarket,Coles,-37.7145205,145.0073117
Reservoir,cafe,The Window Cnr Cafe,-37.7239899,145.0154676
Reservoir,cafe,Lady Bower,-37.7168228,145.0104867
Reservoir,cafe,Northside Cafe,-37.7171498,145.0101509
Reservoir,cafe,Gellibrand,-37.7038579,145.006941
Reservoir,cafe,Red Spoon Cafe,-37.7086844,144.997602
Reservoir,cafe,3 Cheers Cafe,-37.7161604,145.0063124
Reservoir,cafe,Clayton & Me,-37.7160964,145.0057549
Reservoir,cafe,Unnamed cafe,-37.6997251,144.9964843
Reservoir,cafe,Felix Culpa,-37.7170568,145.0117843
Reservoir,gym,Curves,-37.7171699,145.0100282
Reservoir,gym,Bodyfit Training,-37.7159761,145.0041474
Reservoir,gym,24/7 Xercise Gym,-37.7159676,145.0039848
Reservoir,gym,Anytime Fitness,-37.7170477,145.0086332
Reservoir,gym,Preston Cycling Club,-37.7165228,145.0177084
Reservoir,library,Reservoir Public Library and Community Centre,-37.7165012,145.0057162
Drumcondra,supermarket,Woolworths,-38.1370122,144.3477524
Drumcondra,supermarket,The Source Bulk Foods,-38.1420781,144.3482659
Drumcondra,cafe,Panache,-38.1447185,144.3630988
Drumcondra,cafe,Cafe Bear & Scoobs,-38.1243933,144.3417558
Drumcondra,cafe,Darling West Cafe,-38.1439631,144.3478745
Drumcondra,cafe,Fleur Wolves Cafe & Flowers,-38.1449794,144.3614401
Drumcondra,cafe,Unnamed cafe,-38.1447263,144.3550663
Drumcondra,cafe,Jetty Road Brewery,-38.1450911,144.3649616
Drumcondra,cafe,"Bean Squeeze, Drive through coffee",-38.1446897,144.3572544
Drumcondra,cafe,Koffie Haus,-38.1434454,144.359087
Drumcondra,cafe,Two Sugars,-38.1401427,144.3487159
Drumcondra,cafe,Sodi,-38.1404702,144.3481206
Drumcondra,cafe,The Village Door,-38.1405333,144.3486929
Drumcondra,cafe,Box Office,-38.1400683,144.3489936
Drumcondra,cafe,Panache,-38.1419305,144.3483102
Drumcondra,cafe,King of the Castle,-38.1339381,144.3500955
Drumcondra,cafe,Eddy and Wills,-38.1306655,144.3397533
Drumcondra,cafe,Bean & Base,-38.1235564,144.3531081
Drumcondra,cafe,Food Boutique,-38.1229128,144.3532483
Drumcondra,cafe,7 Origins,-38.142005,144.3482804
Drumcondra,cafe,At Randy's,-38.1420208,144.3477488
Drumcondra,cafe,63 Degrees,-38.1397712,144.3487824
Drumcondra,cafe,Pako Bakery Cafe,-38.1395892,144.3483097
Drumcondra,cafe,Taste Jamaica,-38.1385196,144.3490779
Drumcondra,cafe,Lil Pako,-38.1383916,144.3489533
Drumcondra,cafe,The Base,-38.1426003,144.3557814
Drumcondra,cafe,Poco,-38.1385114,144.3485973
Drumcondra,cafe,Rosco's Social Club,-38.1425382,144.3475872
Drumcondra,gym,KX Pilates,-38.1414226,144.3485285
Drumcondra,gym,Wonder Yoga,-38.1353042,144.349143
Drumcondra,gym,Waterfront Health Studio,-38.144304,144.3616891
Drumcondra,gym,Jetts Fitness,-38.1356645,144.3490187
Drumcondra,gym,Body Fit Training,-38.1437867,144.3523928
Drumcondra,gym,Krav Maga Global,-38.1424811,144.3557456
Drumcondra,gym,Fit For Living,-38.1398449,144.3553352
Drumcondra,gym,Power Fitness,-38.1342023,144.3406847
Drumcondra,gym,Geelong Sports Medicine Centre,-38.1304973,144.3429903
Drumcondra,library,Geelong West Library,-38.1411124,144.3479345
McKinnon,supermarket,IGA,-37.9036986,145.0407706
McKinnon,supermarket,Woolworths,-37.9195218,145.0421121
McKinnon,supermarket,Bentleigh Supermarket,-37.917629,145.0342877
McKinnon,supermarket,Coles,-37.9175523,145.0385071
McKinnon,supermarket,Aldi,-37.9175958,145.0340515
McKinnon,cafe,Platform One,-37.90383,145.040483
McKinnon,cafe,Gauge Espresso,-37.9035503,145.0399814
McKinnon,cafe,Largo Cafe,-37.9078766,145.0247858
McKinnon,cafe,Mr Brightside,-37.8965855,145.0360134
McKinnon,cafe,Caffe Crema,-37.9253736,145.0345257
McKinnon,cafe,Tax Agent Espresso,-37.9254125,145.0350942
McKinnon,gym,EKK 24/7 Gym,-37.9040797,145.0392589
McKinnon,gym,EKK Pilates,-37.904125,145.0390545
McKinnon,library,Bentleigh Library,-37.9195196,145.040771
Bentleigh,supermarket,IGA,-37.9036986,145.0407706
Bentleigh,supermarket,Woolworths,-37.9195218,145.0421121
Bentleigh,supermarket,Bentleigh Supermarket,-37.917629,145.0342877
Bentleigh,supermarket,Coles,-37.9175523,145.0385071
Bentleigh,supermarket,Aldi,-37.9175958,145.0340515
Bentleigh,cafe,Platform One,-37.90383,145.040483
Bentleigh,cafe,Gauge Espresso,-37.9035503,145.0399814
Bentleigh,cafe,Caffe Crema,-37.9253736,145.0345257
Bentleigh,cafe,Tax Agent Espresso,-37.9254125,145.0350942
Bentleigh,gym,Jetts Fitness,-37.9208292,145.0555541
Bentleigh,gym,Duke's,-37.933273,145.0341419
Bentleigh,gym,EKK 24/7 Gym,-37.9040797,145.0392589
Bentleigh,gym,EKK Pilates,-37.904125,145.0390545
Bentleigh,library,Bentleigh Library,-37.9195196,145.040771
Kingsbury,supermarket,Foodworks,-37.7138737,145.0345145
Kingsbury,supermarket,Woolworths,-37.7128214,145.0475954
Kingsbury,supermarket,ALDI,-37.724802,145.0289822
Kingsbury,supermarket,Coles,-37.7254998,145.0281053
Kingsbury,supermarket,Agora IGA Xpress,-37.7206367,145.0487718
Kingsbury,cafe,Unnamed cafe,-37.7210539,145.0485492
Kingsbury,cafe,Cafe Moat,-37.7229504,145.0498061
Kingsbury,cafe,Charlie's,-37.7209897,145.0485938
Kingsbury,cafe,Caffeine,-37.72099,145.048502
Kingsbury,cafe,Writer's Block,-37.720436,145.048555
Kingsbury,cafe,Gloria Jean's,-37.7130591,145.0476688
Kingsbury,cafe,Vorea,-37.7122869,145.0477419
Kingsbury,cafe,Agoraphobic Cafe,-37.7193667,145.0455587
Kingsbury,cafe,Bachelor of Coffee,-37.7209903,145.0486712
Kingsbury,cafe,Fuel Juice & Soup Bar,-37.7209061,145.0480378
Kingsbury,cafe,Grafali's Coffee Roasters,-37.7207583,145.0480409
Kingsbury,cafe,House of Cards,-37.7206614,145.0469893
Kingsbury,cafe,Farm Cafe,-37.7067394,145.0440896
Kingsbury,library,Borchardt Library,-37.7199848,145.048417
Kingsbury,library,Book return chutes,-37.7204127,145.0480935
Donnybrook,supermarket,Woolworths,-37.5347438,144.960541
Briar Hill,supermarket,Natural Food Market,-37.7165059,145.1209881
Briar Hill,supermarket,Foodworks,-37.7159148,145.1211658
Briar Hill,cafe,Clay Oven,-37.6980419,145.116462
Briar Hill,cafe,Stones Throw,-37.7173476,145.1209025
Briar Hill,cafe,Modern Fusion,-37.7171098,145.1212943
Briar Hill,cafe,Were Street Food Store,-37.7166013,145.1213346
Briar Hill,cafe,Espresso 3094,-37.7161153,145.1214058
Briar Hill,cafe,Oregon Xpress,-37.6988702,145.1310127
Briar Hill,gym,BdyX,-37.7171865,145.1208807
Briar Hill,gym,The Happy Loft,-37.7170175,145.120896
Briar Hill,gym,Powerhouse Strength & Conditioning,-37.7169248,145.1207874
Mont Albert North,supermarket,Coles,-37.8038542,145.1021788
Mont Albert North,supermarket,No 1 Asian Supermarket,-37.7883844,145.1181299
Mont Albert North,cafe,Amity Cafe,-37.803656,145.1024041
Mont Albert North,cafe,Hill Top Cakes ,-37.8148347,145.0988548
Mont Albert North,cafe,Degani Bakery Cafe,-37.8038539,145.101353
Mont Albert North,cafe,Nelson,-37.8161413,145.1197253
Mont Albert North,cafe,The Penny Drop,-37.8175676,145.1221178
Mont Albert North,cafe,Cafe Saporo,-37.8177264,145.1160031
Mont Albert North,cafe,Petite By Matilda,-37.8087732,145.1080958
Mont Albert North,cafe,Mister and Miss,-37.8156349,145.1058057
Mont Albert North,cafe,Mary’s Paddock,-37.8146397,145.1194042
Mont Albert North,cafe,Matilda,-37.8088802,145.1083575
Mont Albert North,gym,Balwyn Yoga Centre,-37.8149841,145.0980338
Mont Albert North,gym,Healthways Recreation Centre,-37.8086387,145.1083521
Altona Meadows,supermarket,Coles,-37.8732777,144.7759322
Altona Meadows,supermarket,Aldi,-37.8718502,144.7751035
Altona Meadows,library,Altona Meadows Library,-37.873582,144.7748212
Mulgrave,supermarket,IGA,-37.9232123,145.166114
Mulgrave,supermarket,Savemore,-37.9409631,145.1660729
Mulgrave,cafe,Country Cob,-37.9345522,145.1589222
Mulgrave,cafe,Podium Cafe,-37.9196083,145.1594642
Mulgrave,cafe,Tailor Made Coffee,-37.9349163,145.1687433
Craigieburn,supermarket,Coles,-37.5923694,144.9150075
Craigieburn,supermarket,Woolworths,-37.5941929,144.914809
Craigieburn,supermarket,Aldi,-37.5946365,144.9143905
Craigieburn,cafe,Waterside Cafe,-37.5917427,144.9046373
Craigieburn,cafe,Lago Fino,-37.5836049,144.9194203
Craigieburn,cafe,The Coffee Club,-37.59344,144.9137548
Craigieburn,library,Craigieburn Library,-37.59044,144.9098357
Craigieburn,library,Unnamed library,-37.5904829,144.9096451
Ormond,supermarket,IGA,-37.9036986,145.0407706
Ormond,supermarket,India at home,-37.889776,145.0442041
Ormond,supermarket,Pura Milk,-37.901546,145.054541
Ormond,supermarket,Bentleigh Supermarket,-37.917629,145.0342877
Ormond,supermarket,Woolworths,-37.8889215,145.0410268
Ormond,supermarket,Coles,-37.9175523,145.0385071
Ormond,supermarket,Aldi,-37.9175958,145.0340515
Ormond,cafe,Platform One,-37.90383,145.040483
Ormond,cafe,Gauge Espresso,-37.9035503,145.0399814
Ormond,cafe,St. Zita’s,-37.8893812,145.0428478
Ormond,cafe,Momo Ghar,-37.8896383,145.0429578
Ormond,cafe,Left Field,-37.9016316,145.0548836
Ormond,cafe,Whyte Cafe,-37.8893911,145.0409564
Ormond,cafe,Quality Cafe,-37.8893673,145.0407525
Ormond,cafe,Mr Brightside,-37.8965855,145.0360134
Ormond,cafe,The Servery,-37.8900908,145.0426445
Ormond,cafe,Remnscnt Cafe,-37.8898198,145.0442613
Ormond,cafe,Workshop Glenhuntly,-37.8894803,145.0417852
Ormond,gym,Anytime Fitness,-37.8896055,145.04495
Ormond,gym,Caulfield Judo Club,-37.8892258,145.0418062
Ormond,gym,EKK 24/7 Gym,-37.9040797,145.0392589
Ormond,gym,EKK Pilates,-37.904125,145.0390545
Narre Warren South,supermarket,Coles,-38.0686164,145.3007558
Narre Warren South,supermarket,Woolworths,-38.0664709,145.3009876
Narre Warren South,supermarket,ALDI,-38.0677336,145.3005853
Narre Warren South,cafe,Unnamed cafe,-38.066613,145.3005516
Narre Warren South,cafe,George's on the Avenue,-38.0572702,145.3147263
Forest Hill,supermarket,Coles,-37.83496,145.1643348
Forest Hill,supermarket,Woolworths,-37.8358294,145.1644531
Forest Hill,supermarket,KFL Supermarkets,-37.8343706,145.1720266
Forest Hill,supermarket,Woolworths,-37.8374684,145.1844001
Forest Hill,cafe,Unnamed cafe,-37.8413062,145.1719015
Forest Hill,cafe,The Coffee Club,-37.836053,145.1650739
Forest Hill,cafe,Miss Lucy,-37.824236,145.1664199
Forest Hill,cafe,The Jolimont,-37.8438026,145.1804487
Avondale Heights,supermarket,ALDI,-37.7497051,144.8605537
Avondale Heights,supermarket,Woolworths,-37.7502451,144.8609684
Avondale Heights,supermarket,Coles,-37.7674337,144.863378
Avondale Heights,cafe,Particle,-37.7685938,144.8644829
Avondale Heights,cafe,Cannoli Bar,-37.7557276,144.8658708
Avondale Heights,cafe,Stateline Melbourne,-37.7678591,144.8638638
Avondale Heights,cafe,Cornerstone Espresso,-37.7705037,144.8658433
Avondale Heights,gym,Berard Judo Academy,-37.7549343,144.8578032
Avondale Heights,library,Avondale Heights Library and Learning Centre,-37.765519,144.8630511
Maribyrnong,supermarket,Woolworths,-37.7732859,144.8896964
Maribyrnong,supermarket,Boundy's Supa IGA,-37.754983,144.8971477
Maribyrnong,supermarket,Coles,-37.7752157,144.8866386
Maribyrnong,supermarket,ALDI,-37.7842775,144.8922627
Maribyrnong,cafe,middle child,-37.7703158,144.9021958
Maribyrnong,cafe,North & Eight,-37.7554221,144.9021397
Maribyrnong,cafe,Latin Foods & Wines,-37.7787989,144.8764727
Maribyrnong,cafe,Pro Shop,-37.7768319,144.900867
Maribyrnong,cafe,The Boathouse,-37.7680672,144.9027808
Maribyrnong,cafe,Calmer Cafe,-37.7549094,144.8963963
Maribyrnong,gym,ReCreation,-37.7555156,144.90246
Maribyrnong,library,Little library,-37.7644597,144.8930959
Maribyrnong,library,Highpoint Library,-37.7733628,144.8863975
Kangaroo Ground,cafe,Kangaroo Ground General Store,-37.6914903,145.2159817
Watsonia North,supermarket,Coles,-37.682907,145.0704091
Watsonia North,supermarket,Foodworks,-37.7011658,145.0720957
Watsonia North,supermarket,Andres SUPA IGA,-37.709047,145.0825705
Watsonia North,supermarket,Woolworths,-37.7048039,145.1000868
Watsonia North,cafe,The Locker Room,-37.6827456,145.0734092
Watsonia North,cafe,Syrup,-37.7097805,145.082465
Watsonia North,gym,Gym on Grimshaw,-37.7017508,145.0709745
Watsonia North,library,Watsonia Library,-37.7104001,145.083534
Watsonia North,library,Nash Resouce Centre - Library,-37.6914556,145.0699594
Bellfield,supermarket,ALDI,-37.7487656,145.0407238
Bellfield,supermarket,Heidelberg IGA,-37.7491071,145.0426739
Bellfield,supermarket,Bivihome,-37.7662487,145.0299719
Bellfield,supermarket,Coles,-37.7391583,145.0282899
Bellfield,supermarket,Coles,-37.7681531,145.0418563
Bellfield,supermarket,Woolworths,-37.7383116,145.0284356
Bellfield,cafe,V & B Coffee & Bakery,-37.7492736,145.0426162
Bellfield,cafe,Belchif Snack Bar,-37.748861,145.029842
Bellfield,cafe,Raglan Cafe,-37.751691,145.025486
Bellfield,cafe,Hardware Cafe,-37.74167,145.032379
Bellfield,cafe,Kia Cafe,-37.7437732,145.0330452
Bellfield,cafe,TY Coffee,-37.7498953,145.0425026
Bellfield,cafe,The Foreigner,-37.7664626,145.0445918
Bellfield,cafe,Lip Cafe,-37.7593628,145.0443093
Bellfield,cafe,Artiga Specialty Coffee,-37.7592231,145.0286774
Bellfield,cafe,Tre Fontane,-37.7672369,145.0445173
Bellfield,cafe,Boost Juice,-37.7397187,145.0314101
Bellfield,cafe,Extracted,-37.7669341,145.0443302
Bellfield,cafe,Artiga Specialty Coffee,-37.7592181,145.0287116
Bellfield,cafe,Unnamed cafe,-37.7558195,145.0478111
Bellfield,gym,Melbourne Gym Sports,-37.7669651,145.0287004
Bellfield,library,Ivanhoe Libary,-37.7660627,145.0449974
Heidelberg,supermarket,IGA,-37.74352,145.0646217
Heidelberg,supermarket,Heidelberg Pickles And Pappads,-37.7565602,145.0681732
Heidelberg,supermarket,Leo's Fine Food & Wine,-37.7564568,145.0654972
Heidelberg,supermarket,Coles,-37.7557097,145.0693397
Heidelberg,supermarket,Aldi,-37.7552816,145.0688142
Heidelberg,supermarket,Woolworths,-37.7590857,145.0686273
Heidelberg,cafe,4ever sisters,-37.7429319,145.0646385
Heidelberg,cafe,Tres,-37.7429815,145.0644674
Heidelberg,cafe,Miss Marie,-37.7438296,145.0657375
Heidelberg,cafe,Barklys,-37.7562156,145.0674337
Heidelberg,cafe,Four Leaves Cafe,-37.746125,145.0766203
Heidelberg,cafe,The Pioneer Cafe,-37.7450233,145.0712675
Heidelberg,cafe,Boba Central,-37.7575668,145.0616077
Heidelberg,cafe,Pepper Tree Cafe Restaurant,-37.7557965,145.0636875
Heidelberg,cafe,The Sycamore Tree,-37.7560745,145.0638057
Heidelberg,cafe,Aisle Seventeen,-37.7587648,145.0688624
Heidelberg,cafe,Cafe Scintilla,-37.7563275,145.0657401
Heidelberg,gym,Jetts Fitness,-37.7435677,145.0642111
Heidelberg,gym,Snap Fitness,-37.7563819,145.0691533
Heidelberg,gym,Body Fit Training,-37.7565781,145.0683435
Heidelberg,gym,Anytime Fitness,-37.7561824,145.0644088
Heidelberg,library,Rosanna Library,-37.7429477,145.0669663
Rosanna,supermarket,IGA,-37.74352,145.0646217
Rosanna,supermarket,IGA Xpress,-37.7273378,145.0702893
Rosanna,cafe,4ever sisters,-37.7429319,145.0646385
Rosanna,cafe,Tres,-37.7429815,145.0644674
Rosanna,cafe,Miss Marie,-37.7438296,145.0657375
Rosanna,cafe,Four Leaves Cafe,-37.746125,145.0766203
Rosanna,cafe,The Pioneer Cafe,-37.7450233,145.0712675
Rosanna,cafe,Touchstone Cafe,-37.7276467,145.070219
Rosanna,cafe,Sunnyside,-37.7495048,145.0550162
Rosanna,gym,Jetts Fitness,-37.7435677,145.0642111
Rosanna,library,Rosanna Library,-37.7429477,145.0669663
Heidelberg West,supermarket,ALDI,-37.7487656,145.0407238
Heidelberg West,supermarket,Heidelberg IGA,-37.7491071,145.0426739
Heidelberg West,supermarket,ALDI,-37.724802,145.0289822
Heidelberg West,supermarket,Coles,-37.7391583,145.0282899
Heidelberg West,supermarket,Woolworths,-37.7383116,145.0284356
Heidelberg West,supermarket,Foodworks,-37.7359801,145.0485124
Heidelberg West,cafe,V & B Coffee & Bakery,-37.7492736,145.0426162
Heidelberg West,cafe,Belchif Snack Bar,-37.748861,145.029842
Heidelberg West,cafe,Hardware Cafe,-37.74167,145.032379
Heidelberg West,cafe,Kia Cafe,-37.7437732,145.0330452
Heidelberg West,cafe,TY Coffee,-37.7498953,145.0425026
Heidelberg West,cafe,Boost Juice,-37.7397187,145.0314101
Heidelberg West,cafe,Sunnyside,-37.7495048,145.0550162
Heidelberg Heights,supermarket,IGA,-37.74352,145.0646217
Heidelberg Heights,supermarket,ALDI,-37.7487656,145.0407238
Heidelberg Heights,supermarket,Heidelberg IGA,-37.7491071,145.0426739
Heidelberg Heights,supermarket,Leo's Fine Food & Wine,-37.7564568,145.0654972
Heidelberg Heights,supermarket,Foodworks,-37.7359801,145.0485124
Heidelberg Heights,cafe,4ever sisters,-37.7429319,145.0646385
Heidelberg Heights,cafe,Tres,-37.7429815,145.0644674
Heidelberg Heights,cafe,Miss Marie,-37.7438296,145.0657375
Heidelberg Heights,cafe,V & B Coffee & Bakery,-37.7492736,145.0426162
Heidelberg Heights,cafe,Barklys,-37.7562156,145.0674337
Heidelberg Heights,cafe,TY Coffee,-37.7498953,145.0425026
Heidelberg Heights,cafe,Boba Central,-37.7575668,145.0616077
Heidelberg Heights,cafe,Lip Cafe,-37.7593628,145.0443093
Heidelberg Heights,cafe,Pepper Tree Cafe Restaurant,-37.7557965,145.0636875
Heidelberg Heights,cafe,The Sycamore Tree,-37.7560745,145.0638057
Heidelberg Heights,cafe,Sunnyside,-37.7495048,145.0550162
Heidelberg Heights,cafe,Unnamed cafe,-37.7558195,145.0478111
Heidelberg Heights,cafe,Cafe Scintilla,-37.7563275,145.0657401
Heidelberg Heights,gym,Jetts Fitness,-37.7435677,145.0642111
Heidelberg Heights,gym,Anytime Fitness,-37.7561824,145.0644088
Heidelberg Heights,library,Rosanna Library,-37.7429477,145.0669663
Mambourin,supermarket,Woolworths,-37.8880208,144.6072287
Mambourin,supermarket,ALDI,-37.8873902,144.6071938
Mambourin,library,Wyndham Library Service - Manor Lakes Branch,-37.8760312,144.6051439
Greensborough,supermarket,IGA,-37.7126927,145.0925869
Greensborough,supermarket,Coles,-37.70242,145.1028078
Greensborough,supermarket,IGA,-37.6875728,145.1083326
Greensborough,supermarket,ALDI,-37.7028795,145.1033101
Greensborough,supermarket,Woolworths,-37.7048039,145.1000868
Greensborough,cafe,Caffiend,-37.6877188,145.1080104
Greensborough,cafe,Clay Oven,-37.6980419,145.116462
Greensborough,cafe,Pelligra,-37.7030081,145.1046612
Greensborough,cafe,BLaC Caff,-37.68801,145.1083358
Greensborough,cafe,prelude.,-37.7026345,145.10522
Greensborough,cafe,Ho Ho's Canteen,-37.7034708,145.1038481
Greensborough,cafe,Urban Grooves,-37.7046062,145.1014747
Greensborough,cafe,Mabel Jones,-37.7047225,145.1027104
Greensborough,gym,UBX,-37.7040533,145.1037116
Greensborough,gym,CorePlus,-37.7042934,145.1033323
Greensborough,gym,Equilibrium Health & Fitness,-37.7028071,145.1058144
Greensborough,gym,Anytime Fitness,-37.7035842,145.1036437
Greensborough,gym,Snap Fitness,-37.7046136,145.1012947
Greensborough,gym,Alive Pilates Studio,-37.7032652,145.1052701
Greensborough,library,Diamond Valley Library,-37.68961,145.1083555
Essendon Fields,supermarket,Coles,-37.7272917,144.895358
Essendon Fields,supermarket,Woolworths,-37.7146375,144.887236
Essendon Fields,supermarket,La Manna Supermarket,-37.7262703,144.8937304
Essendon Fields,supermarket,IGA,-37.7191287,144.9071953
Essendon Fields,supermarket,Woolworths,-37.7381316,144.8928873
Essendon Fields,supermarket,Woolworths,-37.7381501,144.8928594
Essendon Fields,cafe,Unnamed cafe,-37.7191736,144.9073237
Essendon Fields,cafe,Two Minutes Turkish,-37.72693,144.8952874
Essendon Fields,cafe,LaManna Cafe,-37.7268472,144.8938799
Essendon Fields,cafe,Mamma Lina's,-37.7390504,144.8966459
Essendon Fields,cafe,Francis Winifred Cafe And Store,-37.7186308,144.9129151
Essendon Fields,cafe,Strudels Cafe,-37.7369137,144.8909864
Essendon Fields,cafe,Bola Bake,-37.7244396,144.8890619
Essendon Fields,gym,Unified Fitness Systems,-37.7238343,144.8887635
Essendon Fields,library,Unnamed library,-37.7361952,144.8889183
Northcote,supermarket,Psarakos Market,-37.7597746,145.0007011
Northcote,supermarket,Coles,-37.7691345,145.0013383
Northcote,supermarket,ALDI,-37.768958,145.000045
Northcote,supermarket,Coles,-37.7673811,145.0017674
Northcote,supermarket,IGA,-37.7717526,144.9986811
Northcote,supermarket,Naturally On High,-37.7597333,145.0002691
Northcote,supermarket,Psarakos Market,-37.759849,145.001043
Northcote,supermarket,Psarakos Market,-37.7600763,145.0010085
Northcote,supermarket,Terra Madre,-37.7796091,144.9966435
Northcote,cafe,Mitte,-37.7857013,144.9892465
Northcote,cafe,Fairfield Boathouse,-37.7851623,145.0136098
Northcote,cafe,Launder It,-37.7761083,144.9972528
Northcote,cafe,Mixed Business,-37.7854502,144.9943692
Northcote,cafe,Spit Jack,-37.7787719,145.0104413
Northcote,cafe,Kaféz,-37.769324,145.000303
Northcote,cafe,Northcote Caffe Espresso,-37.7680454,145.0014452
Northcote,cafe,Fergerson Plarre,-37.7685841,145.0016758
Northcote,cafe,South Crescent Cafe,-37.7789159,145.0018046
Northcote,cafe,Penny Farthing Espresso,-37.7741967,144.998167
Northcote,cafe,Four Beans,-37.7828728,144.9967212
Northcote,cafe,Red Door Corner Store Cafe,-37.7728134,145.0040563
Northcote,cafe,Growers Espresso,-37.779903,144.986937
Northcote,cafe,Barry,-37.7801923,144.9966978
Northcote,cafe,Degani Bakery Cafe,-37.767703,145.002235
Northcote,cafe,The Herbert Café,-37.7692631,144.9961418
Northcote,cafe,Maillard Toast and Espresso Bar,-37.7796732,144.9867595
Northcote,cafe,Ash & Rye,-37.7781836,145.010194
Northcote,cafe,Espresso Bar,-37.7677644,144.9993553
Northcote,cafe,Espresso Alley,-37.7694962,144.999785
Northcote,cafe,Thomson Street Foodstore,-37.7804348,145.0124306
Northcote,cafe,Dan's Deli,-37.7688056,144.9992886
Northcote,cafe,Field Black,-37.7660561,144.9994903
Northcote,cafe,Fork & Path,-37.7657603,144.9991871
Northcote,cafe,Tibbs & Bones,-37.7683052,144.9993575
Northcote,cafe,Little Local,-37.7716643,144.9983866
Northcote,cafe,Poke The Bear,-37.772212,144.998816
Northcote,cafe,Leanna,-37.7684369,145.0016228
Northcote,cafe,Taiyo Sun,-37.7782676,144.9883515
Northcote,cafe,Haytch,-37.7583494,145.0008271
Northcote,cafe,Lan Coffee,-37.7600607,145.000556
Northcote,cafe,Bicycle Thieves,-37.7668565,144.9990461
Northcote,cafe,Top of the Hill,-37.7741613,144.998174
Northcote,cafe,Cuppa Turca,-37.7725662,144.9985034
Northcote,cafe,Tinker,-37.7734181,144.998036
Northcote,cafe,Mary Miller,-37.7769405,144.9870221
Northcote,cafe,The Old Dog Cafe,-37.7611601,145.0004753
Northcote,cafe,Short Round,-37.758767,145.0003869
Northcote,cafe,Le Cafe Flo,-37.7592825,145.0001932
Northcote,cafe,Taso's Cafe & Patisserie,-37.7598253,145.0000966
Northcote,cafe,Crunch Cafe,-37.7607197,144.9999111
Northcote,cafe,Local Bean Cafe and Bar,-37.7609199,144.9999239
Northcote,cafe,Local Bean Cafe and Bar,-37.760971,144.9999026
Northcote,cafe,Prior Thornbury,-37.7615854,144.9998893
Northcote,gym,Yoga Jivana,-37.768215,144.9987821
Northcote,gym,Jetts Fitness,-37.7672358,144.999405
Northcote,gym,Northside Pilates,-37.7682328,144.9990269
Northcote,gym,KX Pilates,-37.7702216,144.9989997
Northcote,gym,Evado Studios,-37.7602614,145.0001412
Northcote,gym,Fitness XO,-37.780241,144.9969837
Northcote,gym,Fitness Fit,-37.769476,144.999261
Northcote,gym,Kaygees Gymnastics Club,-37.7668433,144.9859637
Northcote,library,Northcote Library,-37.769827,145.000836
Thornbury,supermarket,Psarakos Market,-37.7597746,145.0007011
Thornbury,supermarket,Coles,-37.7691345,145.0013383
Thornbury,supermarket,ALDI,-37.768958,145.000045
Thornbury,supermarket,Coles,-37.7673811,145.0017674
Thornbury,supermarket,IGA,-37.7717526,144.9986811
Thornbury,supermarket,Naturally On High,-37.7597333,145.0002691
Thornbury,supermarket,Woolworths,-37.751159,145.003581
Thornbury,supermarket,ALDI,-37.7520867,145.0028302
Thornbury,supermarket,Psarakos Market,-37.759849,145.001043
Thornbury,supermarket,Psarakos Market,-37.7600763,145.0010085
Thornbury,cafe,Kaféz,-37.769324,145.000303
Thornbury,cafe,Northcote Caffe Espresso,-37.7680454,145.0014452
Thornbury,cafe,Fergerson Plarre,-37.7685841,145.0016758
Thornbury,cafe,The Old Milkbar,-37.7541217,145.0165265
Thornbury,cafe,Red Door Corner Store Cafe,-37.7728134,145.0040563
Thornbury,cafe,Raqwa Cafe and Beer Garden,-37.7460124,145.0060625
Thornbury,cafe,Boundary Espresso,-37.7482617,145.0042156
Thornbury,cafe,Casa Nata,-37.7525393,145.0017602
Thornbury,cafe,Degani Bakery Cafe,-37.767703,145.002235
Thornbury,cafe,The Herbert Café,-37.7692631,144.9961418
Thornbury,cafe,Rio Express,-37.755847,144.9944288
Thornbury,cafe,Sartoria,-37.7479228,145.0043889
Thornbury,cafe,Espresso Bar,-37.7677644,144.9993553
Thornbury,cafe,CJ Cafe,-37.7468737,145.005165
Thornbury,cafe,Plenty & More Cafe,-37.7449825,145.0065091
Thornbury,cafe,Espresso Alley,-37.7694962,144.999785
Thornbury,cafe,Dan's Deli,-37.7688056,144.9992886
Thornbury,cafe,HA Espresso,-37.7433924,145.0029616
Thornbury,cafe,Kolache,-37.7490587,145.0020156
Thornbury,cafe,A Simple Sandwich,-37.7493553,145.0019682
Thornbury,cafe,Remy’s Place,-37.7470533,145.0050313
Thornbury,cafe,Red Bean,-37.7477873,145.0045551
Thornbury,cafe,Field Black,-37.7660561,144.9994903
Thornbury,cafe,Fork & Path,-37.7657603,144.9991871
Thornbury,cafe,Tibbs & Bones,-37.7683052,144.9993575
Thornbury,cafe,Little Local,-37.7716643,144.9983866
Thornbury,cafe,Poke The Bear,-37.772212,144.998816
Thornbury,cafe,Brewista Cafe,-37.7531524,145.0108164
Thornbury,cafe,Millhouse Bakery Cafe,-37.7550946,144.9937582
Thornbury,cafe,Leanna,-37.7684369,145.0016228
Thornbury,cafe,Thornbury Espresso Bar,-37.7542172,145.0014936
Thornbury,cafe,Haytch,-37.7583494,145.0008271
Thornbury,cafe,Lan Coffee,-37.7600607,145.000556
Thornbury,cafe,Bicycle Thieves,-37.7668565,144.9990461
Thornbury,cafe,Cuppa Turca,-37.7725662,144.9985034
Thornbury,cafe,Ampersand Coffee and Food,-37.754549,145.0011357
Thornbury,cafe,Unnamed cafe,-37.7553248,145.0010051
Thornbury,cafe,The Old Dog Cafe,-37.7611601,145.0004753
Thornbury,cafe,Short Round,-37.758767,145.0003869
Thornbury,cafe,Le Cafe Flo,-37.7592825,145.0001932
Thornbury,cafe,Taso's Cafe & Patisserie,-37.7598253,145.0000966
Thornbury,cafe,Crunch Cafe,-37.7607197,144.9999111
Thornbury,cafe,Local Bean Cafe and Bar,-37.7609199,144.9999239
Thornbury,cafe,Local Bean Cafe and Bar,-37.760971,144.9999026
Thornbury,cafe,Prior Thornbury,-37.7615854,144.9998893
Thornbury,cafe,Little Henri,-37.7524547,145.0018799
Thornbury,cafe,Briki Cafe,-37.7558252,144.9980392
Thornbury,gym,Yoga Jivana,-37.768215,144.9987821
Thornbury,gym,Jetts Fitness,-37.7672358,144.999405
Thornbury,gym,Snap Fitness,-37.7520301,145.0020514
Thornbury,gym,Northside Pilates,-37.7682328,144.9990269
Thornbury,gym,Anytime Fitness,-37.7442436,145.0027993
Thornbury,gym,KX Pilates,-37.7702216,144.9989997
Thornbury,gym,Curves,-37.7665123,145.0198769
Thornbury,gym,Prana House,-37.7537853,145.0012441
Thornbury,gym,Evado Studios,-37.7602614,145.0001412
Thornbury,gym,Balance Yoga,-37.755487,144.99372
Thornbury,gym,Fitness Fit,-37.769476,144.999261
Thornbury,gym,Immortal Fitness,-37.7558947,144.993461
Thornbury,library,Northcote Library,-37.769827,145.000836
Docklands,supermarket,Woolworths,-37.8205606,144.9436054
Docklands,supermarket,Coles,-37.8147983,144.9518038
Docklands,supermarket,Foodworks,-37.80314,144.9490587
Docklands,supermarket,The Dome Express,-37.819346,144.948342
Docklands,supermarket,Crown Asian Supermarket,-37.8147623,144.9519191
Docklands,supermarket,Woolworths,-37.8210674,144.9500958
Docklands,supermarket,Golden Express,-37.8200723,144.9424484
Docklands,supermarket,Woolworths,-37.8120887,144.9391271
Docklands,supermarket,East West Marketplace,-37.8126918,144.9394884
Docklands,supermarket,Woolworths Metro,-37.8072174,144.943022
Docklands,supermarket,Xpress Supermarket,-37.8147577,144.9383467
Docklands,supermarket,Woolworths,-37.8311018,144.9307435
Docklands,supermarket,ALDI,-37.8078975,144.9486199
Docklands,supermarket,North Melbourne Supa IGA + Liquor,-37.8045841,144.9497888
Docklands,supermarket,Woolworths Metro,-37.8190233,144.953305
Docklands,cafe,Puzzle Coffee,-37.8190192,144.953659
Docklands,cafe,Langleys,-37.8166802,144.9541098
Docklands,cafe,Chaf's Cafe,-37.8170742,144.9540347
Docklands,cafe,Michel's Patisserie,-37.8150653,144.952021
Docklands,cafe,Penny,-37.8143231,144.9382726
Docklands,cafe,Starbucks,-37.8171266,144.9525788
Docklands,cafe,Punch Bowl,-37.829828,144.93597
Docklands,cafe,Potto,-37.8169468,144.9526354
Docklands,cafe,Espresso Hub,-37.8195035,144.9537038
Docklands,cafe,Inzone Cafe,-37.8180385,144.9543399
Docklands,cafe,Degani,-37.819121,144.948331
Docklands,cafe,Cafenetics,-37.8141621,144.9470999
Docklands,cafe,Cafe Bourgeois,-37.8132871,144.9410614
Docklands,cafe,HiRize Bakery Cafe,-37.8161514,144.9530143
Docklands,cafe,In a Rush,-37.817511,144.9529383
Docklands,cafe,Hot Poppy Cafe,-37.8047581,144.9490968
Docklands,cafe,Twenty & Six,-37.8026618,144.9475391
Docklands,cafe,Grain 717,-37.8182232,144.9501342
Docklands,cafe,Café Cavallino,-37.8184335,144.95028
Docklands,cafe,In A Rush,-37.821874,144.9447899
Docklands,cafe,Capri,-37.8140397,144.9428674
Docklands,cafe,JT's VICE Coffee Bar,-37.8059679,144.9484673
Docklands,cafe,Kebab & Gözleme Cafe,-37.8190181,144.9473459
Docklands,cafe,St. Brew,-37.8196739,144.9511872
Docklands,cafe,Degani Bakery Cafe,-37.8199126,144.9505437
Docklands,cafe,Foxtrot Café,-37.8315597,144.9471167
Docklands,cafe,Sidearm,-37.8279891,144.9497198
Docklands,cafe,Plenary Café,-37.8251369,144.9531076
Docklands,cafe,Moon Mart,-37.805952,144.9422906
Docklands,cafe,The Coffee Club,-37.8122596,144.9379903
Docklands,cafe,Faces & Places,-37.8049354,144.9494489
Docklands,cafe,Higher Ground,-37.8159784,144.9530202
Docklands,cafe,De Gusto,-37.8186255,144.9473022
Docklands,cafe,Code Black Coffee,-37.8042375,144.9536691
Docklands,cafe,B Club Cafe,-37.8147622,144.9402819
Docklands,cafe,The School of Life,-37.8170674,144.9541163
Docklands,cafe,Common Ground,-37.8058124,144.9539573
Docklands,cafe,Hooks at the Yarra,-37.8240816,144.947699
Docklands,cafe,Pie Face,-37.8190302,144.953578
Docklands,cafe,D.G. Expresso,-37.8205603,144.9438715
Docklands,cafe,Saluministi,-37.8204154,144.9411899
Docklands,cafe,Coffee Gauge,-37.8199191,144.9440603
Docklands,cafe,Blended Beard,-37.8195432,144.9441992
Docklands,cafe,Cafe Bambino,-37.8200506,144.9449768
Docklands,cafe,Min The Cafe,-37.8201789,144.9420594
Docklands,cafe,365,-37.821841,144.9449468
Docklands,cafe,Charlie Bit Me,-37.8207115,144.94503
Docklands,cafe,The Other Brother,-37.8219353,144.9437997
Docklands,cafe,Caffé ESC,-37.8216918,144.9462505
Docklands,cafe,iBean,-37.8212385,144.9453255
Docklands,cafe,Rhumba’s,-37.8191324,144.9454241
Docklands,cafe,Cafenatics,-37.819662,144.9449607
Docklands,cafe,BITO Beans Bourke,-37.8186934,144.9445761
Docklands,cafe,Sushi Nori,-37.8210544,144.9498179
Docklands,cafe,Upstanding Citizens,-37.8211524,144.9492866
Docklands,cafe,Coffee Rush,-37.8153071,144.9522179
Docklands,cafe,Anchor Eatery,-37.8217715,144.9363723
Docklands,cafe,Pie Face,-37.8028983,144.9298351
Docklands,cafe,Fandango,-37.8026202,144.9494987
Docklands,cafe,Gloria Jean's,-37.8176666,144.9516554
Docklands,cafe,Sensoray Lab,-37.8219299,144.9264746
Docklands,cafe,Hall St. Cafe,-37.8227748,144.9265493
Docklands,cafe,Unnamed cafe,-37.8235948,144.9256041
Docklands,cafe,Daybreak Cafe,-37.8129813,144.9392926
Docklands,cafe,Teej Cafe,-37.8185302,144.9476112
Docklands,cafe,Fuumi Fuumi,-37.808816,144.9506766
Docklands,cafe,Common Place Coffee Brewers,-37.8151033,144.9541949
Docklands,cafe,Le Bajo Milkbar,-37.8050387,144.9540536
Docklands,cafe,Dusty Fox Cafe,-37.8312907,144.9305393
Docklands,cafe,Brunos,-37.8178155,144.9491093
Docklands,cafe,Chatime,-37.8170806,144.9526939
Docklands,cafe,Unnamed cafe,-37.8160745,144.9523651
Docklands,cafe,Code Black Coffee,-37.8178741,144.9538677
Docklands,cafe,Story Coffee,-37.8176,144.9493274
Docklands,cafe,Cocobei,-37.8142896,144.9396203
Docklands,cafe,Melbourne Ferry Terminal,-37.816902,144.9450767
Docklands,cafe,BITO,-37.814192,144.9450348
Docklands,cafe,Café Orr,-37.8250565,144.9512029
Docklands,cafe,18 Pence Lane,-37.824583,144.9452578
Docklands,cafe,The Espressionist,-37.8241747,144.9433559
Docklands,cafe,My Koala Café,-37.8140423,144.944826
Docklands,cafe,Goldfields Café + Bar,-37.8257505,144.951849
Docklands,cafe,Boost Juice,-37.8189151,144.9536169
Docklands,cafe,Impresso Cafe,-37.8122817,144.953649
Docklands,cafe,Groovy Mamas,-37.8212431,144.9431617
Docklands,cafe,Unnamed cafe,-37.8185765,144.9448216
Docklands,cafe,Meals With Impact,-37.8207203,144.9490086
Docklands,cafe,Meister,-37.8211991,144.9499187
Docklands,cafe,Pure Pie,-37.821147,144.9498822
Docklands,cafe,Neighbours,-37.8230233,144.9506963
Docklands,cafe,Small Batch,-37.804406,144.9543935
Docklands,cafe,Bolte Cafe and Kebab,-37.8221176,144.9309913
Docklands,cafe,Junie Moon's,-37.808723,144.9485906
Docklands,cafe,Embassy Cafe,-37.8080932,144.9478478
Docklands,cafe,6six 5fifty 5five,-37.8064205,144.9449095
Docklands,cafe,Toasta & Co.,-37.8093369,144.9461003
Docklands,cafe,Errol's Cafe,-37.803465,144.9492049
Docklands,cafe,Westwood,-37.8055306,144.9511039
Docklands,cafe,Unnamed cafe,-37.8056375,144.9519801
Docklands,cafe,Butcher Shop Cafe,-37.8080149,144.9456153
Docklands,gym,KettleFit,-37.8296477,144.9356951
Docklands,gym,Equilibrium Fitness,-37.804461,144.9491602
Docklands,gym,F45 Training,-37.8190748,144.9436147
Docklands,gym,Push Fitness,-37.8224,144.9465343
Docklands,gym,Anytime Fitness,-37.8210852,144.9494407
Docklands,gym,CorePlus North Melbourne,-37.8033564,144.9508374
Docklands,gym,Unnamed gym,-37.8075916,144.948368
Docklands,gym,The Wharf Club,-37.8218676,144.9362
Docklands,library,North Melbourne Library,-37.803565,144.949759
Docklands,library,Library at the Dock,-37.8200204,144.9405445
Malvern,supermarket,Woolworths,-37.8628805,145.0271098
Malvern,supermarket,Coles,-37.8458418,145.0452563
Malvern,supermarket,IGA,-37.8532747,145.0414858
Malvern,supermarket,Shahi India,-37.8646311,145.0281237
Malvern,supermarket,Woolworths,-37.8456299,145.0422777
Malvern,supermarket,Coles,-37.8604328,145.0291228
Malvern,cafe,Ionsky's Bakehouse Cafe,-37.8515093,145.0303152
Malvern,cafe,Unnamed cafe,-37.8649217,145.0497495
Malvern,cafe,Woodstock,-37.8562409,145.0255752
Malvern,cafe,Where Is Henry?,-37.853009,145.041383
Malvern,cafe,Café Violina,-37.853301,145.041678
Malvern,cafe,Neon Tiger,-37.8526016,145.0363693
Malvern,cafe,Mirror Image,-37.8518463,145.0301339
Malvern,cafe,prickly pear coffee (free wifi),-37.8630645,145.0281356
Malvern,cafe,Street Organics,-37.8582356,145.0409629
Malvern,cafe,Unnamed cafe,-37.8494263,145.04093
Malvern,cafe,Good Times,-37.8583019,145.0414058
Malvern,cafe,Hall St. Provider,-37.8443762,145.0426063
Malvern,cafe,Thread,-37.8528138,145.0399317
Malvern,cafe,"Nine Yards, Armadale",-37.8562555,145.0278106
Malvern,cafe,Street Organics,-37.858354,145.0409442
Malvern,cafe,The Green Goose,-37.8647833,145.0284087
Malvern,gym,Healing Delight,-37.8598719,145.0290633
Malvern,gym,Goodlife Health Clubs,-37.858558,145.0415065
Malvern,library,Malvern Library,-37.8566697,145.0319883
St Kilda,supermarket,Woolworths Metro,-37.8591642,144.9777767
St Kilda,supermarket,Woolworths,-37.8685209,144.978811
St Kilda,supermarket,Coles,-37.8685845,144.9806027
St Kilda,supermarket,Coles,-37.8679128,144.9919849
St Kilda,supermarket,Woolworths,-37.868243,144.991277
St Kilda,supermarket,IGA,-37.8765871,144.9965585
St Kilda,supermarket,Aldi,-37.8650285,144.9877554
St Kilda,cafe,Beachcomber,-37.8651197,144.9715162
St Kilda,cafe,Banff Café,-37.8593259,144.9784517
St Kilda,cafe,Grocery Bar,-37.8594148,144.9782639
St Kilda,cafe,Il Fornaio,-37.8623922,144.9741675
St Kilda,cafe,Dr Jekyll,-37.8640141,144.9813215
St Kilda,cafe,Inkr7,-37.8642491,144.982124
St Kilda,cafe,Galleon Café,-37.8670228,144.9790401
St Kilda,cafe,Irwell's,-37.8672064,144.9805382
St Kilda,cafe,Presse Cafe,-37.8733544,144.9899586
St Kilda,cafe,Babble on Babylon,-37.8729891,144.9897735
St Kilda,cafe,Wall Two80,-37.8685396,144.9932349
St Kilda,cafe,Las Chicas,-37.8688614,144.9933636
St Kilda,cafe,Batch Espresso,-37.8688069,144.9953459
St Kilda,cafe,Le Bon Cake Shop,-37.8679928,144.9790295
St Kilda,cafe,Monk Bodhi Dharma,-37.868197,144.9909205
St Kilda,cafe,Boost Juice,-37.8615267,144.9748186
St Kilda,cafe,All Good,-37.8520028,144.9806355
St Kilda,cafe,The St Kilda Dispensary,-37.8686805,144.9870917
St Kilda,cafe,One Thirty Two,-37.8535761,144.9931812
St Kilda,cafe,Monarch Cakes,-37.8681561,144.9792122
St Kilda,cafe,Yo Chi,-37.8686527,144.9939283
St Kilda,cafe,Levanter Cafe,-37.8686765,144.9940191
St Kilda,cafe,Europa Cake Shop,-37.8678516,144.9788965
St Kilda,cafe,Hannah,-37.8676655,144.9903245
St Kilda,cafe,Dear Liza,-37.860591,144.9837674
St Kilda,cafe,Spout,-37.8768135,144.9963232
St Kilda,cafe,OPPEN,-37.8557335,144.9920889
St Kilda,cafe,Miss Alex & Co,-37.8730744,144.9898227
St Kilda,cafe,The Studio Beans Coffee Roasters,-37.8641953,144.9819462
St Kilda,cafe,95 Espresso Bar,-37.8680415,144.9790903
St Kilda,cafe,Jaggers,-37.8695906,144.9805733
St Kilda,cafe,Euros Bites Creperia,-37.8690432,144.980357
St Kilda,cafe,Timeless,-37.8568338,144.9877469
St Kilda,cafe,Journeyman,-37.8522761,144.9932093
St Kilda,cafe,CoCo Fresh Tea & Juice,-37.8599962,144.9779107
St Kilda,cafe,Prophecy Espresso,-37.8599507,144.9778653
St Kilda,cafe,Theatre Works Café,-37.86418,144.9759707
St Kilda,cafe,Al Naturale,-37.862565,144.9742874
St Kilda,cafe,Nguyen's Hot Bread,-37.8536807,144.9931608
St Kilda,cafe,BENCH COFFEE CO. St Kilda Rd,-37.8489056,144.9793697
St Kilda,cafe,Oscar Cooper,-37.8495044,144.992054
St Kilda,cafe,Tusk High Bar,-37.8508607,144.9930486
St Kilda,cafe,Cowderoy's Dairy,-37.856806,144.971359
St Kilda,cafe,Frankie's Top Shop,-37.8579947,144.970349
St Kilda,cafe,Cafe Luna,-37.8676308,144.9766616
St Kilda,cafe,Pardon Coffee,-37.8491146,144.9918769
St Kilda,cafe,Chez Mademoiselle,-37.8490216,144.9909162
St Kilda,cafe,St Edmonds,-37.8496315,144.991785
St Kilda,gym,Fitness First,-37.8621533,144.9935728
St Kilda,gym,CrossFit,-37.8650772,144.9868488
St Kilda,gym,Absolute MMA St Kilda,-37.8636227,144.9829621
St Kilda,gym,Anytime Fitness,-37.8586527,144.9796408
St Kilda,gym,Edge Training,-37.8506135,144.9951001
St Kilda,gym,Revl Training,-37.848895,144.99398
St Kilda,gym,Albert Park Fitness,-37.8500013,144.96952
St Kilda,library,Prahran Library,-37.8496416,144.9931092
St Kilda,library,St Kilda Public Library,-37.867817,144.9888815
Montmorency,supermarket,Natural Food Market,-37.7165059,145.1209881
Montmorency,supermarket,Foodworks,-37.7159148,145.1211658
Montmorency,supermarket,Tip Top Butchers,-37.7206159,145.1378877
Montmorency,supermarket,L' Plenty food,-37.7271506,145.113013
Montmorency,supermarket,ALDI,-37.7279736,145.1110688
Montmorency,cafe,Stones Throw,-37.7173476,145.1209025
Montmorency,cafe,Modern Fusion,-37.7171098,145.1212943
Montmorency,cafe,Were Street Food Store,-37.7166013,145.1213346
Montmorency,cafe,Espresso 3094,-37.7161153,145.1214058
Montmorency,cafe,Agnes & Alban,-37.7314255,145.1353538
Montmorency,cafe,The Manx Cafe,-37.724282,145.1237599
Montmorency,cafe,Second Home,-37.721519,145.1391006
Montmorency,gym,BdyX,-37.7171865,145.1208807
Montmorency,gym,The Happy Loft,-37.7170175,145.120896
Montmorency,gym,Powerhouse Strength & Conditioning,-37.7169248,145.1207874
Montmorency,gym,The Ridge,-37.7200705,145.1379054
Montmorency,gym,Equilibrium Health & Fitness,-37.7199159,145.1384805
Montmorency,gym,Revive Personal Training,-37.7196332,145.1385291
Montmorency,gym,Summit 360 Fitness,-37.7195438,145.1382125
Macleod,supermarket,IGA Xpress,-37.7273378,145.0702893
Macleod,supermarket,Andres SUPA IGA,-37.709047,145.0825705
Macleod,cafe,Mr Martins Cafe,-37.712135,145.0820314
Macleod,cafe,Syrup,-37.7097805,145.082465
Macleod,cafe,Touchstone Cafe,-37.7276467,145.070219
Macleod,cafe,Wish Upon a Cupcake,-37.7125605,145.0817991
Macleod,library,Watsonia Library,-37.7104001,145.083534
Watsonia,supermarket,IGA,-37.7126927,145.0925869
Watsonia,supermarket,Foodworks,-37.7011658,145.0720957
Watsonia,supermarket,Andres SUPA IGA,-37.709047,145.0825705
Watsonia,cafe,Mr Martins Cafe,-37.712135,145.0820314
Watsonia,cafe,Syrup,-37.7097805,145.082465
Watsonia,cafe,Wish Upon a Cupcake,-37.7125605,145.0817991
Watsonia,gym,Gym on Grimshaw,-37.7017508,145.0709745
Watsonia,library,Watsonia Library,-37.7104001,145.083534
Fairfield,supermarket,Oasis,-37.777905,145.0181124
Fairfield,supermarket,IGA,-37.7762599,145.0183324
Fairfield,supermarket,Cardamones Food and Wine,-37.7765628,145.0187591
Fairfield,cafe,Fairfield Boathouse,-37.7851623,145.0136098
Fairfield,cafe,Kissaten,-37.782721,145.0218161
Fairfield,cafe,Spit Jack,-37.7787719,145.0104413
Fairfield,cafe,South Crescent Cafe,-37.7789159,145.0018046
Fairfield,cafe,Red Door Corner Store Cafe,-37.7728134,145.0040563
Fairfield,cafe,Cafe Pantheon,-37.7780476,145.0181099
Fairfield,cafe,Stathmos,-37.7780364,145.0184531
Fairfield,cafe,Nikos,-37.7787992,145.0174597
Fairfield,cafe,Bean Counter Cafe,-37.7795803,145.0167123
Fairfield,cafe,Ash & Rye,-37.7781836,145.010194
Fairfield,cafe,15 lbs Cafe,-37.7795467,145.0171851
Fairfield,cafe,The Tea Rose,-37.7795393,145.0172709
Fairfield,cafe,Hoppa & Joe,-37.7829876,145.0187413
Fairfield,cafe,Thomson Street Foodstore,-37.7804348,145.0124306
Fairfield,cafe,Harvest,-37.7775279,145.0181682
Fairfield,cafe,Brazen Brownies and Dessert Bar,-37.7766626,145.0187082
Fairfield,cafe,Three Locals,-37.7772524,145.0186159
Fairfield,cafe,Mr Wednesday,-37.7788879,145.0242235
Fairfield,cafe,The Alphington Foodstore,-37.7780786,145.0307394
Fairfield,cafe,Becca Foodstore,-37.775467,145.0259122
Fairfield,cafe,Arthur Street Deli,-37.7830395,145.0184356
Fairfield,cafe,In The Cup,-37.7967278,145.0113441
Fairfield,cafe,Unnamed cafe,-37.7711893,145.0267211
Fairfield,cafe,Yarra Edge Nursery Cafe,-37.7879626,145.0098075
Fairfield,gym,Body Centre Pilates,-37.7788003,145.0171517
Fairfield,gym,Listen To Your Body Fairfield,-37.7759929,145.0188392
Fairfield,library,Northcote Library,-37.769827,145.000836
Fairfield,library,Fairfield Library,-37.7774896,145.0189442
Alphington,supermarket,Woolworths,-37.7701721,145.0416219
Alphington,supermarket,Oasis,-37.777905,145.0181124
Alphington,supermarket,IGA,-37.7762599,145.0183324
Alphington,supermarket,Cardamones Food and Wine,-37.7765628,145.0187591
Alphington,supermarket,Bivihome,-37.7662487,145.0299719
Alphington,supermarket,Coles,-37.7681531,145.0418563
Alphington,cafe,Kissaten,-37.782721,145.0218161
Alphington,cafe,Cafe Pantheon,-37.7780476,145.0181099
Alphington,cafe,Stathmos,-37.7780364,145.0184531
Alphington,cafe,Nikos,-37.7787992,145.0174597
Alphington,cafe,Bean Counter Cafe,-37.7795803,145.0167123
Alphington,cafe,15 lbs Cafe,-37.7795467,145.0171851
Alphington,cafe,The Tea Rose,-37.7795393,145.0172709
Alphington,cafe,Hoppa & Joe,-37.7829876,145.0187413
Alphington,cafe,Harvest,-37.7775279,145.0181682
Alphington,cafe,Brazen Brownies and Dessert Bar,-37.7766626,145.0187082
Alphington,cafe,Three Locals,-37.7772524,145.0186159
Alphington,cafe,Mr Wednesday,-37.7788879,145.0242235
Alphington,cafe,The Alphington Foodstore,-37.7780786,145.0307394
Alphington,cafe,Becca Foodstore,-37.775467,145.0259122
Alphington,cafe,Meet Me @ Ed’s,-37.7679078,145.0231318
Alphington,cafe,Unnamed cafe,-37.7682203,145.0260356
Alphington,cafe,Outer Circle Social Club,-37.7677233,145.0214309
Alphington,cafe,The Cornerstore,-37.771939,145.0456399
Alphington,cafe,Arthur Street Deli,-37.7830395,145.0184356
Alphington,cafe,The Foreigner,-37.7664626,145.0445918
Alphington,cafe,Unnamed cafe,-37.7688318,145.0425316
Alphington,cafe,Laurent,-37.7685994,145.0424133
Alphington,cafe,Laurent,-37.7686373,145.0423582
Alphington,cafe,Pinkie,-37.7681835,145.0440114
Alphington,cafe,Tre Fontane,-37.7672369,145.0445173
Alphington,cafe,Unnamed cafe,-37.7711893,145.0267211
Alphington,cafe,Extracted,-37.7669341,145.0443302
Alphington,gym,Body Centre Pilates,-37.7788003,145.0171517
Alphington,gym,Listen To Your Body Fairfield,-37.7759929,145.0188392
Alphington,gym,Melbourne Gym Sports,-37.7669651,145.0287004
Alphington,gym,Curves,-37.7665123,145.0198769
Alphington,library,Fairfield Library,-37.7774896,145.0189442
Alphington,library,Ivanhoe Libary,-37.7660627,145.0449974
Clifton Hill,supermarket,McCoppins Food & Wine,-37.7888604,144.9895506
Clifton Hill,supermarket,Hinoki Japanese Pantry,-37.8005727,144.983832
Clifton Hill,supermarket,Organic Wholefoods,-37.800652,144.983823
Clifton Hill,supermarket,Foodworks,-37.7998871,144.9922356
Clifton Hill,supermarket,The Source Bulk Foods,-37.8028064,144.9837684
Clifton Hill,supermarket,IGA,-37.7999747,144.9957652
Clifton Hill,supermarket,Woolworths Metro,-37.7888884,144.9910691
Clifton Hill,supermarket,Frootz on Parade,-37.789079,144.989017
Clifton Hill,supermarket,Sonsa Foods,-37.8025305,144.9838161
Clifton Hill,supermarket,Coles,-37.803803,144.983619
Clifton Hill,supermarket,Continental Supermarket,-37.7879567,144.9992427
Clifton Hill,supermarket,Woolworths Metro,-37.8002028,144.9949422
Clifton Hill,supermarket,ALDI,-37.7987035,144.9836527
Clifton Hill,supermarket,Woolworths,-37.8014256,144.9832348
Clifton Hill,supermarket,Piedimonte's Supa IGA plus Liquor,-37.7834993,144.982928
Clifton Hill,supermarket,Terra Madre,-37.7796091,144.9966435
Clifton Hill,supermarket,Woolworths Metro Smith Street,-37.7978744,144.9841966
Clifton Hill,cafe,Rubber Duck Cafe,-37.789085,144.990631
Clifton Hill,cafe,Mitte,-37.7857013,144.9892465
Clifton Hill,cafe,Ladybird Café,-37.7991717,144.9875019
Clifton Hill,cafe,Stop 17,-37.8035466,144.983323
Clifton Hill,cafe,Brunches n Lunches,-37.7995311,144.988708
Clifton Hill,cafe,Nourish,-37.8047657,144.9834417
Clifton Hill,cafe,Cafe Rosamond,-37.8034776,144.9832625
Clifton Hill,cafe,The Alt Grill and Bar,-37.7991997,144.984395
Clifton Hill,cafe,Glassworks Café,-37.8047212,144.9881172
Clifton Hill,cafe,Launder It,-37.7761083,144.9972528
Clifton Hill,cafe,Loosie Grind,-37.805306,144.996627
Clifton Hill,cafe,Proud Mary,-37.802337,144.985247
Clifton Hill,cafe,Prego Amico,-37.8030472,144.9834264
Clifton Hill,cafe,Friends of the Earth,-37.7999187,144.9842634
Clifton Hill,cafe,Mixed Business,-37.7854502,144.9943692
Clifton Hill,cafe,Bluebird Espresso,-37.7993857,144.9895163
Clifton Hill,cafe,VIT Cafe,-37.8009591,145.0022916
Clifton Hill,cafe,Spit Jack,-37.7787719,145.0104413
Clifton Hill,cafe,South Crescent Cafe,-37.7789159,145.0018046
Clifton Hill,cafe,Four Beans,-37.7828728,144.9967212
Clifton Hill,cafe,Crossroads Cafe,-37.804665,144.9900996
Clifton Hill,cafe,Cibi Cafe (Dine In),-37.7970912,144.9858952
Clifton Hill,cafe,Tinpot Cafe,-37.7834518,144.9838712
Clifton Hill,cafe,Everyday Coffee,-37.7982461,144.9858872
Clifton Hill,cafe,Growers Espresso,-37.779903,144.986937
Clifton Hill,cafe,Breakfast Thieves,-37.79636,144.983649
Clifton Hill,cafe,Cliftons Cafe,-37.7886755,144.9900011
Clifton Hill,cafe,EJ's Gourmet Food,-37.799808,144.993784
Clifton Hill,cafe,Pavlov's Duck,-37.7964633,144.9845425
Clifton Hill,cafe,Uncle Drew Cafe,-37.7942352,144.9981404
Clifton Hill,cafe,Bomb Cafe,-37.8000341,144.9938076
Clifton Hill,cafe,Libertine & Co.,-37.7996419,144.9897132
Clifton Hill,cafe,Cavallini,-37.7880728,144.9914462
Clifton Hill,cafe,Bean Around Bakery-Café,-37.7881146,144.9913458
Clifton Hill,cafe,Juddy Roller,-37.7990341,144.9825548
Clifton Hill,cafe,Dench Cafe,-37.7830635,144.9826302
Clifton Hill,cafe,Dog House,-37.7998667,144.9919632
Clifton Hill,cafe,Dr. Morse,-37.799833,144.9941396
Clifton Hill,cafe,Mavis the Grocer,-37.8030269,144.9970286
Clifton Hill,cafe,Kaede,-37.8004034,144.9973958
Clifton Hill,cafe,Addict,-37.7989725,144.9832189
Clifton Hill,cafe,Citrus,-37.7832134,144.9841088
Clifton Hill,cafe,Barry,-37.7801923,144.9966978
Clifton Hill,cafe,Georgie's on Cambridge,-37.804436,144.985751
Clifton Hill,cafe,Maillard Toast and Espresso Bar,-37.7796732,144.9867595
Clifton Hill,cafe,Proud Sprout,-37.8053633,144.985785
Clifton Hill,cafe,Ash & Rye,-37.7781836,145.010194
Clifton Hill,cafe,Plug Nickel,-37.8051621,144.983949
Clifton Hill,cafe,Sojo To Go,-37.8050173,144.984725
Clifton Hill,cafe,Dirty Apron,-37.790641,144.997134
Clifton Hill,cafe,Thomson Street Foodstore,-37.7804348,145.0124306
Clifton Hill,cafe,The Belljar,-37.7916738,144.9856759
Clifton Hill,cafe,Trennery Cafe,-37.8002121,145.0001761
Clifton Hill,cafe,Chomp Cafe,-37.7999748,144.9998757
Clifton Hill,cafe,Terror Twilight,-37.7991491,144.9849275
Clifton Hill,cafe,Two:Bob,-37.7891908,144.9885873
Clifton Hill,cafe,Taiyo Sun,-37.7782676,144.9883515
Clifton Hill,cafe,Coffee + Office,-37.7965615,144.9848355
Clifton Hill,cafe,Padre Coffee,-37.7993758,144.9860962
Clifton Hill,cafe,North Island,-37.7830686,144.9826782
Clifton Hill,cafe,Piccante Cafe,-37.7840077,144.9833889
Clifton Hill,cafe,Acoffee,-37.7982359,144.9856593
Clifton Hill,cafe,Smith+Deli,-37.8046867,144.9854003
Clifton Hill,cafe,In The Cup,-37.7967278,145.0113441
Clifton Hill,cafe,Mary Miller,-37.7769405,144.9870221
Clifton Hill,cafe,The Farm Cafe,-37.8030287,145.0057511
Clifton Hill,cafe,Yarra Edge Nursery Cafe,-37.7879626,145.0098075
Clifton Hill,cafe,Two Birds Cafe,-37.8053159,144.9851698
Clifton Hill,cafe,Blume Coffee Roasters,-37.8017342,144.9932786
Clifton Hill,cafe,Red Bird Cafe,-37.805337,144.9940945
Clifton Hill,gym,Action School of Yoga,-37.80068,144.983757
Clifton Hill,gym,Clifton Hill Yoga Studio,-37.7892468,144.9902274
Clifton Hill,gym,Das Studio Pilates,-37.7987,144.984084
Clifton Hill,gym,Clifton Hill Pilates & Rehab,-37.7895239,144.9895559
Clifton Hill,gym,Simhanada Ashtanga Yoga School,-37.7977128,144.9874572
Clifton Hill,gym,Project Better,-37.7955789,144.9850385
Clifton Hill,gym,Absolute MMA Collingwood,-37.8038711,144.990661
Clifton Hill,gym,Anytime Fitness,-37.8042366,144.9866837
Clifton Hill,gym,Fitness XO,-37.780241,144.9969837
Clifton Hill,library,Collingwood Library,-37.804503,144.99293
Clifton Hill,library,Collingwood Toy Library,-37.7973804,144.9958633
Clifton Hill,library,"Bargoonga Nganjin, North Fitzroy Library",-37.7847456,144.9828628
Collingwood,supermarket,Foodworks,-37.7889872,144.9760904
Collingwood,supermarket,McCoppins Food & Wine,-37.7888604,144.9895506
Collingwood,supermarket,KimChi Korean Japanese Grocery,-37.802712,144.977554
Collingwood,supermarket,Sika Supermarket,-37.8044181,144.9772684
Collingwood,supermarket,Casa Iberica,-37.7979262,144.9759075
Collingwood,supermarket,Foodworks,-37.805942,144.98017
Collingwood,supermarket,ALDI,-37.8093845,144.9956596
Collingwood,supermarket,Minh Phat Asian Supermarket,-37.8095858,144.9963729
Collingwood,supermarket,Woolworths,-37.8093706,144.99558
Collingwood,supermarket,IGA,-37.8097374,144.98563
Collingwood,supermarket,Hinoki Japanese Pantry,-37.8005727,144.983832
Collingwood,supermarket,Organic Wholefoods,-37.800652,144.983823
Collingwood,supermarket,Foodworks,-37.7998871,144.9922356
Collingwood,supermarket,The Source Bulk Foods,-37.8028064,144.9837684
Collingwood,supermarket,IGA,-37.7999747,144.9957652
Collingwood,supermarket,Aunt Maggies,-37.806295,144.981009
Collingwood,supermarket,Woolworths Metro,-37.7888884,144.9910691
Collingwood,supermarket,Frootz on Parade,-37.789079,144.989017
Collingwood,supermarket,Sonsa Foods,-37.8025305,144.9838161
Collingwood,supermarket,Vegetable Connection,-37.799665,144.97808
Collingwood,supermarket,Foodworks,-37.802612,144.978102
Collingwood,supermarket,Cheaper Buy Miles,-37.798272,144.9791079
Collingwood,supermarket,Coles,-37.803803,144.983619
Collingwood,supermarket,Fitzroy IGA,-37.794231,144.9793382
Collingwood,supermarket,Tân Hung Asian Grocery,-37.8104013,144.9980745
Collingwood,supermarket,Richmond Grocery Store,-37.810333,144.997368
Collingwood,supermarket,Continental Supermarket,-37.7879567,144.9992427
Collingwood,supermarket,Woolworths Metro,-37.8002028,144.9949422
Collingwood,supermarket,Wing Chong Asian Supermarket,-37.8097393,144.9939322
Collingwood,supermarket,ALDI,-37.7987035,144.9836527
Collingwood,supermarket,Woolworths,-37.8014256,144.9832348
Collingwood,supermarket,Coles,-37.7978511,144.9779798
Collingwood,supermarket,Woolworths Metro Smith Street,-37.7978744,144.9841966
Collingwood,cafe,Rubber Duck Cafe,-37.789085,144.990631
Collingwood,cafe,Stagger Lee's,-37.7989463,144.978543
Collingwood,cafe,Victoria Lounge,-37.8099642,144.9939912
Collingwood,cafe,Sir Charles,-37.7982584,144.9789257
Collingwood,cafe,Endis Café,-37.7988255,144.9771439
Collingwood,cafe,Black Cat,-37.799889,144.978373
Collingwood,cafe,Min Lokal,-37.796901,144.982356
Collingwood,cafe,Le Gourmet Cakes,-37.7992836,144.978146
Collingwood,cafe,Atomica Caffé,-37.7993698,144.9784906
Collingwood,cafe,Gutz,-37.800815,144.977868
Collingwood,cafe,Houndstooth,-37.7982227,144.976029
Collingwood,cafe,Garden View Cafe,-37.80604,144.973766
Collingwood,cafe,Alimentari,-37.7997308,144.9780654
Collingwood,cafe,Cafe Ecco,-37.808354,144.973813
Collingwood,cafe,Newtown Social Club,-37.802175,144.978063
Collingwood,cafe,Ladybird Café,-37.7991717,144.9875019
Collingwood,cafe,Stop 17,-37.8035466,144.983323
Collingwood,cafe,Marios,-37.7979694,144.9783876
Collingwood,cafe,Burnside,-37.806186,144.98289
Collingwood,cafe,Uptown Jazz Café,-37.8021833,144.9776109
Collingwood,cafe,Auntie Mai's,-37.8059088,144.9775888
Collingwood,cafe,Piadina Take Away,-37.8060295,144.9786644
Collingwood,cafe,Radio,-37.805572,144.976576
Collingwood,cafe,Caffettino,-37.80547,144.975633
Collingwood,cafe,Brunches n Lunches,-37.7995311,144.988708
Collingwood,cafe,Nourish,-37.8047657,144.9834417
Collingwood,cafe,Cafe Rosamond,-37.8034776,144.9832625
Collingwood,cafe,Uncle & Jak,-37.798217,144.9758
Collingwood,cafe,Sir Osborn,-37.809092,144.973293
Collingwood,cafe,The Alt Grill and Bar,-37.7991997,144.984395
Collingwood,cafe,Café Excello,-37.812532,144.973293
Collingwood,cafe,Archie's,-37.805994,144.98093
Collingwood,cafe,Arcadia,-37.8060083,144.981038
Collingwood,cafe,Max's Café,-37.8042401,144.9772845
Collingwood,cafe,Quint Cafe,-37.809917,144.995821
Collingwood,cafe,Glassworks Café,-37.8047212,144.9881172
Collingwood,cafe,Cambridge Cafe,-37.8071265,144.9849617
Collingwood,cafe,Le Cellier,-37.800571,144.977894
Collingwood,cafe,Nick's Food Corner,-37.8082138,144.9792154
Collingwood,cafe,Romano's Coffee,-37.809743,144.995519
Collingwood,cafe,Loosie Grind,-37.805306,144.996627
Collingwood,cafe,Proud Mary,-37.802337,144.985247
Collingwood,cafe,Gabriel - Fitzroy,-37.805983,144.9808259
Collingwood,cafe,Birdman Eating,-37.8064272,144.9825263
Collingwood,cafe,Prego Amico,-37.8030472,144.9834264
Collingwood,cafe,Friends of the Earth,-37.7999187,144.9842634
Collingwood,cafe,Slowpoke,-37.802864,144.977535
Collingwood,cafe,Bluebird Espresso,-37.7993857,144.9895163
Collingwood,cafe,VIT Cafe,-37.8009591,145.0022916
Collingwood,cafe,INI Coffee,-37.8064871,144.9831393
Collingwood,cafe,Mr. Tod,-37.8117758,144.9756391
Collingwood,cafe,Crossroads Cafe,-37.804665,144.9900996
Collingwood,cafe,Pavilion Cafe,-37.8131311,144.9812948
Collingwood,cafe,Cibi Cafe (Dine In),-37.7970912,144.9858952
Collingwood,cafe,Everyday Coffee,-37.7982461,144.9858872
Collingwood,cafe,Breakfast Thieves,-37.79636,144.983649
Collingwood,cafe,Cliftons Cafe,-37.7886755,144.9900011
Collingwood,cafe,EJ's Gourmet Food,-37.799808,144.993784
Collingwood,cafe,Pavlov's Duck,-37.7964633,144.9845425
Collingwood,cafe,Uncle Drew Cafe,-37.7942352,144.9981404
Collingwood,cafe,Bomb Cafe,-37.8000341,144.9938076
Collingwood,cafe,Treasury Deli and Cafe,-37.8126591,144.9745925
Collingwood,cafe,Libertine & Co.,-37.7996419,144.9897132
Collingwood,cafe,Grocerybar,-37.809878,144.985434
Collingwood,cafe,Cavallini,-37.7880728,144.9914462
Collingwood,cafe,Bean Around Bakery-Café,-37.7881146,144.9913458
Collingwood,cafe,Juddy Roller,-37.7990341,144.9825548
Collingwood,cafe,Victoria Deli,-37.8092382,144.9891137
Collingwood,cafe,Dog House,-37.7998667,144.9919632
Collingwood,cafe,South of Johnston,-37.806001,144.984635
Collingwood,cafe,Argos Loves Company,-37.803143,144.977468
Collingwood,cafe,Martha Ray's,-37.804749,144.97723
Collingwood,cafe,East Side Story,-37.80846,144.974797
Collingwood,cafe,Abbotsford Pantry,-37.8084889,144.9999844
Collingwood,cafe,Dr. Morse,-37.799833,144.9941396
Collingwood,cafe,Grisley Bear Cafe,-37.8132432,144.9994417
Collingwood,cafe,Mothership,-37.8069234,144.9986977
Collingwood,cafe,Mavis the Grocer,-37.8030269,144.9970286
Collingwood,cafe,Kaede,-37.8004034,144.9973958
Collingwood,cafe,Napier Quarter,-37.7968656,144.9808288
Collingwood,cafe,"Lemon, Middle & Orange",-37.8073053,144.9878787
Collingwood,cafe,Addict,-37.7989725,144.9832189
Collingwood,cafe,A Thousand Blessings,-37.8160197,145.0018998
Collingwood,cafe,Three Bags Full,-37.8073914,144.9965445
Collingwood,cafe,KereKere Green,-37.8149104,144.9792572
Collingwood,cafe,STREAT,-37.8064154,144.9901235
Collingwood,cafe,ACspresSO Cafe,-37.8099748,144.9922714
Collingwood,cafe,Allpress Roastery,-37.8065212,144.9891319
Collingwood,cafe,My Sushi,-37.8161557,144.9846178
Collingwood,cafe,Laurent Boulangerie Patisserie,-37.8161942,144.984965
Collingwood,cafe,Georgie's on Cambridge,-37.804436,144.985751
Collingwood,cafe,Made in Sud,-37.80833,144.9905463
Collingwood,cafe,Caffe Chiera,-37.8067338,144.9891349
Collingwood,cafe,Unnamed cafe,-37.7945918,144.9788489
Collingwood,cafe,Beeter Swit,-37.795159,144.9791681
Collingwood,cafe,Proud Sprout,-37.8053633,144.985785
Collingwood,cafe,Plug Nickel,-37.8051621,144.983949
Collingwood,cafe,Sojo To Go,-37.8050173,144.984725
Collingwood,cafe,The Fitz,-37.7967671,144.9786367
Collingwood,cafe,Zouki Cafe,-37.8119043,144.9775796
Collingwood,cafe,Cleaver & Quill Cafe,-37.8014271,144.9775045
Collingwood,cafe,Smith and Deli,-37.8014628,144.9787111
Collingwood,cafe,Unnamed cafe,-37.7946063,144.9793332
Collingwood,cafe,Square and Compass,-37.8096886,144.9839138
Collingwood,cafe,Dirty Apron,-37.790641,144.997134
Collingwood,cafe,Coffee Peddlr,-37.8074085,144.9929792
Collingwood,cafe,The Belljar,-37.7916738,144.9856759
Collingwood,cafe,Courtyard 55,-37.8076182,144.9755061
Collingwood,cafe,Caravan Coffee,-37.809679,144.9753275
Collingwood,cafe,Tuck Shop Turnery,-37.8137736,144.9987864
Collingwood,cafe,Trennery Cafe,-37.8002121,145.0001761
Collingwood,cafe,Chomp Cafe,-37.7999748,144.9998757
Collingwood,cafe,Basement Espresso,-37.8087663,144.9779671
Collingwood,cafe,Cafe Lansdowne,-37.8090467,144.9781972
Collingwood,cafe,Winkel,-37.815283,144.9999352
Collingwood,cafe,Solah,-37.8089999,144.9798533
Collingwood,cafe,Terror Twilight,-37.7991491,144.9849275
Collingwood,cafe,Two:Bob,-37.7891908,144.9885873
Collingwood,cafe,The Studio Beans,-37.8066979,144.9862227
Collingwood,cafe,Coffee + Office,-37.7965615,144.9848355
Collingwood,cafe,Padre Coffee,-37.7993758,144.9860962
Collingwood,cafe,Bentwood,-37.8006268,144.9801978
Collingwood,cafe,Blonde Food and Drink,-37.7937584,144.9790683
Collingwood,cafe,Louis Fitzroy,-37.8014909,144.9775776
Collingwood,cafe,Into Coffee,-37.8055174,144.9866741
Collingwood,cafe,The Grey Smith,-37.8163058,144.9859031
Collingwood,cafe,Mugs Alley,-37.8161839,144.976049
Collingwood,cafe,Hectors Deli,-37.8015812,144.9787002
Collingwood,cafe,Sonido,-37.8055734,144.9763794
Collingwood,cafe,Acoffee,-37.7982359,144.9856593
Collingwood,cafe,Industry Beans,-37.7947657,144.9781415
Collingwood,cafe,Smith+Deli,-37.8046867,144.9854003
Collingwood,cafe,Nico's Sandwich Deli,-37.7968781,144.9790148
Collingwood,cafe,Little Molli,-37.806893,144.9966367
Collingwood,cafe,Warm Hugs,-37.8163383,144.9951366
Collingwood,cafe,Awa French Crêperie,-37.8021756,144.9779401
Collingwood,cafe,Mile End Bagels,-37.7982291,144.9754792
Collingwood,cafe,Zio's Restaurant,-37.8094356,144.9786606
Collingwood,cafe,Warm Hug,-37.8163488,144.9951648
Collingwood,cafe,Two Birds Cafe,-37.8053159,144.9851698
Collingwood,cafe,Blume Coffee Roasters,-37.8017342,144.9932786
Collingwood,cafe,Red Bird Cafe,-37.805337,144.9940945
Collingwood,cafe,Pokapoka Japanese Kitchen,-37.8164079,144.9876344
Collingwood,cafe,Au79 Café,-37.8088089,144.9957773
Collingwood,cafe,K&K Fitzroy,-37.7968436,144.975374
Collingwood,gym,Action School of Yoga,-37.80068,144.983757
Collingwood,gym,Clifton Hill Yoga Studio,-37.7892468,144.9902274
Collingwood,gym,CrossFit Collingwood,-37.8061913,144.9899356
Collingwood,gym,Das Studio Pilates,-37.7987,144.984084
Collingwood,gym,Barrebody,-37.802211,144.977498
Collingwood,gym,"By Design, Mind & Body",-37.7980493,144.9772092
Collingwood,gym,Fitness 24 Hours,-37.798069,144.979249
Collingwood,gym,RBT Result Based Training,-37.8082416,144.9859843
Collingwood,gym,Clifton Hill Pilates & Rehab,-37.7895239,144.9895559
Collingwood,gym,F45 Training,-37.7956214,144.9754325
Collingwood,gym,Universal Practice,-37.7985033,144.9790573
Collingwood,gym,Simhanada Ashtanga Yoga School,-37.7977128,144.9874572
Collingwood,gym,Project Better,-37.7955789,144.9850385
Collingwood,gym,Absolute MMA Collingwood,-37.8038711,144.990661
Collingwood,gym,Anytime Fitness,-37.8042366,144.9866837
Collingwood,gym,Body Fit Training,-37.7939105,144.9790529
Collingwood,gym,Fluid Fitness,-37.8068392,144.9897202
Collingwood,gym,GoodLife Health Clubs,-37.7978625,144.9762903
Collingwood,library,Fitzroy Library,-37.8018889,144.979691
Collingwood,library,Collingwood Library,-37.804503,144.99293
Collingwood,library,Collingwood Toy Library,-37.7973804,144.9958633
Collingwood,library,East Melbourne Library and Community Centre,-37.8150407,144.9863907
Collingwood,library,Russian House Library,-37.8003865,144.9823455
Fitzroy,supermarket,Foodworks,-37.7889872,144.9760904
Fitzroy,supermarket,Woolworths,-37.7981407,144.9683576
Fitzroy,supermarket,McCoppins Food & Wine,-37.7888604,144.9895506
Fitzroy,supermarket,KimChi Korean Japanese Grocery,-37.802712,144.977554
Fitzroy,supermarket,Woolworths,-37.8110951,144.9655613
Fitzroy,supermarket,Sika Supermarket,-37.8044181,144.9772684
Fitzroy,supermarket,Casa Iberica,-37.7979262,144.9759075
Fitzroy,supermarket,Foodworks,-37.805942,144.98017
Fitzroy,supermarket,IGA,-37.809886,144.971151
Fitzroy,supermarket,Woolworths Metro,-37.810488,144.97004
Fitzroy,supermarket,IGA,-37.8097374,144.98563
Fitzroy,supermarket,Hinoki Japanese Pantry,-37.8005727,144.983832
Fitzroy,supermarket,Organic Wholefoods,-37.800652,144.983823
Fitzroy,supermarket,Foodworks,-37.7998871,144.9922356
Fitzroy,supermarket,The Source Bulk Foods,-37.8028064,144.9837684
Fitzroy,supermarket,Aunt Maggies,-37.806295,144.981009
Fitzroy,supermarket,IGA X-press plus Liquor,-37.804482,144.966104
Fitzroy,supermarket,Woolworths Metro,-37.7888884,144.9910691
Fitzroy,supermarket,King & Godfree,-37.798456,144.967093
Fitzroy,supermarket,Frootz on Parade,-37.789079,144.989017
Fitzroy,supermarket,Sonsa Foods,-37.8025305,144.9838161
Fitzroy,supermarket,Vegetable Connection,-37.799665,144.97808
Fitzroy,supermarket,Foodworks,-37.802612,144.978102
Fitzroy,supermarket,Cheaper Buy Miles,-37.798272,144.9791079
Fitzroy,supermarket,Tang Asian Grocery,-37.812105,144.96749
Fitzroy,supermarket,Coles,-37.803803,144.983619
Fitzroy,supermarket,Fitzroy IGA,-37.794231,144.9793382
Fitzroy,supermarket,Carlton Supermarket,-37.7926419,144.9692514
Fitzroy,supermarket,Wing Chong Asian Supermarket,-37.8097393,144.9939322
Fitzroy,supermarket,ALDI,-37.7987035,144.9836527
Fitzroy,supermarket,IGA,-37.8000464,144.9653246
Fitzroy,supermarket,Woolworths,-37.8014256,144.9832348
Fitzroy,supermarket,Coles,-37.7978511,144.9779798
Fitzroy,supermarket,Woolworths Metro Smith Street,-37.7978744,144.9841966
Fitzroy,cafe,Rubber Duck Cafe,-37.789085,144.990631
Fitzroy,cafe,Stagger Lee's,-37.7989463,144.978543
Fitzroy,cafe,Heartattack and Vine,-37.7976471,144.9672504
Fitzroy,cafe,Victoria Lounge,-37.8099642,144.9939912
Fitzroy,cafe,Sir Charles,-37.7982584,144.9789257
Fitzroy,cafe,Endis Café,-37.7988255,144.9771439
Fitzroy,cafe,Black Cat,-37.799889,144.978373
Fitzroy,cafe,Min Lokal,-37.796901,144.982356
Fitzroy,cafe,Le Gourmet Cakes,-37.7992836,144.978146
Fitzroy,cafe,Atomica Caffé,-37.7993698,144.9784906
Fitzroy,cafe,Gutz,-37.800815,144.977868
Fitzroy,cafe,Houndstooth,-37.7982227,144.976029
Fitzroy,cafe,Two Fingers,-37.8159946,144.9693655
Fitzroy,cafe,Cafe L'Incontro,-37.8142862,144.9663757
Fitzroy,cafe,Garden View Cafe,-37.80604,144.973766
Fitzroy,cafe,Brunetti,-37.7981549,144.9678859
Fitzroy,cafe,Alimentari,-37.7997308,144.9780654
Fitzroy,cafe,Cafe Ecco,-37.808354,144.973813
Fitzroy,cafe,Soul Cafe,-37.813182,144.965246
Fitzroy,cafe,Newtown Social Club,-37.802175,144.978063
Fitzroy,cafe,Hudsons Coffee,-37.810099,144.972162
Fitzroy,cafe,Ladybird Café,-37.7991717,144.9875019
Fitzroy,cafe,Stop 17,-37.8035466,144.983323
Fitzroy,cafe,Marios,-37.7979694,144.9783876
Fitzroy,cafe,Burnside,-37.806186,144.98289
Fitzroy,cafe,Uptown Jazz Café,-37.8021833,144.9776109
Fitzroy,cafe,Pellegrini's,-37.811722,144.971173
Fitzroy,cafe,Auntie Mai's,-37.8059088,144.9775888
Fitzroy,cafe,Piadina Take Away,-37.8060295,144.9786644
Fitzroy,cafe,Radio,-37.805572,144.976576
Fitzroy,cafe,Caffettino,-37.80547,144.975633
Fitzroy,cafe,Brunches n Lunches,-37.7995311,144.988708
Fitzroy,cafe,Nourish,-37.8047657,144.9834417
Fitzroy,cafe,Cafe Rosamond,-37.8034776,144.9832625
Fitzroy,cafe,A Kiss Xpresso,-37.8152071,144.9722311
Fitzroy,cafe,Lane's Edge,-37.811838,144.972057
Fitzroy,cafe,Uncle & Jak,-37.798217,144.9758
Fitzroy,cafe,Sir Osborn,-37.809092,144.973293
Fitzroy,cafe,Artee Cafe,-37.8057546,144.9663802
Fitzroy,cafe,Shooter McGavin's,-37.8007773,144.9656309
Fitzroy,cafe,The Alt Grill and Bar,-37.7991997,144.984395
Fitzroy,cafe,Café Excello,-37.812532,144.973293
Fitzroy,cafe,Archie's,-37.805994,144.98093
Fitzroy,cafe,Arcadia,-37.8060083,144.981038
Fitzroy,cafe,Kenny's Bakery Cafe,-37.8099973,144.9708523
Fitzroy,cafe,Healthy Nibbles,-37.810031,144.970707
Fitzroy,cafe,The Maj,-37.810263,144.969954
Fitzroy,cafe,Elements,-37.8139145,144.9688622
Fitzroy,cafe,Max's Café,-37.8042401,144.9772845
Fitzroy,cafe,Piadina Slowfood,-37.8100779,144.9707933
Fitzroy,cafe,Starbucks,-37.8112888,144.964367
Fitzroy,cafe,Glassworks Café,-37.8047212,144.9881172
Fitzroy,cafe,Cambridge Cafe,-37.8071265,144.9849617
Fitzroy,cafe,Le Cellier,-37.800571,144.977894
Fitzroy,cafe,Aruba,-37.812609,144.969352
Fitzroy,cafe,Nick's Food Corner,-37.8082138,144.9792154
Fitzroy,cafe,Blu Point,-37.808112,144.966208
Fitzroy,cafe,Queens Cafe,-37.8045164,144.9642927
Fitzroy,cafe,Woodside Green,-37.8049081,144.9644892
Fitzroy,cafe,Caffe Mediterraneum,-37.815206,144.966164
Fitzroy,cafe,Urban Deli,-37.812479,144.970072
Fitzroy,cafe,Museum Cafe,-37.803693,144.972686
Fitzroy,cafe,Proud Mary,-37.802337,144.985247
Fitzroy,cafe,Gabriel - Fitzroy,-37.805983,144.9808259
Fitzroy,cafe,Birdman Eating,-37.8064272,144.9825263
Fitzroy,cafe,Prego Amico,-37.8030472,144.9834264
Fitzroy,cafe,Friends of the Earth,-37.7999187,144.9842634
Fitzroy,cafe,Slowpoke,-37.802864,144.977535
Fitzroy,cafe,Bluebird Espresso,-37.7993857,144.9895163
Fitzroy,cafe,INI Coffee,-37.8064871,144.9831393
Fitzroy,cafe,Mr Tulk,-37.8095603,144.9646236
Fitzroy,cafe,Mr. Tod,-37.8117758,144.9756391
Fitzroy,cafe,Crossroads Cafe,-37.804665,144.9900996
Fitzroy,cafe,Cafe Sua Da,-37.796776,144.965388
Fitzroy,cafe,Pavilion Cafe,-37.8131311,144.9812948
Fitzroy,cafe,Bullrun,-37.8154491,144.9707961
Fitzroy,cafe,Liaison,-37.8129404,144.972438
Fitzroy,cafe,Espresso Bar,-37.7973869,144.9642847
Fitzroy,cafe,Cibi Cafe (Dine In),-37.7970912,144.9858952
Fitzroy,cafe,Parco,-37.8035193,144.9662588
Fitzroy,cafe,Madame Brussels,-37.8119505,144.971546
Fitzroy,cafe,Pie Face,-37.810506,144.966817
Fitzroy,cafe,Everyday Coffee,-37.7982461,144.9858872
Fitzroy,cafe,The Bean Room,-37.810158,144.96662
Fitzroy,cafe,King & Godfree,-37.798456,144.967093
Fitzroy,cafe,Breakfast Thieves,-37.79636,144.983649
Fitzroy,cafe,Ultimate Coffee Bar,-37.797413,144.968219
Fitzroy,cafe,Cliftons Cafe,-37.7886755,144.9900011
Fitzroy,cafe,EJ's Gourmet Food,-37.799808,144.993784
Fitzroy,cafe,Pavlov's Duck,-37.7964633,144.9845425
Fitzroy,cafe,Pearson & Murphy's,-37.8087434,144.96516
Fitzroy,cafe,Bomb Cafe,-37.8000341,144.9938076
Fitzroy,cafe,Little Gordon,-37.810524,144.9717049
Fitzroy,cafe,Treasury Deli and Cafe,-37.8126591,144.9745925
Fitzroy,cafe,Libertine & Co.,-37.7996419,144.9897132
Fitzroy,cafe,Grocerybar,-37.809878,144.985434
Fitzroy,cafe,Cavallini,-37.7880728,144.9914462
Fitzroy,cafe,Bean Around Bakery-Café,-37.7881146,144.9913458
Fitzroy,cafe,Juddy Roller,-37.7990341,144.9825548
Fitzroy,cafe,Gong Cha,-37.812455,144.9649343
Fitzroy,cafe,Victoria Deli,-37.8092382,144.9891137
Fitzroy,cafe,Dog House,-37.7998667,144.9919632
Fitzroy,cafe,South of Johnston,-37.806001,144.984635
Fitzroy,cafe,That Schnitzel Place,-37.810514,144.969612
Fitzroy,cafe,Argos Loves Company,-37.803143,144.977468
Fitzroy,cafe,Martha Ray's,-37.804749,144.97723
Fitzroy,cafe,East Side Story,-37.80846,144.974797
Fitzroy,cafe,Dr. Morse,-37.799833,144.9941396
Fitzroy,cafe,Napier Quarter,-37.7968656,144.9808288
Fitzroy,cafe,"Lemon, Middle & Orange",-37.8073053,144.9878787
Fitzroy,cafe,Addict,-37.7989725,144.9832189
Fitzroy,cafe,Unnamed cafe,-37.808532,144.970723
Fitzroy,cafe,The Fair Trader,-37.815598,144.971982
Fitzroy,cafe,KereKere Green,-37.8149104,144.9792572
Fitzroy,cafe,Global Kitchen Cafe,-37.808452,144.968706
Fitzroy,cafe,STREAT,-37.8064154,144.9901235
Fitzroy,cafe,Tutto,-37.8008602,144.9665693
Fitzroy,cafe,Traveller Coffee,-37.8114318,144.971205
Fitzroy,cafe,ACspresSO Cafe,-37.8099748,144.9922714
Fitzroy,cafe,Allpress Roastery,-37.8065212,144.9891319
Fitzroy,cafe,Georgie's on Cambridge,-37.804436,144.985751
Fitzroy,cafe,Made in Sud,-37.80833,144.9905463
Fitzroy,cafe,Wild Timor Coffee Co.,-37.7986544,144.9654934
Fitzroy,cafe,Chocolate Arcade,-37.815099,144.965765
Fitzroy,cafe,Caffe Chiera,-37.8067338,144.9891349
Fitzroy,cafe,Unnamed cafe,-37.7945918,144.9788489
Fitzroy,cafe,Beeter Swit,-37.795159,144.9791681
Fitzroy,cafe,Cafe Box,-37.813,144.967947
Fitzroy,cafe,Proud Sprout,-37.8053633,144.985785
Fitzroy,cafe,Plug Nickel,-37.8051621,144.983949
Fitzroy,cafe,Sojo To Go,-37.8050173,144.984725
Fitzroy,cafe,Tiamo,-37.7981827,144.9671674
Fitzroy,cafe,Campos,-37.7971996,144.9697182
Fitzroy,cafe,Health Studio and Backyard Cafe,-37.8015916,144.9661084
Fitzroy,cafe,The Fitz,-37.7967671,144.9786367
Fitzroy,cafe,Zouki Cafe,-37.8119043,144.9775796
Fitzroy,cafe,La Latteria,-37.797415,144.97114
Fitzroy,cafe,Cleaver & Quill Cafe,-37.8014271,144.9775045
Fitzroy,cafe,Smith and Deli,-37.8014628,144.9787111
Fitzroy,cafe,Unnamed cafe,-37.7946063,144.9793332
Fitzroy,cafe,Square and Compass,-37.8096886,144.9839138
Fitzroy,cafe,Soul Soup,-37.8054556,144.9643665
Fitzroy,cafe,Hopetoun Tea Rooms,-37.8157821,144.9647018
Fitzroy,cafe,Market Lane Coffee,-37.7986545,144.968513
Fitzroy,cafe,Cafenatics,-37.8141709,144.9676132
Fitzroy,cafe,Parcs,-37.8140374,144.9673718
Fitzroy,cafe,Coffee Peddlr,-37.8074085,144.9929792
Fitzroy,cafe,Hap,-37.7886588,144.9718262
Fitzroy,cafe,Unnamed cafe,-37.8133332,144.9720018
Fitzroy,cafe,Vertue Coffee Roasters,-37.7976778,144.9683437
Fitzroy,cafe,The Belljar,-37.7916738,144.9856759
Fitzroy,cafe,Patisserie Madeleine De Proust,-37.7995521,144.9669311
Fitzroy,cafe,Midtown,-37.814248,144.9671999
Fitzroy,cafe,The Dessert Kitchen,-37.8114469,144.9693178
Fitzroy,cafe,Nana's Green Tea,-37.8128242,144.9685593
Fitzroy,cafe,In a Rush,-37.8129111,144.9701668
Fitzroy,cafe,Brown Sugar,-37.8153063,144.9642999
Fitzroy,cafe,Gordon’s,-37.8145437,144.9642886
Fitzroy,cafe,Coffee Exchange,-37.8126026,144.9730264
Fitzroy,cafe,Axil Coffee Roasters,-37.8150764,144.9714768
Fitzroy,cafe,Tom Thumb,-37.8148983,144.9727708
Fitzroy,cafe,Vacation,-37.8159177,144.9721312
Fitzroy,cafe,Assembly,-37.802704,144.9673231
Fitzroy,cafe,Lune,-37.8155697,144.9691638
Fitzroy,cafe,Koko Black Chocolate,-37.8154143,144.9662539
Fitzroy,cafe,Green Cup,-37.798738,144.9664396
Fitzroy,cafe,Courtyard 55,-37.8076182,144.9755061
Fitzroy,cafe,Lonsdale Street Larder,-37.8094748,144.9711439
Fitzroy,cafe,Mr Speaker,-37.8092099,144.9715755
Fitzroy,cafe,Anda,-37.809638,144.9720241
Fitzroy,cafe,Caravan Coffee,-37.809679,144.9753275
Fitzroy,cafe,San Churro,-37.8015265,144.9665907
Fitzroy,cafe,Union Kiosk,-37.8150064,144.9652364
Fitzroy,cafe,Basement Espresso,-37.8087663,144.9779671
Fitzroy,cafe,Cafe Lansdowne,-37.8090467,144.9781972
Fitzroy,cafe,Vincent the Dog,-37.7977605,144.9691421
Fitzroy,cafe,Le Miel,-37.7968607,144.9663103
Fitzroy,cafe,Bossa Nova,-37.7971894,144.969434
Fitzroy,cafe,Solah,-37.8089999,144.9798533
Fitzroy,cafe,Terror Twilight,-37.7991491,144.9849275
Fitzroy,cafe,Class Ramen,-37.811257,144.9674504
Fitzroy,cafe,Two:Bob,-37.7891908,144.9885873
Fitzroy,cafe,The Studio Beans,-37.8066979,144.9862227
Fitzroy,cafe,The League of Honest Coffee,-37.8092534,144.9684342
Fitzroy,cafe,Coffee + Office,-37.7965615,144.9848355
Fitzroy,cafe,Padre Coffee,-37.7993758,144.9860962
Fitzroy,cafe,Bentwood,-37.8006268,144.9801978
Fitzroy,cafe,Blonde Food and Drink,-37.7937584,144.9790683
Fitzroy,cafe,Louis Fitzroy,-37.8014909,144.9775776
Fitzroy,cafe,Into Coffee,-37.8055174,144.9866741
Fitzroy,cafe,Xing Fu Tang,-37.8137882,144.9659694
Fitzroy,cafe,My Modern,-37.813046,144.9679913
Fitzroy,cafe,Wu Cha,-37.8118625,144.9678868
Fitzroy,cafe,Bubble Cup,-37.8106485,144.9658383
Fitzroy,cafe,Chatime,-37.810687,144.9657626
Fitzroy,cafe,Sharetea,-37.811371,144.9644057
Fitzroy,cafe,CoCo Fresh Tea & Juice,-37.8120734,144.9651916
Fitzroy,cafe,Top Tea,-37.8121854,144.9652417
Fitzroy,cafe,Barbarella,-37.8155596,144.9644134
Fitzroy,cafe,Le Petit Chateau,-37.8154842,144.964372
Fitzroy,cafe,30 Block Place,-37.8152596,144.964372
Fitzroy,cafe,Lt Nic,-37.8115231,144.9643656
Fitzroy,cafe,Hectors Deli,-37.8015812,144.9787002
Fitzroy,cafe,Sonido,-37.8055734,144.9763794
Fitzroy,cafe,Unnamed cafe,-37.8120661,144.9652048
Fitzroy,cafe,Fledgling Espresso,-37.7877854,144.9723784
Fitzroy,cafe,Bloomwood,-37.8125537,144.9704851
Fitzroy,cafe,Warkop,-37.8126094,144.9729732
Fitzroy,cafe,Starbucks,-37.8115889,144.9705649
Fitzroy,cafe,Acoffee,-37.7982359,144.9856593
Fitzroy,cafe,Maverick,-37.8133111,144.9705103
Fitzroy,cafe,People's Coffee,-37.8136265,144.9707146
Fitzroy,cafe,Upstate Coffee,-37.813731,144.9708413
Fitzroy,cafe,Quists Coffee,-37.8138348,144.968048
Fitzroy,cafe,Other Side,-37.8139701,144.9676536
Fitzroy,cafe,Industry Beans,-37.7947657,144.9781415
Fitzroy,cafe,Smith+Deli,-37.8046867,144.9854003
Fitzroy,cafe,Ima Project Cafe,-37.7975076,144.9692056
Fitzroy,cafe,Cafe Kinetic,-37.8153921,144.9709267
Fitzroy,cafe,Science Gallery Cafe,-37.800252,144.9644285
Fitzroy,cafe,Superfloor Cafe,-37.800023,144.9645621
Fitzroy,cafe,Mars Miller,-37.8100645,144.9685203
Fitzroy,cafe,Axil,-37.8094469,144.97076
Fitzroy,cafe,Nico's Sandwich Deli,-37.7968781,144.9790148
Fitzroy,cafe,Black Velvet Coffee,-37.8125576,144.9709906
Fitzroy,cafe,Max Brenner,-37.8108065,144.9651784
Fitzroy,cafe,Okey Dokey Dessert,-37.8122854,144.9658479
Fitzroy,cafe,Foundry Lane,-37.8104731,144.9676255
Fitzroy,cafe,Tokyo Lamington,-37.79679,144.96552
Fitzroy,cafe,Max Brenner,-37.8106428,144.9653735
Fitzroy,cafe,Swan Lab Barista School,-37.812258,144.9671232
Fitzroy,cafe,The Heart of Carlton,-37.797375,144.968215
Fitzroy,cafe,Starbucks,-37.8149559,144.966053
Fitzroy,cafe,CM & Co,-37.8099978,144.970635
Fitzroy,cafe,Tami Sweet,-37.810728,144.9681424
Fitzroy,cafe,Bobby's,-37.8101356,144.9706829
Fitzroy,cafe,Charlie's Tea,-37.8115911,144.9651811
Fitzroy,cafe,North,-37.7880896,144.9719341
Fitzroy,cafe,The Fat Spatula,-37.7904549,144.9714973
Fitzroy,cafe,All Day Tre,-37.7905439,144.9714987
Fitzroy,cafe,Florian,-37.7906764,144.9714816
Fitzroy,cafe,Nijuusan,-37.7987159,144.9663339
Fitzroy,cafe,Awa French Crêperie,-37.8021756,144.9779401
Fitzroy,cafe,Naau Cafe,-37.8099972,144.9670205
Fitzroy,cafe,Mile End Bagels,-37.7982291,144.9754792
Fitzroy,cafe,Zio's Restaurant,-37.8094356,144.9786606
Fitzroy,cafe,University Cafe,-37.7994488,144.9668738
Fitzroy,cafe,Lygon Food Store,-37.7991983,144.9669393
Fitzroy,cafe,Coffee With Benefeats,-37.7990459,144.9669225
Fitzroy,cafe,Two Birds Cafe,-37.8053159,144.9851698
Fitzroy,cafe,Blume Coffee Roasters,-37.8017342,144.9932786
Fitzroy,cafe,Red Bird Cafe,-37.805337,144.9940945
Fitzroy,cafe,K&K Fitzroy,-37.7968436,144.975374
Fitzroy,gym,Action School of Yoga,-37.80068,144.983757
Fitzroy,gym,Clifton Hill Yoga Studio,-37.7892468,144.9902274
Fitzroy,gym,CrossFit Collingwood,-37.8061913,144.9899356
Fitzroy,gym,Das Studio Pilates,-37.7987,144.984084
Fitzroy,gym,Barrebody,-37.802211,144.977498
Fitzroy,gym,"By Design, Mind & Body",-37.7980493,144.9772092
Fitzroy,gym,Fitness 24 Hours,-37.798069,144.979249
Fitzroy,gym,RBT Result Based Training,-37.8082416,144.9859843
Fitzroy,gym,Clifton Hill Pilates & Rehab,-37.7895239,144.9895559
Fitzroy,gym,F45 Training,-37.7956214,144.9754325
Fitzroy,gym,Universal Practice,-37.7985033,144.9790573
Fitzroy,gym,Simhanada Ashtanga Yoga School,-37.7977128,144.9874572
Fitzroy,gym,Project Better,-37.7955789,144.9850385
Fitzroy,gym,Absolute MMA Collingwood,-37.8038711,144.990661
Fitzroy,gym,Anytime Fitness,-37.8042366,144.9866837
Fitzroy,gym,Body Fit Training,-37.7939105,144.9790529
Fitzroy,gym,Absolute MMA CBD,-37.8123789,144.9711275
Fitzroy,gym,Fluid Fitness,-37.8068392,144.9897202
Fitzroy,gym,Fitness First,-37.8106826,144.9659966
Fitzroy,gym,GoodLife Health Clubs,-37.7978625,144.9762903
Fitzroy,library,Fitzroy Library,-37.8018889,144.979691
Fitzroy,library,Collingwood Library,-37.804503,144.99293
Fitzroy,library,State Library Victoria,-37.8097018,144.965488
Fitzroy,library,East Melbourne Library and Community Centre,-37.8150407,144.9863907
Fitzroy,library,Russian House Library,-37.8003865,144.9823455
Fitzroy,library,Carlton Library,-37.7894553,144.9715865
Abbotsford,supermarket,ALDI,-37.8093845,144.9956596
Abbotsford,supermarket,Minh Phat Asian Supermarket,-37.8095858,144.9963729
Abbotsford,supermarket,Woolworths,-37.8093706,144.99558
Abbotsford,supermarket,IGA,-37.8097374,144.98563
Abbotsford,supermarket,Foodworks,-37.7998871,144.9922356
Abbotsford,supermarket,IGA,-37.7999747,144.9957652
Abbotsford,supermarket,Tân Hung Asian Grocery,-37.8104013,144.9980745
Abbotsford,supermarket,Richmond Grocery Store,-37.810333,144.997368
Abbotsford,supermarket,Woolworths Metro,-37.8002028,144.9949422
Abbotsford,supermarket,Frederick's Local Grocery,-37.818229,144.9975854
Abbotsford,supermarket,Wing Chong Asian Supermarket,-37.8097393,144.9939322
Abbotsford,supermarket,Green Square IGA plus Liquor,-37.8109903,145.007512
Abbotsford,supermarket,Coles,-37.8173906,144.9988683
Abbotsford,supermarket,Coles,-37.8139592,145.0115685
Abbotsford,supermarket,Woolworths Metro Smith Street,-37.7978744,144.9841966
Abbotsford,cafe,Victoria Lounge,-37.8099642,144.9939912
Abbotsford,cafe,Ladybird Café,-37.7991717,144.9875019
Abbotsford,cafe,Brunches n Lunches,-37.7995311,144.988708
Abbotsford,cafe,The Alt Grill and Bar,-37.7991997,144.984395
Abbotsford,cafe,Quint Cafe,-37.809917,144.995821
Abbotsford,cafe,Glassworks Café,-37.8047212,144.9881172
Abbotsford,cafe,Cambridge Cafe,-37.8071265,144.9849617
Abbotsford,cafe,Hektor Woodleys,-37.8115506,145.0124691
Abbotsford,cafe,Romano's Coffee,-37.809743,144.995519
Abbotsford,cafe,Loosie Grind,-37.805306,144.996627
Abbotsford,cafe,Proud Mary,-37.802337,144.985247
Abbotsford,cafe,Friends of the Earth,-37.7999187,144.9842634
Abbotsford,cafe,Bluebird Espresso,-37.7993857,144.9895163
Abbotsford,cafe,VIT Cafe,-37.8009591,145.0022916
Abbotsford,cafe,Crossroads Cafe,-37.804665,144.9900996
Abbotsford,cafe,Cibi Cafe (Dine In),-37.7970912,144.9858952
Abbotsford,cafe,Everyday Coffee,-37.7982461,144.9858872
Abbotsford,cafe,EJ's Gourmet Food,-37.799808,144.993784
Abbotsford,cafe,Pavlov's Duck,-37.7964633,144.9845425
Abbotsford,cafe,Uncle Drew Cafe,-37.7942352,144.9981404
Abbotsford,cafe,Bomb Cafe,-37.8000341,144.9938076
Abbotsford,cafe,Jamaica Blue,-37.812288,145.011291
Abbotsford,cafe,Libertine & Co.,-37.7996419,144.9897132
Abbotsford,cafe,Grocerybar,-37.809878,144.985434
Abbotsford,cafe,Victoria Deli,-37.8092382,144.9891137
Abbotsford,cafe,Dog House,-37.7998667,144.9919632
Abbotsford,cafe,South of Johnston,-37.806001,144.984635
Abbotsford,cafe,Abbotsford Pantry,-37.8084889,144.9999844
Abbotsford,cafe,Dr. Morse,-37.799833,144.9941396
Abbotsford,cafe,8 Layers,-37.8113055,145.0072417
Abbotsford,cafe,Grisley Bear Cafe,-37.8132432,144.9994417
Abbotsford,cafe,Mothership,-37.8069234,144.9986977
Abbotsford,cafe,Mavis the Grocer,-37.8030269,144.9970286
Abbotsford,cafe,Kaede,-37.8004034,144.9973958
Abbotsford,cafe,"Lemon, Middle & Orange",-37.8073053,144.9878787
Abbotsford,cafe,A Thousand Blessings,-37.8160197,145.0018998
Abbotsford,cafe,Life. Kitchen,-37.8142085,145.0046129
Abbotsford,cafe,Gypsey & Musquito,-37.8192242,145.0043425
Abbotsford,cafe,Three Bags Full,-37.8073914,144.9965445
Abbotsford,cafe,STREAT,-37.8064154,144.9901235
Abbotsford,cafe,ACspresSO Cafe,-37.8099748,144.9922714
Abbotsford,cafe,Allpress Roastery,-37.8065212,144.9891319
Abbotsford,cafe,Cafe Krifi,-37.8132903,145.011867
Abbotsford,cafe,My Sushi,-37.8161557,144.9846178
Abbotsford,cafe,Laurent Boulangerie Patisserie,-37.8161942,144.984965
Abbotsford,cafe,Georgie's on Cambridge,-37.804436,144.985751
Abbotsford,cafe,Made in Sud,-37.80833,144.9905463
Abbotsford,cafe,Caffe Chiera,-37.8067338,144.9891349
Abbotsford,cafe,Richmond Hill Cafe & Larder,-37.8178204,144.9914647
Abbotsford,cafe,Proud Sprout,-37.8053633,144.985785
Abbotsford,cafe,Plug Nickel,-37.8051621,144.983949
Abbotsford,cafe,Sojo To Go,-37.8050173,144.984725
Abbotsford,cafe,Square and Compass,-37.8096886,144.9839138
Abbotsford,cafe,Be The Duck,-37.8163899,145.0090352
Abbotsford,cafe,Dirty Apron,-37.790641,144.997134
Abbotsford,cafe,Coffee Peddlr,-37.8074085,144.9929792
Abbotsford,cafe,Little Bridge Cafe,-37.817777,144.9910714
Abbotsford,cafe,The Belljar,-37.7916738,144.9856759
Abbotsford,cafe,Tuck Shop Turnery,-37.8137736,144.9987864
Abbotsford,cafe,Trennery Cafe,-37.8002121,145.0001761
Abbotsford,cafe,Chomp Cafe,-37.7999748,144.9998757
Abbotsford,cafe,Fifty Acres,-37.8176608,144.992274
Abbotsford,cafe,Winkel,-37.815283,144.9999352
Abbotsford,cafe,Terror Twilight,-37.7991491,144.9849275
Abbotsford,cafe,Modena,-37.8163023,145.0090461
Abbotsford,cafe,The Studio Beans,-37.8066979,144.9862227
Abbotsford,cafe,Coffee + Office,-37.7965615,144.9848355
Abbotsford,cafe,Padre Coffee,-37.7993758,144.9860962
Abbotsford,cafe,Cafe Venziano,-37.8167347,145.0132591
Abbotsford,cafe,Little Bridge Cafe,-37.8177938,144.9912213
Abbotsford,cafe,Au79,-37.8179956,144.9990814
Abbotsford,cafe,Into Coffee,-37.8055174,144.9866741
Abbotsford,cafe,Maker,-37.8162651,145.011342
Abbotsford,cafe,Little Ezida,-37.810578,145.0033759
Abbotsford,cafe,The Grey Smith,-37.8163058,144.9859031
Abbotsford,cafe,Riché,-37.8181283,144.9960881
Abbotsford,cafe,Acoffee,-37.7982359,144.9856593
Abbotsford,cafe,Smith+Deli,-37.8046867,144.9854003
Abbotsford,cafe,In The Cup,-37.7967278,145.0113441
Abbotsford,cafe,Coffee Supreme,-37.8091914,145.006807
Abbotsford,cafe,Little Molli,-37.806893,144.9966367
Abbotsford,cafe,Warm Hugs,-37.8163383,144.9951366
Abbotsford,cafe,Three One Two One,-37.8194887,145.0057518
Abbotsford,cafe,Good for the Gander,-37.8193962,145.0049193
Abbotsford,cafe,Bohème,-37.8192765,145.0035893
Abbotsford,cafe,Unnamed cafe,-37.8193046,145.0040948
Abbotsford,cafe,Clover & Rye,-37.8194738,145.0050497
Abbotsford,cafe,The Farm Cafe,-37.8030287,145.0057511
Abbotsford,cafe,Warm Hug,-37.8163488,144.9951648
Abbotsford,cafe,Reunion & Co,-37.8196796,145.0073478
Abbotsford,cafe,Two Birds Cafe,-37.8053159,144.9851698
Abbotsford,cafe,Blume Coffee Roasters,-37.8017342,144.9932786
Abbotsford,cafe,Red Bird Cafe,-37.805337,144.9940945
Abbotsford,cafe,Pokapoka Japanese Kitchen,-37.8164079,144.9876344
Abbotsford,cafe,Au79 Café,-37.8088089,144.9957773
Abbotsford,gym,Fitness First,-37.8137013,145.0118925
Abbotsford,gym,CrossFit Collingwood,-37.8061913,144.9899356
Abbotsford,gym,Das Studio Pilates,-37.7987,144.984084
Abbotsford,gym,RBT Result Based Training,-37.8082416,144.9859843
Abbotsford,gym,Simhanada Ashtanga Yoga School,-37.7977128,144.9874572
Abbotsford,gym,EMS Studio,-37.8180095,144.9952681
Abbotsford,gym,Project Better,-37.7955789,144.9850385
Abbotsford,gym,Absolute MMA Collingwood,-37.8038711,144.990661
Abbotsford,gym,Gym 24/7 Richmond,-37.8108571,145.0053212
Abbotsford,gym,Anytime Fitness,-37.8042366,144.9866837
Abbotsford,gym,Smart Fit Studio,-37.8177323,144.9903472
Abbotsford,gym,Fluid Fitness,-37.8068392,144.9897202
Abbotsford,gym,Zap Fitness,-37.8191467,145.0076136
Abbotsford,gym,Richmond Recreation Centre,-37.8176456,145.0022369
Abbotsford,gym,Dukes Gym,-37.810823,145.0056821
Abbotsford,gym,Hurtlocker,-37.8180752,145.0124113
Abbotsford,gym,Dukes Gym,-37.8180991,145.0120976
Abbotsford,gym,Crunch Fitness,-37.8187394,145.0092346
Abbotsford,library,Collingwood Library,-37.804503,144.99293
Abbotsford,library,Collingwood Toy Library,-37.7973804,144.9958633
Abbotsford,library,East Melbourne Library and Community Centre,-37.8150407,144.9863907
East Melbourne,supermarket,Coles,-37.8254909,144.9947938
East Melbourne,supermarket,KimChi Korean Japanese Grocery,-37.802712,144.977554
East Melbourne,supermarket,Sika Supermarket,-37.8044181,144.9772684
East Melbourne,supermarket,Casa Iberica,-37.7979262,144.9759075
East Melbourne,supermarket,Foodworks,-37.805942,144.98017
East Melbourne,supermarket,IGA,-37.809886,144.971151
East Melbourne,supermarket,ALDI,-37.8093845,144.9956596
East Melbourne,supermarket,Minh Phat Asian Supermarket,-37.8095858,144.9963729
East Melbourne,supermarket,Woolworths,-37.8093706,144.99558
East Melbourne,supermarket,IGA,-37.8097374,144.98563
East Melbourne,supermarket,Hinoki Japanese Pantry,-37.8005727,144.983832
East Melbourne,supermarket,Organic Wholefoods,-37.800652,144.983823
East Melbourne,supermarket,Foodworks,-37.7998871,144.9922356
East Melbourne,supermarket,The Source Bulk Foods,-37.8028064,144.9837684
East Melbourne,supermarket,IGA,-37.7999747,144.9957652
East Melbourne,supermarket,Aunt Maggies,-37.806295,144.981009
East Melbourne,supermarket,Sonsa Foods,-37.8025305,144.9838161
East Melbourne,supermarket,Vegetable Connection,-37.799665,144.97808
East Melbourne,supermarket,Foodworks,-37.802612,144.978102
East Melbourne,supermarket,Cheaper Buy Miles,-37.798272,144.9791079
East Melbourne,supermarket,Coles,-37.803803,144.983619
East Melbourne,supermarket,Tân Hung Asian Grocery,-37.8104013,144.9980745
East Melbourne,supermarket,Richmond Grocery Store,-37.810333,144.997368
East Melbourne,supermarket,Woolworths Metro,-37.8002028,144.9949422
East Melbourne,supermarket,Frederick's Local Grocery,-37.818229,144.9975854
East Melbourne,supermarket,Wing Chong Asian Supermarket,-37.8097393,144.9939322
East Melbourne,supermarket,ALDI,-37.7987035,144.9836527
East Melbourne,supermarket,Coles,-37.8173906,144.9988683
East Melbourne,supermarket,Woolworths,-37.8014256,144.9832348
East Melbourne,supermarket,Coles,-37.7978511,144.9779798
East Melbourne,supermarket,Woolworths Metro Smith Street,-37.7978744,144.9841966
East Melbourne,cafe,Stagger Lee's,-37.7989463,144.978543
East Melbourne,cafe,Victoria Lounge,-37.8099642,144.9939912
East Melbourne,cafe,Cafe 117,-37.8252086,144.994992
East Melbourne,cafe,Sir Charles,-37.7982584,144.9789257
East Melbourne,cafe,Endis Café,-37.7988255,144.9771439
East Melbourne,cafe,Black Cat,-37.799889,144.978373
East Melbourne,cafe,Le Gourmet Cakes,-37.7992836,144.978146
East Melbourne,cafe,Atomica Caffé,-37.7993698,144.9784906
East Melbourne,cafe,Gutz,-37.800815,144.977868
East Melbourne,cafe,Houndstooth,-37.7982227,144.976029
East Melbourne,cafe,Garden View Cafe,-37.80604,144.973766
East Melbourne,cafe,Alimentari,-37.7997308,144.9780654
East Melbourne,cafe,Cafe Ecco,-37.808354,144.973813
East Melbourne,cafe,Newtown Social Club,-37.802175,144.978063
East Melbourne,cafe,Hudsons Coffee,-37.810099,144.972162
East Melbourne,cafe,Ladybird Café,-37.7991717,144.9875019
East Melbourne,cafe,Stop 17,-37.8035466,144.983323
East Melbourne,cafe,Marios,-37.7979694,144.9783876
East Melbourne,cafe,Burnside,-37.806186,144.98289
East Melbourne,cafe,Uptown Jazz Café,-37.8021833,144.9776109
East Melbourne,cafe,Pellegrini's,-37.811722,144.971173
East Melbourne,cafe,Auntie Mai's,-37.8059088,144.9775888
East Melbourne,cafe,Piadina Take Away,-37.8060295,144.9786644
East Melbourne,cafe,Radio,-37.805572,144.976576
East Melbourne,cafe,Caffettino,-37.80547,144.975633
East Melbourne,cafe,Brunches n Lunches,-37.7995311,144.988708
East Melbourne,cafe,Nourish,-37.8047657,144.9834417
East Melbourne,cafe,Cafe Rosamond,-37.8034776,144.9832625
East Melbourne,cafe,A Kiss Xpresso,-37.8152071,144.9722311
East Melbourne,cafe,Lane's Edge,-37.811838,144.972057
East Melbourne,cafe,Uncle & Jak,-37.798217,144.9758
East Melbourne,cafe,Sir Osborn,-37.809092,144.973293
East Melbourne,cafe,The Alt Grill and Bar,-37.7991997,144.984395
East Melbourne,cafe,Café Excello,-37.812532,144.973293
East Melbourne,cafe,Archie's,-37.805994,144.98093
East Melbourne,cafe,Arcadia,-37.8060083,144.981038
East Melbourne,cafe,Max's Café,-37.8042401,144.9772845
East Melbourne,cafe,Quint Cafe,-37.809917,144.995821
East Melbourne,cafe,Glassworks Café,-37.8047212,144.9881172
East Melbourne,cafe,Cambridge Cafe,-37.8071265,144.9849617
East Melbourne,cafe,Le Cellier,-37.800571,144.977894
East Melbourne,cafe,Nick's Food Corner,-37.8082138,144.9792154
East Melbourne,cafe,Romano's Coffee,-37.809743,144.995519
East Melbourne,cafe,Loosie Grind,-37.805306,144.996627
East Melbourne,cafe,Museum Cafe,-37.803693,144.972686
East Melbourne,cafe,Proud Mary,-37.802337,144.985247
East Melbourne,cafe,Gabriel - Fitzroy,-37.805983,144.9808259
East Melbourne,cafe,Birdman Eating,-37.8064272,144.9825263
East Melbourne,cafe,Prego Amico,-37.8030472,144.9834264
East Melbourne,cafe,Friends of the Earth,-37.7999187,144.9842634
East Melbourne,cafe,Slowpoke,-37.802864,144.977535
East Melbourne,cafe,Bluebird Espresso,-37.7993857,144.9895163
East Melbourne,cafe,INI Coffee,-37.8064871,144.9831393
East Melbourne,cafe,Mr. Tod,-37.8117758,144.9756391
East Melbourne,cafe,Crossroads Cafe,-37.804665,144.9900996
East Melbourne,cafe,Pavilion Cafe,-37.8131311,144.9812948
East Melbourne,cafe,Liaison,-37.8129404,144.972438
East Melbourne,cafe,Madame Brussels,-37.8119505,144.971546
East Melbourne,cafe,Everyday Coffee,-37.7982461,144.9858872
East Melbourne,cafe,EJ's Gourmet Food,-37.799808,144.993784
East Melbourne,cafe,Bomb Cafe,-37.8000341,144.9938076
East Melbourne,cafe,Little Gordon,-37.810524,144.9717049
East Melbourne,cafe,Treasury Deli and Cafe,-37.8126591,144.9745925
East Melbourne,cafe,Libertine & Co.,-37.7996419,144.9897132
East Melbourne,cafe,Grocerybar,-37.809878,144.985434
East Melbourne,cafe,Juddy Roller,-37.7990341,144.9825548
East Melbourne,cafe,Victoria Deli,-37.8092382,144.9891137
East Melbourne,cafe,Dog House,-37.7998667,144.9919632
East Melbourne,cafe,South of Johnston,-37.806001,144.984635
East Melbourne,cafe,Argos Loves Company,-37.803143,144.977468
East Melbourne,cafe,Martha Ray's,-37.804749,144.97723
East Melbourne,cafe,East Side Story,-37.80846,144.974797
East Melbourne,cafe,Abbotsford Pantry,-37.8084889,144.9999844
East Melbourne,cafe,Dr. Morse,-37.799833,144.9941396
East Melbourne,cafe,Grisley Bear Cafe,-37.8132432,144.9994417
East Melbourne,cafe,Mothership,-37.8069234,144.9986977
East Melbourne,cafe,Mavis the Grocer,-37.8030269,144.9970286
East Melbourne,cafe,Kaede,-37.8004034,144.9973958
East Melbourne,cafe,"Lemon, Middle & Orange",-37.8073053,144.9878787
East Melbourne,cafe,Addict,-37.7989725,144.9832189
East Melbourne,cafe,The Fair Trader,-37.815598,144.971982
East Melbourne,cafe,Three Bags Full,-37.8073914,144.9965445
East Melbourne,cafe,KereKere Green,-37.8149104,144.9792572
East Melbourne,cafe,STREAT,-37.8064154,144.9901235
East Melbourne,cafe,Traveller Coffee,-37.8114318,144.971205
East Melbourne,cafe,My Stubbon Cousin,-37.8196533,144.9953966
East Melbourne,cafe,ACspresSO Cafe,-37.8099748,144.9922714
East Melbourne,cafe,Allpress Roastery,-37.8065212,144.9891319
East Melbourne,cafe,Unnamed cafe,-37.8242051,144.9917605
East Melbourne,cafe,My Sushi,-37.8161557,144.9846178
East Melbourne,cafe,Laurent Boulangerie Patisserie,-37.8161942,144.984965
East Melbourne,cafe,Georgie's on Cambridge,-37.804436,144.985751
East Melbourne,cafe,Made in Sud,-37.80833,144.9905463
East Melbourne,cafe,Caffe Chiera,-37.8067338,144.9891349
East Melbourne,cafe,Richmond Hill Cafe & Larder,-37.8178204,144.9914647
East Melbourne,cafe,Proud Sprout,-37.8053633,144.985785
East Melbourne,cafe,Plug Nickel,-37.8051621,144.983949
East Melbourne,cafe,Sojo To Go,-37.8050173,144.984725
East Melbourne,cafe,Zouki Cafe,-37.8119043,144.9775796
East Melbourne,cafe,Cleaver & Quill Cafe,-37.8014271,144.9775045
East Melbourne,cafe,Smith and Deli,-37.8014628,144.9787111
East Melbourne,cafe,Square and Compass,-37.8096886,144.9839138
East Melbourne,cafe,Coffee Peddlr,-37.8074085,144.9929792
East Melbourne,cafe,Unnamed cafe,-37.8133332,144.9720018
East Melbourne,cafe,Little Bridge Cafe,-37.817777,144.9910714
East Melbourne,cafe,Coffee Exchange,-37.8126026,144.9730264
East Melbourne,cafe,Axil Coffee Roasters,-37.8150764,144.9714768
East Melbourne,cafe,Tom Thumb,-37.8148983,144.9727708
East Melbourne,cafe,Vacation,-37.8159177,144.9721312
East Melbourne,cafe,Black Gold,-37.8232072,144.9938877
East Melbourne,cafe,Rowena Corner Store,-37.8215275,144.9926479
East Melbourne,cafe,Courtyard 55,-37.8076182,144.9755061
East Melbourne,cafe,Lonsdale Street Larder,-37.8094748,144.9711439
East Melbourne,cafe,Mr Speaker,-37.8092099,144.9715755
East Melbourne,cafe,Anda,-37.809638,144.9720241
East Melbourne,cafe,Caravan Coffee,-37.809679,144.9753275
East Melbourne,cafe,Almost French Patisserie,-37.8254052,144.9943865
East Melbourne,cafe,Tuck Shop Turnery,-37.8137736,144.9987864
East Melbourne,cafe,Trennery Cafe,-37.8002121,145.0001761
East Melbourne,cafe,Chomp Cafe,-37.7999748,144.9998757
East Melbourne,cafe,Basement Espresso,-37.8087663,144.9779671
East Melbourne,cafe,Cafe Lansdowne,-37.8090467,144.9781972
East Melbourne,cafe,Fifty Acres,-37.8176608,144.992274
East Melbourne,cafe,Winkel,-37.815283,144.9999352
East Melbourne,cafe,Solah,-37.8089999,144.9798533
East Melbourne,cafe,Terror Twilight,-37.7991491,144.9849275
East Melbourne,cafe,The Studio Beans,-37.8066979,144.9862227
East Melbourne,cafe,Riverslide Skate Shop and Café,-37.8209295,144.9728423
East Melbourne,cafe,Padre Coffee,-37.7993758,144.9860962
East Melbourne,cafe,Bentwood,-37.8006268,144.9801978
East Melbourne,cafe,Cheeky Monkey,-37.8251051,144.9943803
East Melbourne,cafe,Louis Fitzroy,-37.8014909,144.9775776
East Melbourne,cafe,Little Bridge Cafe,-37.8177938,144.9912213
East Melbourne,cafe,Au79,-37.8179956,144.9990814
East Melbourne,cafe,Into Coffee,-37.8055174,144.9866741
East Melbourne,cafe,The Grey Smith,-37.8163058,144.9859031
East Melbourne,cafe,Riché,-37.8181283,144.9960881
East Melbourne,cafe,Mugs Alley,-37.8161839,144.976049
East Melbourne,cafe,Hectors Deli,-37.8015812,144.9787002
East Melbourne,cafe,Sonido,-37.8055734,144.9763794
East Melbourne,cafe,Sable,-37.8260934,144.9960421
East Melbourne,cafe,Warkop,-37.8126094,144.9729732
East Melbourne,cafe,Acoffee,-37.7982359,144.9856593
East Melbourne,cafe,Smith+Deli,-37.8046867,144.9854003
East Melbourne,cafe,Cafe Kinetic,-37.8153921,144.9709267
East Melbourne,cafe,Black Velvet Coffee,-37.8125576,144.9709906
East Melbourne,cafe,Bakes & Bagels,-37.8260307,144.995437
East Melbourne,cafe,Rowena Corner Store,-37.8206613,144.9917479
East Melbourne,cafe,Little Molli,-37.806893,144.9966367
East Melbourne,cafe,Warm Hugs,-37.8163383,144.9951366
East Melbourne,cafe,Hector's Bakery,-37.8238502,144.9909365
East Melbourne,cafe,Awa French Crêperie,-37.8021756,144.9779401
East Melbourne,cafe,Mile End Bagels,-37.7982291,144.9754792
East Melbourne,cafe,Zio's Restaurant,-37.8094356,144.9786606
East Melbourne,cafe,Warm Hug,-37.8163488,144.9951648
East Melbourne,cafe,Two Birds Cafe,-37.8053159,144.9851698
East Melbourne,cafe,Blume Coffee Roasters,-37.8017342,144.9932786
East Melbourne,cafe,Red Bird Cafe,-37.805337,144.9940945
East Melbourne,cafe,Pokapoka Japanese Kitchen,-37.8164079,144.9876344
East Melbourne,cafe,Au79 Café,-37.8088089,144.9957773
East Melbourne,cafe,pg.2,-37.8256434,144.9990372
East Melbourne,gym,Action School of Yoga,-37.80068,144.983757
East Melbourne,gym,CrossFit Collingwood,-37.8061913,144.9899356
East Melbourne,gym,Das Studio Pilates,-37.7987,144.984084
East Melbourne,gym,Barrebody,-37.802211,144.977498
East Melbourne,gym,"By Design, Mind & Body",-37.7980493,144.9772092
East Melbourne,gym,Fitness 24 Hours,-37.798069,144.979249
East Melbourne,gym,RBT Result Based Training,-37.8082416,144.9859843
East Melbourne,gym,Universal Practice,-37.7985033,144.9790573
East Melbourne,gym,Simhanada Ashtanga Yoga School,-37.7977128,144.9874572
East Melbourne,gym,EMS Studio,-37.8180095,144.9952681
East Melbourne,gym,Absolute MMA Collingwood,-37.8038711,144.990661
East Melbourne,gym,Anytime Fitness,-37.8042366,144.9866837
East Melbourne,gym,Smart Fit Studio,-37.8177323,144.9903472
East Melbourne,gym,Absolute MMA CBD,-37.8123789,144.9711275
East Melbourne,gym,Fluid Fitness,-37.8068392,144.9897202
East Melbourne,gym,GoodLife Health Clubs,-37.7978625,144.9762903
East Melbourne,library,Fitzroy Library,-37.8018889,144.979691
East Melbourne,library,Collingwood Library,-37.804503,144.99293
East Melbourne,library,Richmond Library,-37.8252831,144.9982985
East Melbourne,library,East Melbourne Library and Community Centre,-37.8150407,144.9863907
East Melbourne,library,Russian House Library,-37.8003865,144.9823455
Richmond,supermarket,Coles,-37.8254909,144.9947938
Richmond,supermarket,IGA,-37.8198464,145.009407
Richmond,supermarket,ALDI,-37.8093845,144.9956596
Richmond,supermarket,Minh Phat Asian Supermarket,-37.8095858,144.9963729
Richmond,supermarket,Woolworths,-37.8093706,144.99558
Richmond,supermarket,Tân Hung Asian Grocery,-37.8104013,144.9980745
Richmond,supermarket,Richmond Grocery Store,-37.810333,144.997368
Richmond,supermarket,Frederick's Local Grocery,-37.818229,144.9975854
Richmond,supermarket,Wing Chong Asian Supermarket,-37.8097393,144.9939322
Richmond,supermarket,Green Square IGA plus Liquor,-37.8109903,145.007512
Richmond,supermarket,Coles,-37.8173906,144.9988683
Richmond,supermarket,IGA Local Grocer Cremorne,-37.8300168,144.990153
Richmond,supermarket,Coles,-37.8139592,145.0115685
Richmond,cafe,Victoria Lounge,-37.8099642,144.9939912
Richmond,cafe,Cafe 117,-37.8252086,144.994992
Richmond,cafe,Quint Cafe,-37.809917,144.995821
Richmond,cafe,Hektor Woodleys,-37.8115506,145.0124691
Richmond,cafe,Romano's Coffee,-37.809743,144.995519
Richmond,cafe,Kanteen,-37.8340469,145.0047756
Richmond,cafe,Lawson Grove Shop,-37.833552,144.9902571
Richmond,cafe,Jamaica Blue,-37.812288,145.011291
Richmond,cafe,Victoria Deli,-37.8092382,144.9891137
Richmond,cafe,Abbotsford Pantry,-37.8084889,144.9999844
Richmond,cafe,8 Layers,-37.8113055,145.0072417
Richmond,cafe,Grisley Bear Cafe,-37.8132432,144.9994417
Richmond,cafe,Mothership,-37.8069234,144.9986977
Richmond,cafe,"Lemon, Middle & Orange",-37.8073053,144.9878787
Richmond,cafe,A Thousand Blessings,-37.8160197,145.0018998
Richmond,cafe,Life. Kitchen,-37.8142085,145.0046129
Richmond,cafe,Gypsey & Musquito,-37.8192242,145.0043425
Richmond,cafe,Three Bags Full,-37.8073914,144.9965445
Richmond,cafe,STREAT,-37.8064154,144.9901235
Richmond,cafe,My Stubbon Cousin,-37.8196533,144.9953966
Richmond,cafe,ACspresSO Cafe,-37.8099748,144.9922714
Richmond,cafe,Allpress Roastery,-37.8065212,144.9891319
Richmond,cafe,Unnamed cafe,-37.8242051,144.9917605
Richmond,cafe,Cafe Krifi,-37.8132903,145.011867
Richmond,cafe,Made in Sud,-37.80833,144.9905463
Richmond,cafe,Caffe Chiera,-37.8067338,144.9891349
Richmond,cafe,Richmond Hill Cafe & Larder,-37.8178204,144.9914647
Richmond,cafe,Touchwood,-37.819564,145.0075537
Richmond,cafe,Be The Duck,-37.8163899,145.0090352
Richmond,cafe,Serotonin Eatery,-37.8281633,145.0090979
Richmond,cafe,Coffee Peddlr,-37.8074085,144.9929792
Richmond,cafe,Little Bridge Cafe,-37.817777,144.9910714
Richmond,cafe,Black Gold,-37.8232072,144.9938877
Richmond,cafe,Rowena Corner Store,-37.8215275,144.9926479
Richmond,cafe,7 Grams,-37.8282242,144.997652
Richmond,cafe,Almost French Patisserie,-37.8254052,144.9943865
Richmond,cafe,Tuck Shop Turnery,-37.8137736,144.9987864
Richmond,cafe,Fifty Acres,-37.8176608,144.992274
Richmond,cafe,Winkel,-37.815283,144.9999352
Richmond,cafe,Modena,-37.8163023,145.0090461
Richmond,cafe,Bendigo Street Milk Bar,-37.8247533,145.012155
Richmond,cafe,LaManna & Sons,-37.8302944,144.9953838
Richmond,cafe,Unnamed cafe,-37.8319865,144.9949994
Richmond,cafe,Cheeky Monkey,-37.8251051,144.9943803
Richmond,cafe,Unnamed cafe,-37.8270607,145.0092913
Richmond,cafe,Beauty and the Beats,-37.8247166,145.0117189
Richmond,cafe,Cafe Venziano,-37.8167347,145.0132591
Richmond,cafe,Little Bridge Cafe,-37.8177938,144.9912213
Richmond,cafe,Au79,-37.8179956,144.9990814
Richmond,cafe,Maker,-37.8162651,145.011342
Richmond,cafe,Little Ezida,-37.810578,145.0033759
Richmond,cafe,Riché,-37.8181283,144.9960881
Richmond,cafe,Sable,-37.8260934,144.9960421
Richmond,cafe,Pillar of salt,-37.8292368,144.9974357
Richmond,cafe,Saint Thomas,-37.8287591,144.9975049
Richmond,cafe,Silvs on Kennedy,-37.8246278,145.01112
Richmond,cafe,Coffee Supreme,-37.8091914,145.006807
Richmond,cafe,Bakes & Bagels,-37.8260307,144.995437
Richmond,cafe,Rowena Corner Store,-37.8206613,144.9917479
Richmond,cafe,Little Molli,-37.806893,144.9966367
Richmond,cafe,Warm Hugs,-37.8163383,144.9951366
Richmond,cafe,Hector's Bakery,-37.8238502,144.9909365
Richmond,cafe,Top Paddock,-37.8327164,144.996373
Richmond,cafe,Three One Two One,-37.8194887,145.0057518
Richmond,cafe,Good for the Gander,-37.8193962,145.0049193
Richmond,cafe,Bohème,-37.8192765,145.0035893
Richmond,cafe,Unnamed cafe,-37.8193046,145.0040948
Richmond,cafe,Clover & Rye,-37.8194738,145.0050497
Richmond,cafe,Lumberjack,-37.8197246,145.0077607
Richmond,cafe,Stillman Cafe,-37.8216302,145.0081508
Richmond,cafe,Amsterdam Street Cafe,-37.8309703,144.997477
Richmond,cafe,Warm Hug,-37.8163488,144.9951648
Richmond,cafe,Reunion & Co,-37.8196796,145.0073478
Richmond,cafe,Number 1 crispy Pork,-37.8196927,145.0074725
Richmond,cafe,Red Bird Cafe,-37.805337,144.9940945
Richmond,cafe,Coe & Coe,-37.8280749,144.9938608
Richmond,cafe,Pokapoka Japanese Kitchen,-37.8164079,144.9876344
Richmond,cafe,Au79 Café,-37.8088089,144.9957773
Richmond,cafe,pg.2,-37.8256434,144.9990372
Richmond,gym,Fitness First,-37.8137013,145.0118925
Richmond,gym,CrossFit Collingwood,-37.8061913,144.9899356
Richmond,gym,Wards Gym,-37.8278798,145.0035451
Richmond,gym,EMS Studio,-37.8180095,144.9952681
Richmond,gym,Gym 24/7 Richmond,-37.8108571,145.0053212
Richmond,gym,Prosport Health & Fitness,-37.8264952,145.0027674
Richmond,gym,Smart Fit Studio,-37.8177323,144.9903472
Richmond,gym,Fluid Fitness,-37.8068392,144.9897202
Richmond,gym,Zap Fitness,-37.8191467,145.0076136
Richmond,gym,Richmond Recreation Centre,-37.8176456,145.0022369
Richmond,gym,Dukes Gym,-37.810823,145.0056821
Richmond,gym,Hurtlocker,-37.8180752,145.0124113
Richmond,gym,Dukes Gym,-37.8180991,145.0120976
Richmond,gym,Crunch Fitness,-37.8187394,145.0092346
Richmond,library,Richmond Library,-37.8252831,144.9982985
Cremorne,supermarket,Coles,-37.8254909,144.9947938
Cremorne,supermarket,Woolworths,-37.8371902,144.9969896
Cremorne,supermarket,Frederick's Local Grocery,-37.818229,144.9975854
Cremorne,supermarket,Coles,-37.8173906,144.9988683
Cremorne,supermarket,Gum Tree Good Food,-37.8388985,144.9902376
Cremorne,supermarket,Claremont Supermarket,-37.8383107,144.9935719
Cremorne,supermarket,IGA Local Grocer Cremorne,-37.8300168,144.990153
Cremorne,cafe,Cafe 117,-37.8252086,144.994992
Cremorne,cafe,Outpost,-37.837392,144.993008
Cremorne,cafe,181 Domain,-37.8342155,144.9820937
Cremorne,cafe,Cafe Domain,-37.8341838,144.9818456
Cremorne,cafe,Café Luca,-37.838791,144.989225
Cremorne,cafe,Kanteen,-37.8340469,145.0047756
Cremorne,cafe,The Terrace,-37.8293863,144.9826001
Cremorne,cafe,Lawson Grove Shop,-37.833552,144.9902571
Cremorne,cafe,Chapelli's,-37.840504,144.995212
Cremorne,cafe,Fat Beans,-37.842751,144.995791
Cremorne,cafe,A Thousand Blessings,-37.8160197,145.0018998
Cremorne,cafe,Life. Kitchen,-37.8142085,145.0046129
Cremorne,cafe,Gypsey & Musquito,-37.8192242,145.0043425
Cremorne,cafe,KereKere Green,-37.8149104,144.9792572
Cremorne,cafe,Aroma Cafe,-37.8384862,144.9899771
Cremorne,cafe,My Stubbon Cousin,-37.8196533,144.9953966
Cremorne,cafe,Unnamed cafe,-37.8242051,144.9917605
Cremorne,cafe,My Sushi,-37.8161557,144.9846178
Cremorne,cafe,Laurent Boulangerie Patisserie,-37.8161942,144.984965
Cremorne,cafe,Romano's,-37.8428049,144.995471
Cremorne,cafe,Wee Bird,-37.8439628,144.9778926
Cremorne,cafe,Richmond Hill Cafe & Larder,-37.8178204,144.9914647
Cremorne,cafe,Touchwood,-37.819564,145.0075537
Cremorne,cafe,Cafe Gaia,-37.8382426,144.9892938
Cremorne,cafe,Republic,-37.8390844,144.9915223
Cremorne,cafe,Coffee Geek Brewers,-37.8389948,144.9906419
Cremorne,cafe,Two Birds One Stone,-37.8380714,144.9939255
Cremorne,cafe,Healthy Vibe Gourmet Dumplings,-37.8388216,144.9937056
Cremorne,cafe,Cinque 5,-37.8391499,144.9938105
Cremorne,cafe,Dineamic Food Store,-37.8391554,144.9938655
Cremorne,cafe,Darling Cafe,-37.8385322,144.9914918
Cremorne,cafe,Little Bridge Cafe,-37.817777,144.9910714
Cremorne,cafe,The Stables of Como Cafe,-37.8380151,145.0031876
Cremorne,cafe,Black Gold,-37.8232072,144.9938877
Cremorne,cafe,Rowena Corner Store,-37.8215275,144.9926479
Cremorne,cafe,Dilly Daly,-37.8378754,144.9947871
Cremorne,cafe,7 Grams,-37.8282242,144.997652
Cremorne,cafe,Almost French Patisserie,-37.8254052,144.9943865
Cremorne,cafe,Fifty Acres,-37.8176608,144.992274
Cremorne,cafe,Winkel,-37.815283,144.9999352
Cremorne,cafe,LaManna & Sons,-37.8302944,144.9953838
Cremorne,cafe,Unnamed cafe,-37.8319865,144.9949994
Cremorne,cafe,Cheeky Monkey,-37.8251051,144.9943803
Cremorne,cafe,Laurent,-37.8394747,144.9963818
Cremorne,cafe,Little Bridge Cafe,-37.8177938,144.9912213
Cremorne,cafe,Au79,-37.8179956,144.9990814
Cremorne,cafe,The Grey Smith,-37.8163058,144.9859031
Cremorne,cafe,Riché,-37.8181283,144.9960881
Cremorne,cafe,Sable,-37.8260934,144.9960421
Cremorne,cafe,Pillar of salt,-37.8292368,144.9974357
Cremorne,cafe,Saint Thomas,-37.8287591,144.9975049
Cremorne,cafe,Otello,-37.8383922,144.9900029
Cremorne,cafe,Park Pantry,-37.834449,144.9823364
Cremorne,cafe,Tom Dick and Harry,-37.8395211,144.9950977
Cremorne,cafe,Rustica,-37.8425515,144.9948355
Cremorne,cafe,Bakes & Bagels,-37.8260307,144.995437
Cremorne,cafe,Rowena Corner Store,-37.8206613,144.9917479
Cremorne,cafe,Tivoli Express,-37.8393375,144.9980742
Cremorne,cafe,Warm Hugs,-37.8163383,144.9951366
Cremorne,cafe,Splash Cafe & Juice Bar,-37.8392649,144.9965715
Cremorne,cafe,Hector's Bakery,-37.8238502,144.9909365
Cremorne,cafe,Top Paddock,-37.8327164,144.996373
Cremorne,cafe,Three One Two One,-37.8194887,145.0057518
Cremorne,cafe,Good for the Gander,-37.8193962,145.0049193
Cremorne,cafe,Bohème,-37.8192765,145.0035893
Cremorne,cafe,Unnamed cafe,-37.8193046,145.0040948
Cremorne,cafe,Clover & Rye,-37.8194738,145.0050497
Cremorne,cafe,Lumberjack,-37.8197246,145.0077607
Cremorne,cafe,Amsterdam Street Cafe,-37.8309703,144.997477
Cremorne,cafe,Warm Hug,-37.8163488,144.9951648
Cremorne,cafe,Reunion & Co,-37.8196796,145.0073478
Cremorne,cafe,Number 1 crispy Pork,-37.8196927,145.0074725
Cremorne,cafe,Coe & Coe,-37.8280749,144.9938608
Cremorne,cafe,Pokapoka Japanese Kitchen,-37.8164079,144.9876344
Cremorne,cafe,pg.2,-37.8256434,144.9990372
Cremorne,gym,Snap Fitness,-37.8378982,144.9936807
Cremorne,gym,Wards Gym,-37.8278798,145.0035451
Cremorne,gym,EMS Studio,-37.8180095,144.9952681
Cremorne,gym,Prosport Health & Fitness,-37.8264952,145.0027674
Cremorne,gym,Smart Fit Studio,-37.8177323,144.9903472
Cremorne,gym,Zap Fitness,-37.8191467,145.0076136
Cremorne,gym,Richmond Recreation Centre,-37.8176456,145.0022369
Cremorne,library,Richmond Library,-37.8252831,144.9982985
Cremorne,library,Toorak/South Yarra Library,-37.8402252,144.9994218
Cremorne,library,East Melbourne Library and Community Centre,-37.8150407,144.9863907
Southbank,supermarket,Coles,-37.8175611,144.9649673
Southbank,supermarket,IGA X-press + Liquor,-37.825805,144.957017
Southbank,supermarket,IGA,-37.8164808,144.961159
Southbank,supermarket,Woolworths,-37.8110951,144.9655613
Southbank,supermarket,Coles,-37.8147983,144.9518038
Southbank,supermarket,Woolworths Metro,-37.810488,144.97004
Southbank,supermarket,Foodworks,-37.8300256,144.9693817
Southbank,supermarket,ALDI,-37.829949,144.9573832
Southbank,supermarket,Woolworths,-37.8306564,144.9573651
Southbank,supermarket,Woolworths Metro,-37.8268606,144.9593308
Southbank,supermarket,Dae Bark Mart,-37.818584,144.963055
Southbank,supermarket,IGA,-37.8276939,144.9665201
Southbank,supermarket,Crown Asian Supermarket,-37.8147623,144.9519191
Southbank,supermarket,Tang Asian Grocery,-37.812105,144.96749
Southbank,supermarket,IGA,-37.8224729,144.9650768
Southbank,supermarket,Coles,-37.8319294,144.9609368
Southbank,supermarket,Woolworths Metro,-37.8166713,144.9645325
Southbank,supermarket,Woolworths Metro,-37.8159063,144.9560406
Southbank,supermarket,Woolworths,-37.8210674,144.9500958
Southbank,supermarket,Foodworks,-37.8240916,144.9620137
Southbank,supermarket,Woolworths,-37.82581,144.9635577
Southbank,supermarket,Fawkner Express Grovery Store,-37.8385464,144.9769345
Southbank,supermarket,IGA X-press,-37.8176845,144.9583477
Southbank,supermarket,Pantre,-37.810497,144.9621678
Southbank,supermarket,Tan Hung Asian Grocer,-37.810963,144.9614412
Southbank,supermarket,Woolworths Metro,-37.8190233,144.953305
Southbank,cafe,Puzzle Coffee,-37.8190192,144.953659
Southbank,cafe,Jardin Tan,-37.8296276,144.9757359
Southbank,cafe,Caffe Panette,-37.8328055,144.9574554
Southbank,cafe,The Bond Store,-37.8217545,144.9639586
Southbank,cafe,Wild Bean Cafe,-37.8276047,144.9578222
Southbank,cafe,Espresso Bar International,-37.8191459,144.9551442
Southbank,cafe,The Original Cafe,-37.830547,144.969795
Southbank,cafe,Royal Domain Café,-37.8316581,144.9710687
Southbank,cafe,Dock Dot,-37.8315437,144.9710419
Southbank,cafe,Bean Seen There,-37.832072,144.969731
Southbank,cafe,Cafe Rosco,-37.83632,144.976226
Southbank,cafe,Mr Albert Eastern Cafe,-37.837184,144.967455
Southbank,cafe,Europa Coffee Drive Thru,-37.832889,144.966769
Southbank,cafe,Light up Coffee,-37.8334741,144.9638666
Southbank,cafe,Emerald Hill Cafe,-37.8344164,144.9606285
Southbank,cafe,Langleys,-37.8166802,144.9541098
Southbank,cafe,Cafe Scene,-37.8352632,144.9705418
Southbank,cafe,Fine Grind,-37.8178708,144.9652106
Southbank,cafe,Two Fingers,-37.8159946,144.9693655
Southbank,cafe,Cafe L'Incontro,-37.8142862,144.9663757
Southbank,cafe,No. 136 Coffee,-37.8149205,144.9636713
Southbank,cafe,MilkSha,-37.8149917,144.9637058
Southbank,cafe,Soul Cafe,-37.813182,144.965246
Southbank,cafe,Nashi,-37.830015,144.97036
Southbank,cafe,Corner & Bench,-37.814528,144.961567
Southbank,cafe,Jeremy's Café,-37.8144274,144.9615279
Southbank,cafe,Cafe all' Angelo,-37.8137805,144.9613979
Southbank,cafe,Kerbside Caffe,-37.811806,144.9603455
Southbank,cafe,In A Rush Kitchen,-37.818494,144.959211
Southbank,cafe,Tomm.,-37.8147196,144.9580058
Southbank,cafe,Chaf's Cafe,-37.8170742,144.9540347
Southbank,cafe,Laurent Boulangerie Patisserie,-37.814938,144.957603
Southbank,cafe,Petty Sessions Cafe,-37.8131093,144.9567905
Southbank,cafe,Chintaroma,-37.8140649,144.9567012
Southbank,cafe,La Stradda Cafe,-37.8115213,144.9565801
Southbank,cafe,Xtraction,-37.812214,144.956019
Southbank,cafe,Kaèfei,-37.8127335,144.9565904
Southbank,cafe,Pellegrini's,-37.811722,144.971173
Southbank,cafe,Koffee Kings,-37.830973,144.964945
Southbank,cafe,Brightside,-37.8162882,144.9554509
Southbank,cafe,A Kiss Xpresso,-37.8152071,144.9722311
Southbank,cafe,Lane's Edge,-37.811838,144.972057
Southbank,cafe,Michel's Patisserie,-37.8150653,144.952021
Southbank,cafe,Protagonist,-37.821422,144.968849
Southbank,cafe,Time Out Cafe,-37.8177722,144.9684176
Southbank,cafe,Miss Ella Coffee Shop,-37.834941,144.973595
Southbank,cafe,Café Excello,-37.812532,144.973293
Southbank,cafe,Coffee HQ,-37.818122,144.967206
Southbank,cafe,Baguette,-37.818329,144.967288
Southbank,cafe,Unnamed cafe,-37.8118469,144.9594788
Southbank,cafe,Blaq,-37.8112731,144.9587623
Southbank,cafe,Dead Man Espresso,-37.829522,144.960189
Southbank,cafe,Café Cova,-37.8318442,144.9652974
Southbank,cafe,Elements,-37.8139145,144.9688622
Southbank,cafe,Starbucks,-37.8112888,144.964367
Southbank,cafe,Aruba,-37.812609,144.969352
Southbank,cafe,Caffe Mediterraneum,-37.815206,144.966164
Southbank,cafe,Cafenatics,-37.817513,144.957576
Southbank,cafe,Urban Deli,-37.812479,144.970072
Southbank,cafe,Oishii Tokyo,-37.832886,144.970427
Southbank,cafe,Brother Bubba Budan,-37.813458,144.962242
Southbank,cafe,Ten Square,-37.8119646,144.9605372
Southbank,cafe,Pie Face,-37.8127917,144.9599049
Southbank,cafe,Kyoto Sushi & Noodle Bar,-37.8141257,144.9605475
Southbank,cafe,The Cheesecake Shop,-37.8135447,144.959816
Southbank,cafe,Speck,-37.8133966,144.9597518
Southbank,cafe,Nourish Salads,-37.8134535,144.9597726
Southbank,cafe,Fresh Sushi,-37.8134975,144.9597934
Southbank,cafe,Legals,-37.8131375,144.9587418
Southbank,cafe,Segafredo,-37.8132425,144.96013
Southbank,cafe,Martinis,-37.8132231,144.958445
Southbank,cafe,Octane Espresso Bar,-37.8132592,144.9582051
Southbank,cafe,Starbucks,-37.8171266,144.9525788
Southbank,cafe,Burnt Butter,-37.833871,144.9607878
Southbank,cafe,The Old Paper Shop Deli,-37.832562,144.96021
Southbank,cafe,Mr. Tod,-37.8117758,144.9756391
Southbank,cafe,Potto,-37.8169468,144.9526354
Southbank,cafe,Brazil Lifestyle Coffee,-37.8310149,144.9570871
Southbank,cafe,Gainsville Cafe,-37.8214141,144.9649728
Southbank,cafe,Espresso Hub,-37.8195035,144.9537038
Southbank,cafe,Bullrun,-37.8154491,144.9707961
Southbank,cafe,Liaison,-37.8129404,144.972438
Southbank,cafe,ST. Ali,-37.8313001,144.9603137
Southbank,cafe,Humbaba,-37.830192,144.969781
Southbank,cafe,Madame Brussels,-37.8119505,144.971546
Southbank,cafe,Felice,-37.8153068,144.9602921
Southbank,cafe,Pie Face,-37.810506,144.966817
Southbank,cafe,Oli & Levi Galleria,-37.814664,144.96252
Southbank,cafe,iSushi Café & Bar,-37.83546,144.975571
Southbank,cafe,@Rice,-37.835496,144.975606
Southbank,cafe,Café Vue,-37.835803,144.975821
Southbank,cafe,My Cafe & Foodery,-37.835911,144.975866
Southbank,cafe,In A Rush,-37.817296,144.969666
Southbank,cafe,Little Gordon,-37.810524,144.9717049
Southbank,cafe,Treasury Deli and Cafe,-37.8126591,144.9745925
Southbank,cafe,Starbucks,-37.817934,144.965031
Southbank,cafe,Diors Cafe & Bar,-37.82901,144.960725
Southbank,cafe,Smooth E,-37.83133,144.967228
Southbank,cafe,o3 Cafe & Coworking,-37.824192,144.960769
Southbank,cafe,Starbucks,-37.8146591,144.9631304
Southbank,cafe,Cuff,-37.817628,144.963416
Southbank,cafe,Saranti Cafe,-37.817412,144.9635
Southbank,cafe,Cafe del Corso,-37.817778,144.96272
Southbank,cafe,Mish Cafe,-37.834714,144.970926
Southbank,cafe,Sushi Lane,-37.834496,144.9711
Southbank,cafe,Eatworx,-37.834394,144.971156
Southbank,cafe,Albert Gourmet Deli,-37.833654,144.971429
Southbank,cafe,Inzone Cafe,-37.8180385,144.9543399
Southbank,cafe,Gong Cha,-37.812455,144.9649343
Southbank,cafe,Baci,-37.8226426,144.9585822
Southbank,cafe,Side Pocket Cafe,-37.8131735,144.9557748
Southbank,cafe,TOFWD,-37.8172784,144.9658134
Southbank,cafe,That Schnitzel Place,-37.810514,144.969612
Southbank,cafe,Hikari,-37.8108738,144.9641712
Southbank,cafe,Cafenatics,-37.8113734,144.9572301
Southbank,cafe,Operator 25,-37.8107145,144.9571233
Southbank,cafe,Brother Thomas,-37.811331,144.956443
Southbank,cafe,Tinto,-37.817369,144.959472
Southbank,cafe,Coffee Minded,-37.8200449,144.9669606
Southbank,cafe,Bulldozer Cafe,-37.8301586,144.9622614
Southbank,cafe,Happy Corner Cafe,-37.8312793,144.962804
Southbank,cafe,Spin Coffee,-37.81648,144.958255
Southbank,cafe,Famish'd,-37.816599,144.957794
Southbank,cafe,Kere Kere,-37.8257083,144.9608905
Southbank,cafe,Café Bisqui,-37.816372,144.970547
Southbank,cafe,The Fair Trader,-37.815598,144.971982
Southbank,cafe,HiRize Bakery Cafe,-37.8161514,144.9530143
Southbank,cafe,In a Rush,-37.817511,144.9529383
Southbank,cafe,Earl Canteen,-37.814848,144.9587438
Southbank,cafe,Cottle on Coventry,-37.832243,144.958107
Southbank,cafe,Grain 717,-37.8182232,144.9501342
Southbank,cafe,Café Cavallino,-37.8184335,144.95028
Southbank,cafe,Dukes Coffee Roasters,-37.8167849,144.9661412
Southbank,cafe,Hugo's Express,-37.8178619,144.9548526
Southbank,cafe,Federal Coffee Palace,-37.813982,144.9632917
Southbank,cafe,The Workers' Food Room,-37.815458,144.963089
Southbank,cafe,Altius Coffee Brewers,-37.819714,144.9564536
Southbank,cafe,Traveller Coffee,-37.8114318,144.971205
Southbank,cafe,Stand Up Cafe,-37.8201673,144.9566388
Southbank,cafe,Cafe 410 at World of Style,-37.8294954,144.9556641
Southbank,cafe,Disciples Of Epicurus,-37.8160124,144.9633324
Southbank,cafe,The Grain Store,-37.819583,144.9569289
Southbank,cafe,Henry & the Fox,-37.8173118,144.9568668
Southbank,cafe,Chocolate Arcade,-37.815099,144.965765
Southbank,cafe,In A Rush,-37.8342625,144.9735094
Southbank,cafe,St. Brew,-37.8196739,144.9511872
Southbank,cafe,Degani Bakery Cafe,-37.8199126,144.9505437
Southbank,cafe,Cafe Box,-37.813,144.967947
Southbank,cafe,EARL Canteen,-37.8191106,144.9558503
Southbank,cafe,Strozzi,-37.8167054,144.9630762
Southbank,cafe,Doughboys,-37.81595,144.957933
Southbank,cafe,Cafenatics,-37.821834,144.962369
Southbank,cafe,Hash Cafe,-37.8123737,144.9605584
Southbank,cafe,Bluestones Cafe,-37.815373,144.9585863
Southbank,cafe,Cafe Euro,-37.8152176,144.9590837
Southbank,cafe,Original Sushi Cafe,-37.8151693,144.9592869
Southbank,cafe,Sidearm,-37.8279891,144.9497198
Southbank,cafe,The Journal Cafe,-37.8169101,144.965784
Southbank,cafe,T-Roy Browns,-37.819258,144.9619275
Southbank,cafe,Bowery to Williamsburg,-37.8161924,144.9701951
Southbank,cafe,Piccolocino,-37.816772,144.9566717
Southbank,cafe,Koko Black Chocolate,-37.8143703,144.9640406
Southbank,cafe,Shed Café,-37.824189,144.9556711
Southbank,cafe,Plenary Café,-37.8251369,144.9531076
Southbank,cafe,Degraves Street,-37.8171906,144.9657758
Southbank,cafe,Xpressomondo,-37.8170387,144.9655773
Southbank,cafe,Cherry & Twigs Cafe,-37.82004,144.9557185
Southbank,cafe,Zouki Cafe,-37.8119043,144.9775796
Southbank,cafe,Degraves Espresso Bar,-37.8171236,144.9656216
Southbank,cafe,SeedLing Cafe,-37.817015,144.9653734
Southbank,cafe,La Petite Crêperie,-37.8138954,144.9615104
Southbank,cafe,EARL Canteen,-37.8148557,144.9586903
Southbank,cafe,Prime House,-37.8148316,144.9587712
Southbank,cafe,Higher Ground,-37.8159784,144.9530202
Southbank,cafe,St Ali Coffee Roasters,-37.8313313,144.9604687
Southbank,cafe,Hopetoun Tea Rooms,-37.8157821,144.9647018
Southbank,cafe,Cafenatics,-37.8141709,144.9676132
Southbank,cafe,Parcs,-37.8140374,144.9673718
Southbank,cafe,Starbucks,-37.814606,144.9631005
Southbank,cafe,Ciel,-37.8293898,144.955495
Southbank,cafe,Unnamed cafe,-37.8133332,144.9720018
Southbank,cafe,The School of Life,-37.8170674,144.9541163
Southbank,cafe,ACCA coffee cart,-37.8267414,144.9666877
Southbank,cafe,Pie Face,-37.8190302,144.953578
Southbank,cafe,Eastern Road Larder,-37.8366192,144.9670105
Southbank,cafe,Chatime,-37.8200236,144.9665542
Southbank,cafe,Chè Vietnamese Desserts,-37.8126,144.9617564
Southbank,cafe,Midtown,-37.814248,144.9671999
Southbank,cafe,The Dessert Kitchen,-37.8114469,144.9693178
Southbank,cafe,Nana's Green Tea,-37.8128242,144.9685593
Southbank,cafe,In a Rush,-37.8129111,144.9701668
Southbank,cafe,Brunetti,-37.8166972,144.965816
Southbank,cafe,Brown Sugar,-37.8153063,144.9642999
Southbank,cafe,Little Collins,-37.815175,144.9642353
Southbank,cafe,Gordon’s,-37.8145437,144.9642886
Southbank,cafe,Coffee Exchange,-37.8126026,144.9730264
Southbank,cafe,Axil Coffee Roasters,-37.8150764,144.9714768
Southbank,cafe,Tom Thumb,-37.8148983,144.9727708
Southbank,cafe,Vacation,-37.8159177,144.9721312
Southbank,cafe,Euro Lane Cafe,-37.8164478,144.965878
Southbank,cafe,Lune,-37.8155697,144.9691638
Southbank,cafe,Chapter House Coffee,-37.8164039,144.9679146
Southbank,cafe,Queen Street Food Store,-37.8137003,144.9604035
Southbank,cafe,Rustica Canteen,-37.811275,144.963487
Southbank,cafe,Hardware Societe,-37.8200942,144.9566093
Southbank,cafe,Brick Lane,-37.8114882,144.9598089
Southbank,cafe,Cafenatics,-37.8148695,144.9586348
Southbank,cafe,Pietro e Paolo Cafe,-37.8359499,144.9537927
Southbank,cafe,Koko Black Chocolate,-37.8154143,144.9662539
Southbank,cafe,Burhan's Espresso Bar,-37.8319833,144.9559589
Southbank,cafe,Canteen,-37.8327035,144.9560688
Southbank,cafe,Bearded Brothers Coffee,-37.8152487,144.9632551
Southbank,cafe,In a Rush,-37.8156794,144.9618381
Southbank,cafe,Patricia Coffee Brewers,-37.8147026,144.9582933
Southbank,cafe,Sushi Nori,-37.8210544,144.9498179
Southbank,cafe,Upstanding Citizens,-37.8211524,144.9492866
Southbank,cafe,Saluministi Sandwiches,-37.8180936,144.9610702
Southbank,cafe,Union Kiosk,-37.8150064,144.9652364
Southbank,cafe,Schmucks Bagels,-37.8145279,144.9568615
Southbank,cafe,The Ambitious Act,-37.8342952,144.9613688
Southbank,cafe,No. 22 Cafe,-37.8164497,144.9703233
Southbank,cafe,Market Lane Coffee,-37.8328479,144.9573083
Southbank,cafe,Café Godot,-37.8254083,144.9662497
Southbank,cafe,Little Rogue,-37.8109925,144.9640518
Southbank,cafe,Shamble Coffee Brewers,-37.8161818,144.9606255
Southbank,cafe,Giddiup Cafe,-37.8324506,144.958748
Southbank,cafe,Coffee Rush,-37.8153071,144.9522179
Southbank,cafe,Class Ramen,-37.811257,144.9674504
Southbank,cafe,Stokers,-37.8313848,144.9600301
Southbank,cafe,The Kettle Black,-37.8341251,144.9713427
Southbank,cafe,Mr Summit,-37.8241896,144.9624587
Southbank,cafe,Philoçoffee Espresso Bar,-37.8365649,144.9688133
Southbank,cafe,El Churro Cafe,-37.8172089,144.9656642
Southbank,cafe,Pie Face,-37.8287953,144.9639042
Southbank,cafe,Ground Cafe,-37.8351649,144.9691457
Southbank,cafe,Hunters' Roots,-37.8197581,144.9564578
Southbank,cafe,Riverslide Skate Shop and Café,-37.8209295,144.9728423
Southbank,cafe,Di Parsia Pasticceria Caffe,-37.8209984,144.9559432
Southbank,cafe,Gloria Jean's,-37.8176666,144.9516554
Southbank,cafe,Mr Percival,-37.8389826,144.9750655
Southbank,cafe,Mock Turtle,-37.8171424,144.9657545
Southbank,cafe,Xing Fu Tang,-37.8121824,144.9620102
Southbank,cafe,Ms PREtea,-37.8122099,144.9619306
Southbank,cafe,Ding Tea,-37.8134548,144.9625954
Southbank,cafe,Milksha,-37.8149495,144.9636992
Southbank,cafe,Chatime,-37.8171907,144.9647877
Southbank,cafe,The Cupcake Queens,-37.8140211,144.9615058
Southbank,cafe,The Perch Cafe,-37.8123945,144.9549224
Southbank,cafe,Dari,-37.814183,144.9613888
Southbank,cafe,Riverside Deli,-37.8199064,144.9582571
Southbank,cafe,Crema Cafe,-37.8151402,144.9630457
Southbank,cafe,Caffe E Torta,-37.814983,144.9642234
Southbank,cafe,Croque Monsieur,-37.8168787,144.9663397
Southbank,cafe,Roule Galette,-37.8167558,144.9662846
Southbank,cafe,Malt Kitchen & Pantry,-37.8270209,144.9665969
Southbank,cafe,King Tea,-37.81789,144.9650575
Southbank,cafe,CoCo Fresh Tea & Juice,-37.817757,144.965861
Southbank,cafe,Xing Fu Tang,-37.8137882,144.9659694
Southbank,cafe,My Modern,-37.813046,144.9679913
Southbank,cafe,Wu Cha,-37.8118625,144.9678868
Southbank,cafe,Bubble Cup,-37.8106485,144.9658383
Southbank,cafe,Chatime,-37.810687,144.9657626
Southbank,cafe,Sharetea,-37.811371,144.9644057
Southbank,cafe,CoCo Fresh Tea & Juice,-37.8120734,144.9651916
Southbank,cafe,Top Tea,-37.8121854,144.9652417
Southbank,cafe,Yi Fang Tea,-37.8107167,144.9640564
Southbank,cafe,Gong Cha,-37.810582,144.9629004
Southbank,cafe,Barbarella,-37.8155596,144.9644134
Southbank,cafe,The Little Royal,-37.8147003,144.9641568
Southbank,cafe,Kit Espresso,-37.8146926,144.9638096
Southbank,cafe,Coal River Farm,-37.8156404,144.9641473
Southbank,cafe,Le Petit Chateau,-37.8154842,144.964372
Southbank,cafe,30 Block Place,-37.8152596,144.964372
Southbank,cafe,Tori’s,-37.8129514,144.9614331
Southbank,cafe,Unnamed cafe,-37.8368963,144.9752123
Southbank,cafe,Common Place Coffee Brewers,-37.8151033,144.9541949
Southbank,cafe,Mork Chocolate,-37.8157527,144.9632245
Southbank,cafe,Lt Nic,-37.8115231,144.9643656
Southbank,cafe,Mugs Alley,-37.8161839,144.976049
Southbank,cafe,Maker,-37.8137557,144.9613601
Southbank,cafe,Journeys Cafe by ASRC,-37.8250924,144.967694
Southbank,cafe,Lionel's Cafe,-37.8251701,144.9693673
Southbank,cafe,Aga the French patisserie,-37.8323197,144.9566948
Southbank,cafe,Unnamed cafe,-37.8120661,144.9652048
Southbank,cafe,Betwixt Cafe & Bar,-37.825612,144.9669081
Southbank,cafe,Brunos,-37.8178155,144.9491093
Southbank,cafe,Cafe Andiamo,-37.8170187,144.9657481
Southbank,cafe,Bloomwood,-37.8125537,144.9704851
Southbank,cafe,Warkop,-37.8126094,144.9729732
Southbank,cafe,Starbucks,-37.8115889,144.9705649
Southbank,cafe,Chatime,-37.8170806,144.9526939
Southbank,cafe,Unnamed cafe,-37.8160745,144.9523651
Southbank,cafe,Maverick,-37.8133111,144.9705103
Southbank,cafe,Gong Cha,-37.8107728,144.9641236
Southbank,cafe,Code Black Coffee,-37.8178741,144.9538677
Southbank,cafe,Oli & Levi Espresso,-37.8160083,144.9562443
Southbank,cafe,Unnamed cafe,-37.8108221,144.9623579
Southbank,cafe,People's Coffee,-37.8136265,144.9707146
Southbank,cafe,Upstate Coffee,-37.813731,144.9708413
Southbank,cafe,Quists Coffee,-37.8138348,144.968048
Southbank,cafe,Other Side,-37.8139701,144.9676536
Southbank,cafe,Slater St Bench,-37.838756,144.9770146
Southbank,cafe,Blahnik,-37.8155805,144.9631346
Southbank,cafe,Louie,-37.8159014,144.9631715
Southbank,cafe,Vona Co,-37.8158657,144.9631604
Southbank,cafe,Stockroom 567,-37.818908,144.9553914
Southbank,cafe,Namoo Japanese Cafe,-37.8186883,144.956086
Southbank,cafe,Schmucks Bagels,-37.8189599,144.9551873
Southbank,cafe,Square One,-37.8184404,144.9568979
Southbank,cafe,The George,-37.8177211,144.9582495
Southbank,cafe,A Treat Of France,-37.8270995,144.9590528
Southbank,cafe,Au79,-37.8259255,144.9596887
Southbank,cafe,The Lunch Spot,-37.8286531,144.9612087
Southbank,cafe,Le Yeahllow Little Collins Street,-37.8155303,144.9623875
Southbank,cafe,Sam Spade,-37.8109952,144.959629
Southbank,cafe,Little Sparrow,-37.8121334,144.9641414
Southbank,cafe,Waffle On,-37.8173618,144.9658924
Southbank,cafe,Plus Coffee & Co,-37.8171521,144.9649344
Southbank,cafe,Code Black Coffee,-37.8162463,144.9680692
Southbank,cafe,Cafe Kinetic,-37.8153921,144.9709267
Southbank,cafe,Story Coffee,-37.8176,144.9493274
Southbank,cafe,Café Orr,-37.8250565,144.9512029
Southbank,cafe,Goldfields Café + Bar,-37.8257505,144.951849
Southbank,cafe,CM & Co,-37.817997,144.9622922
Southbank,cafe,Paper Tiger,-37.8185027,144.9626424
Southbank,cafe,Boost Juice,-37.8189151,144.9536169
Southbank,cafe,Black Velvet Coffee,-37.8125576,144.9709906
Southbank,cafe,Chatime,-37.8114774,144.9633943
Southbank,cafe,Tiger's Den,-37.8109777,144.9631657
Southbank,cafe,ComeBuyTea,-37.8109235,144.9630703
Southbank,cafe,Unnamed cafe,-37.8106095,144.9619218
Southbank,cafe,Axil,-37.8106553,144.9617596
Southbank,cafe,Max Brenner,-37.8108065,144.9651784
Southbank,cafe,Le Petit Gateau,-37.8163157,144.9595571
Southbank,cafe,First Love,-37.8176687,144.9598753
Southbank,cafe,Impresso Cafe,-37.8122817,144.953649
Southbank,cafe,Foremost,-37.8291898,144.9708848
Southbank,cafe,Okey Dokey Dessert,-37.8122854,144.9658479
Southbank,cafe,Foundry Lane,-37.8104731,144.9676255
Southbank,cafe,Gong Cha,-37.8104466,144.9630337
Southbank,cafe,People's Coffee,-37.8172096,144.9599238
Southbank,cafe,Max Brenner,-37.8106428,144.9653735
Southbank,cafe,Swan Lab Barista School,-37.812258,144.9671232
Southbank,cafe,Meister,-37.8211991,144.9499187
Southbank,cafe,Pure Pie,-37.821147,144.9498822
Southbank,cafe,Project Zero Coffee,-37.8167704,144.9563295
Southbank,cafe,People's Coffee,-37.8149505,144.9573025
Southbank,cafe,Sargon Cafe,-37.8152332,144.9564593
Southbank,cafe,Coffee Cart,-37.8379375,144.97565
Southbank,cafe,Five Points Cafe,-37.8170564,144.9568789
Southbank,cafe,Starbucks,-37.8149559,144.966053
Southbank,cafe,Tami Sweet,-37.810728,144.9681424
Southbank,cafe,Charlie's Tea,-37.8115911,144.9651811
Southbank,cafe,Neighbours,-37.8230233,144.9506963
Southbank,cafe,Ada Grace,-37.8326207,144.9590781
Southbank,cafe,Patricia Coffee Roasters,-37.8146691,144.9582379
Southbank,cafe,Moment Coffee,-37.8122619,144.9581735
Southbank,cafe,Cartel Coffee Roasters Melbourne,-37.8138569,144.9624151
Southbank,cafe,Little Black Cafe,-37.8244506,144.970159
Southbank,cafe,No. 84,-37.8399316,144.9574362
Southbank,cafe,Montague Park Foodstore,-37.8371803,144.9538942
Southbank,cafe,Park Lane Cafe,-37.8364732,144.9624991
Southbank,cafe,Workshop Brothers Southbank,-37.8211618,144.9636124
Southbank,gym,Vault Crossfit,-37.8130719,144.9601471
Southbank,gym,Fitness First,-37.814393,144.963513
Southbank,gym,Corporate Fitness Club,-37.817559,144.963588
Southbank,gym,Dohertys,-37.819118,144.962587
Southbank,gym,Fight Club,-37.8192093,144.962262
Southbank,gym,Genesis,-37.8222261,144.9630117
Southbank,gym,MOVE yoga,-37.8175852,144.9634936
Southbank,gym,Melbourne Altitude Training,-37.8285666,144.9611623
Southbank,gym,Anytime Fitness,-37.8210852,144.9494407
Southbank,gym,RBT South Melbourne,-37.8327589,144.9493195
Southbank,gym,Absolute MMA CBD,-37.8123789,144.9711275
Southbank,gym,F45 Training,-37.8105874,144.9610713
Southbank,gym,Fitness First,-37.8106826,144.9659966
Southbank,gym,Anytime Fitness,-37.8312477,144.9589174
Southbank,gym,Unnamed gym,-37.8263132,144.9680462
Southbank,library,City Library,-37.8169458,144.9659025
Southbank,library,Southbank Library,-37.8245882,144.9692009
Southbank,library,Christian Science Reading Room,-37.830484,144.97086
Southbank,library,Emerald Hill Library,-37.8347011,144.9603726
Southbank,library,Southbank Library at Boyd,-37.8255777,144.9612198
Southbank,library,Legal Aid public law library,-37.8156051,144.9568708
Southbank,library,NGV Library,-37.8232168,144.9682045
South Wharf,supermarket,Woolworths,-37.8205606,144.9436054
South Wharf,supermarket,IGA X-press + Liquor,-37.825805,144.957017
South Wharf,supermarket,IGA,-37.8164808,144.961159
South Wharf,supermarket,Coles,-37.8147983,144.9518038
South Wharf,supermarket,ALDI,-37.829949,144.9573832
South Wharf,supermarket,Woolworths,-37.8306564,144.9573651
South Wharf,supermarket,Woolworths Metro,-37.8268606,144.9593308
South Wharf,supermarket,Dae Bark Mart,-37.818584,144.963055
South Wharf,supermarket,The Dome Express,-37.819346,144.948342
South Wharf,supermarket,Crown Asian Supermarket,-37.8147623,144.9519191
South Wharf,supermarket,Coles,-37.8319294,144.9609368
South Wharf,supermarket,Woolworths Metro,-37.8159063,144.9560406
South Wharf,supermarket,Woolworths,-37.8210674,144.9500958
South Wharf,supermarket,Golden Express,-37.8200723,144.9424484
South Wharf,supermarket,Woolworths,-37.8120887,144.9391271
South Wharf,supermarket,East West Marketplace,-37.8126918,144.9394884
South Wharf,supermarket,Foodworks,-37.8240916,144.9620137
South Wharf,supermarket,Woolworths,-37.82581,144.9635577
South Wharf,supermarket,IGA X-press,-37.8176845,144.9583477
South Wharf,supermarket,Coles,-37.8386433,144.9417288
South Wharf,supermarket,Pantre,-37.810497,144.9621678
South Wharf,supermarket,Hometown Grocer,-37.8103363,144.963081
South Wharf,supermarket,Tan Hung Asian Grocer,-37.810963,144.9614412
South Wharf,supermarket,Xpress Supermarket,-37.8147577,144.9383467
South Wharf,supermarket,Woolworths Metro,-37.8190233,144.953305
South Wharf,cafe,Puzzle Coffee,-37.8190192,144.953659
South Wharf,cafe,Caffe Panette,-37.8328055,144.9574554
South Wharf,cafe,The Bond Store,-37.8217545,144.9639586
South Wharf,cafe,Wild Bean Cafe,-37.8276047,144.9578222
South Wharf,cafe,Espresso Bar International,-37.8191459,144.9551442
South Wharf,cafe,Light up Coffee,-37.8334741,144.9638666
South Wharf,cafe,Emerald Hill Cafe,-37.8344164,144.9606285
South Wharf,cafe,Langleys,-37.8166802,144.9541098
South Wharf,cafe,No. 136 Coffee,-37.8149205,144.9636713
South Wharf,cafe,MilkSha,-37.8149917,144.9637058
South Wharf,cafe,Glenda Pho Vietnamese Cuisine,-37.83917,144.9415634
South Wharf,cafe,The Port Bake House,-37.8375671,144.9430892
South Wharf,cafe,Corner & Bench,-37.814528,144.961567
South Wharf,cafe,Jeremy's Café,-37.8144274,144.9615279
South Wharf,cafe,Cafe all' Angelo,-37.8137805,144.9613979
South Wharf,cafe,Kerbside Caffe,-37.811806,144.9603455
South Wharf,cafe,Boost Juice,-37.837463,144.943575
South Wharf,cafe,Grey & Bliss,-37.8389787,144.9417695
South Wharf,cafe,Chapel Bakery Cafè,-37.8354456,144.9457409
South Wharf,cafe,In A Rush Kitchen,-37.818494,144.959211
South Wharf,cafe,Tomm.,-37.8147196,144.9580058
South Wharf,cafe,Chaf's Cafe,-37.8170742,144.9540347
South Wharf,cafe,Laurent Boulangerie Patisserie,-37.814938,144.957603
South Wharf,cafe,Petty Sessions Cafe,-37.8131093,144.9567905
South Wharf,cafe,Chintaroma,-37.8140649,144.9567012
South Wharf,cafe,La Stradda Cafe,-37.8115213,144.9565801
South Wharf,cafe,Xtraction,-37.812214,144.956019
South Wharf,cafe,Kaèfei,-37.8127335,144.9565904
South Wharf,cafe,Brightside,-37.8162882,144.9554509
South Wharf,cafe,Michel's Patisserie,-37.8150653,144.952021
South Wharf,cafe,Unnamed cafe,-37.8118469,144.9594788
South Wharf,cafe,Blaq,-37.8112731,144.9587623
South Wharf,cafe,Dead Man Espresso,-37.829522,144.960189
South Wharf,cafe,Cafenatics,-37.817513,144.957576
South Wharf,cafe,Brother Bubba Budan,-37.813458,144.962242
South Wharf,cafe,Penny,-37.8143231,144.9382726
South Wharf,cafe,Ten Square,-37.8119646,144.9605372
South Wharf,cafe,Pie Face,-37.8127917,144.9599049
South Wharf,cafe,Kyoto Sushi & Noodle Bar,-37.8141257,144.9605475
South Wharf,cafe,The Cheesecake Shop,-37.8135447,144.959816
South Wharf,cafe,Speck,-37.8133966,144.9597518
South Wharf,cafe,Nourish Salads,-37.8134535,144.9597726
South Wharf,cafe,Fresh Sushi,-37.8134975,144.9597934
South Wharf,cafe,Legals,-37.8131375,144.9587418
South Wharf,cafe,Segafredo,-37.8132425,144.96013
South Wharf,cafe,Martinis,-37.8132231,144.958445
South Wharf,cafe,Octane Espresso Bar,-37.8132592,144.9582051
South Wharf,cafe,Starbucks,-37.8171266,144.9525788
South Wharf,cafe,Burnt Butter,-37.833871,144.9607878
South Wharf,cafe,The Old Paper Shop Deli,-37.832562,144.96021
South Wharf,cafe,Punch Bowl,-37.829828,144.93597
South Wharf,cafe,Potto,-37.8169468,144.9526354
South Wharf,cafe,Brazil Lifestyle Coffee,-37.8310149,144.9570871
South Wharf,cafe,Espresso Hub,-37.8195035,144.9537038
South Wharf,cafe,ST. Ali,-37.8313001,144.9603137
South Wharf,cafe,Felice,-37.8153068,144.9602921
South Wharf,cafe,Oli & Levi Galleria,-37.814664,144.96252
South Wharf,cafe,Diors Cafe & Bar,-37.82901,144.960725
South Wharf,cafe,o3 Cafe & Coworking,-37.824192,144.960769
South Wharf,cafe,Starbucks,-37.8146591,144.9631304
South Wharf,cafe,Cuff,-37.817628,144.963416
South Wharf,cafe,Saranti Cafe,-37.817412,144.9635
South Wharf,cafe,Cafe del Corso,-37.817778,144.96272
South Wharf,cafe,Inzone Cafe,-37.8180385,144.9543399
South Wharf,cafe,Degani,-37.819121,144.948331
South Wharf,cafe,Baci,-37.8226426,144.9585822
South Wharf,cafe,Side Pocket Cafe,-37.8131735,144.9557748
South Wharf,cafe,Hikari,-37.8108738,144.9641712
South Wharf,cafe,Cafenatics,-37.8113734,144.9572301
South Wharf,cafe,Operator 25,-37.8107145,144.9571233
South Wharf,cafe,Brother Thomas,-37.811331,144.956443
South Wharf,cafe,Tinto,-37.817369,144.959472
South Wharf,cafe,Bulldozer Cafe,-37.8301586,144.9622614
South Wharf,cafe,Happy Corner Cafe,-37.8312793,144.962804
South Wharf,cafe,Spin Coffee,-37.81648,144.958255
South Wharf,cafe,Famish'd,-37.816599,144.957794
South Wharf,cafe,Cafenetics,-37.8141621,144.9470999
South Wharf,cafe,Kere Kere,-37.8257083,144.9608905
South Wharf,cafe,Cafe Bourgeois,-37.8132871,144.9410614
South Wharf,cafe,HiRize Bakery Cafe,-37.8161514,144.9530143
South Wharf,cafe,In a Rush,-37.817511,144.9529383
South Wharf,cafe,Earl Canteen,-37.814848,144.9587438
South Wharf,cafe,Cottle on Coventry,-37.832243,144.958107
South Wharf,cafe,Grain 717,-37.8182232,144.9501342
South Wharf,cafe,Café Cavallino,-37.8184335,144.95028
South Wharf,cafe,Hugo's Express,-37.8178619,144.9548526
South Wharf,cafe,In A Rush,-37.821874,144.9447899
South Wharf,cafe,Capri,-37.8140397,144.9428674
South Wharf,cafe,Federal Coffee Palace,-37.813982,144.9632917
South Wharf,cafe,The Workers' Food Room,-37.815458,144.963089
South Wharf,cafe,Altius Coffee Brewers,-37.819714,144.9564536
South Wharf,cafe,Stand Up Cafe,-37.8201673,144.9566388
South Wharf,cafe,Cafe 410 at World of Style,-37.8294954,144.9556641
South Wharf,cafe,Disciples Of Epicurus,-37.8160124,144.9633324
South Wharf,cafe,Kebab & Gözleme Cafe,-37.8190181,144.9473459
South Wharf,cafe,The Grain Store,-37.819583,144.9569289
South Wharf,cafe,Henry & the Fox,-37.8173118,144.9568668
South Wharf,cafe,St. Brew,-37.8196739,144.9511872
South Wharf,cafe,Degani Bakery Cafe,-37.8199126,144.9505437
South Wharf,cafe,Foxtrot Café,-37.8315597,144.9471167
South Wharf,cafe,EARL Canteen,-37.8191106,144.9558503
South Wharf,cafe,Strozzi,-37.8167054,144.9630762
South Wharf,cafe,Doughboys,-37.81595,144.957933
South Wharf,cafe,Cafenatics,-37.821834,144.962369
South Wharf,cafe,Hash Cafe,-37.8123737,144.9605584
South Wharf,cafe,Bluestones Cafe,-37.815373,144.9585863
South Wharf,cafe,Cafe Euro,-37.8152176,144.9590837
South Wharf,cafe,Original Sushi Cafe,-37.8151693,144.9592869
South Wharf,cafe,Sidearm,-37.8279891,144.9497198
South Wharf,cafe,T-Roy Browns,-37.819258,144.9619275
South Wharf,cafe,Piccolocino,-37.816772,144.9566717
South Wharf,cafe,Koko Black Chocolate,-37.8143703,144.9640406
South Wharf,cafe,Shed Café,-37.824189,144.9556711
South Wharf,cafe,Plenary Café,-37.8251369,144.9531076
South Wharf,cafe,Cherry & Twigs Cafe,-37.82004,144.9557185
South Wharf,cafe,The Coffee Club,-37.8122596,144.9379903
South Wharf,cafe,La Petite Crêperie,-37.8138954,144.9615104
South Wharf,cafe,EARL Canteen,-37.8148557,144.9586903
South Wharf,cafe,Prime House,-37.8148316,144.9587712
South Wharf,cafe,Higher Ground,-37.8159784,144.9530202
South Wharf,cafe,St Ali Coffee Roasters,-37.8313313,144.9604687
South Wharf,cafe,De Gusto,-37.8186255,144.9473022
South Wharf,cafe,Starbucks,-37.814606,144.9631005
South Wharf,cafe,Ciel,-37.8293898,144.955495
South Wharf,cafe,B Club Cafe,-37.8147622,144.9402819
South Wharf,cafe,The School of Life,-37.8170674,144.9541163
South Wharf,cafe,Hooks at the Yarra,-37.8240816,144.947699
South Wharf,cafe,Pie Face,-37.8190302,144.953578
South Wharf,cafe,Chè Vietnamese Desserts,-37.8126,144.9617564
South Wharf,cafe,Brown Sugar,-37.8153063,144.9642999
South Wharf,cafe,Little Collins,-37.815175,144.9642353
South Wharf,cafe,Gordon’s,-37.8145437,144.9642886
South Wharf,cafe,Queen Street Food Store,-37.8137003,144.9604035
South Wharf,cafe,Rustica Canteen,-37.811275,144.963487
South Wharf,cafe,Hardware Societe,-37.8200942,144.9566093
South Wharf,cafe,Brick Lane,-37.8114882,144.9598089
South Wharf,cafe,Cafenatics,-37.8148695,144.9586348
South Wharf,cafe,Pietro e Paolo Cafe,-37.8359499,144.9537927
South Wharf,cafe,Burhan's Espresso Bar,-37.8319833,144.9559589
South Wharf,cafe,Canteen,-37.8327035,144.9560688
South Wharf,cafe,D.G. Expresso,-37.8205603,144.9438715
South Wharf,cafe,Saluministi,-37.8204154,144.9411899
South Wharf,cafe,Coffee Gauge,-37.8199191,144.9440603
South Wharf,cafe,Blended Beard,-37.8195432,144.9441992
South Wharf,cafe,Cafe Bambino,-37.8200506,144.9449768
South Wharf,cafe,Min The Cafe,-37.8201789,144.9420594
South Wharf,cafe,365,-37.821841,144.9449468
South Wharf,cafe,Charlie Bit Me,-37.8207115,144.94503
South Wharf,cafe,The Other Brother,-37.8219353,144.9437997
South Wharf,cafe,Caffé ESC,-37.8216918,144.9462505
South Wharf,cafe,iBean,-37.8212385,144.9453255
South Wharf,cafe,Rhumba’s,-37.8191324,144.9454241
South Wharf,cafe,Cafenatics,-37.819662,144.9449607
South Wharf,cafe,BITO Beans Bourke,-37.8186934,144.9445761
South Wharf,cafe,Bearded Brothers Coffee,-37.8152487,144.9632551
South Wharf,cafe,In a Rush,-37.8156794,144.9618381
South Wharf,cafe,Patricia Coffee Brewers,-37.8147026,144.9582933
South Wharf,cafe,Sushi Nori,-37.8210544,144.9498179
South Wharf,cafe,Upstanding Citizens,-37.8211524,144.9492866
South Wharf,cafe,Saluministi Sandwiches,-37.8180936,144.9610702
South Wharf,cafe,Schmucks Bagels,-37.8145279,144.9568615
South Wharf,cafe,The Ambitious Act,-37.8342952,144.9613688
South Wharf,cafe,Market Lane Coffee,-37.8328479,144.9573083
South Wharf,cafe,Little Rogue,-37.8109925,144.9640518
South Wharf,cafe,Shamble Coffee Brewers,-37.8161818,144.9606255
South Wharf,cafe,Giddiup Cafe,-37.8324506,144.958748
South Wharf,cafe,Coffee Rush,-37.8153071,144.9522179
South Wharf,cafe,Stokers,-37.8313848,144.9600301
South Wharf,cafe,Anchor Eatery,-37.8217715,144.9363723
South Wharf,cafe,Mr Summit,-37.8241896,144.9624587
South Wharf,cafe,Pie Face,-37.8287953,144.9639042
South Wharf,cafe,Hunters' Roots,-37.8197581,144.9564578
South Wharf,cafe,Di Parsia Pasticceria Caffe,-37.8209984,144.9559432
South Wharf,cafe,Gloria Jean's,-37.8176666,144.9516554
South Wharf,cafe,Xing Fu Tang,-37.8121824,144.9620102
South Wharf,cafe,Ms PREtea,-37.8122099,144.9619306
South Wharf,cafe,Ding Tea,-37.8134548,144.9625954
South Wharf,cafe,Milksha,-37.8149495,144.9636992
South Wharf,cafe,The Cupcake Queens,-37.8140211,144.9615058
South Wharf,cafe,The Perch Cafe,-37.8123945,144.9549224
South Wharf,cafe,Dari,-37.814183,144.9613888
South Wharf,cafe,Riverside Deli,-37.8199064,144.9582571
South Wharf,cafe,Crema Cafe,-37.8151402,144.9630457
South Wharf,cafe,Caffe E Torta,-37.814983,144.9642234
South Wharf,cafe,Yi Fang Tea,-37.8107167,144.9640564
South Wharf,cafe,Gong Cha,-37.810582,144.9629004
South Wharf,cafe,The Little Royal,-37.8147003,144.9641568
South Wharf,cafe,Kit Espresso,-37.8146926,144.9638096
South Wharf,cafe,Coal River Farm,-37.8156404,144.9641473
South Wharf,cafe,Daybreak Cafe,-37.8129813,144.9392926
South Wharf,cafe,Teej Cafe,-37.8185302,144.9476112
South Wharf,cafe,Tori’s,-37.8129514,144.9614331
South Wharf,cafe,Common Place Coffee Brewers,-37.8151033,144.9541949
South Wharf,cafe,Mork Chocolate,-37.8157527,144.9632245
South Wharf,cafe,Maker,-37.8137557,144.9613601
South Wharf,cafe,Aga the French patisserie,-37.8323197,144.9566948
South Wharf,cafe,Brunos,-37.8178155,144.9491093
South Wharf,cafe,Chatime,-37.8170806,144.9526939
South Wharf,cafe,Unnamed cafe,-37.8160745,144.9523651
South Wharf,cafe,Gong Cha,-37.8107728,144.9641236
South Wharf,cafe,Code Black Coffee,-37.8178741,144.9538677
South Wharf,cafe,Oli & Levi Espresso,-37.8160083,144.9562443
South Wharf,cafe,Unnamed cafe,-37.8108221,144.9623579
South Wharf,cafe,Blahnik,-37.8155805,144.9631346
South Wharf,cafe,Louie,-37.8159014,144.9631715
South Wharf,cafe,Vona Co,-37.8158657,144.9631604
South Wharf,cafe,Stockroom 567,-37.818908,144.9553914
South Wharf,cafe,Namoo Japanese Cafe,-37.8186883,144.956086
South Wharf,cafe,Schmucks Bagels,-37.8189599,144.9551873
South Wharf,cafe,Square One,-37.8184404,144.9568979
South Wharf,cafe,The George,-37.8177211,144.9582495
South Wharf,cafe,A Treat Of France,-37.8270995,144.9590528
South Wharf,cafe,Au79,-37.8259255,144.9596887
South Wharf,cafe,The Lunch Spot,-37.8286531,144.9612087
South Wharf,cafe,Le Yeahllow Little Collins Street,-37.8155303,144.9623875
South Wharf,cafe,Sam Spade,-37.8109952,144.959629
South Wharf,cafe,Little Sparrow,-37.8121334,144.9641414
South Wharf,cafe,Story Coffee,-37.8176,144.9493274
South Wharf,cafe,Cocobei,-37.8142896,144.9396203
South Wharf,cafe,Melbourne Ferry Terminal,-37.816902,144.9450767
South Wharf,cafe,BITO,-37.814192,144.9450348
South Wharf,cafe,Café Orr,-37.8250565,144.9512029
South Wharf,cafe,18 Pence Lane,-37.824583,144.9452578
South Wharf,cafe,The Espressionist,-37.8241747,144.9433559
South Wharf,cafe,My Koala Café,-37.8140423,144.944826
South Wharf,cafe,Goldfields Café + Bar,-37.8257505,144.951849
South Wharf,cafe,CM & Co,-37.817997,144.9622922
South Wharf,cafe,Paper Tiger,-37.8185027,144.9626424
South Wharf,cafe,Boost Juice,-37.8189151,144.9536169
South Wharf,cafe,Chatime,-37.8114774,144.9633943
South Wharf,cafe,Tiger's Den,-37.8109777,144.9631657
South Wharf,cafe,ComeBuyTea,-37.8109235,144.9630703
South Wharf,cafe,Unnamed cafe,-37.8106095,144.9619218
South Wharf,cafe,Axil,-37.8106553,144.9617596
South Wharf,cafe,Le Petit Gateau,-37.8163157,144.9595571
South Wharf,cafe,First Love,-37.8176687,144.9598753
South Wharf,cafe,Puzzle Coffee,-37.810342,144.9633882
South Wharf,cafe,Impresso Cafe,-37.8122817,144.953649
South Wharf,cafe,Groovy Mamas,-37.8212431,144.9431617
South Wharf,cafe,Unnamed cafe,-37.8185765,144.9448216
South Wharf,cafe,Gong Cha,-37.8104466,144.9630337
South Wharf,cafe,People's Coffee,-37.8172096,144.9599238
South Wharf,cafe,Meals With Impact,-37.8207203,144.9490086
South Wharf,cafe,Meister,-37.8211991,144.9499187
South Wharf,cafe,Pure Pie,-37.821147,144.9498822
South Wharf,cafe,Project Zero Coffee,-37.8167704,144.9563295
South Wharf,cafe,People's Coffee,-37.8149505,144.9573025
South Wharf,cafe,Sargon Cafe,-37.8152332,144.9564593
South Wharf,cafe,Five Points Cafe,-37.8170564,144.9568789
South Wharf,cafe,Neighbours,-37.8230233,144.9506963
South Wharf,cafe,Ada Grace,-37.8326207,144.9590781
South Wharf,cafe,Patricia Coffee Roasters,-37.8146691,144.9582379
South Wharf,cafe,Moment Coffee,-37.8122619,144.9581735
South Wharf,cafe,Cartel Coffee Roasters Melbourne,-37.8138569,144.9624151
South Wharf,cafe,No. 84,-37.8399316,144.9574362
South Wharf,cafe,Montague Park Foodstore,-37.8371803,144.9538942
South Wharf,cafe,Park Lane Cafe,-37.8364732,144.9624991
South Wharf,cafe,Balderdash,-37.8368823,144.9435575
South Wharf,cafe,My Sista Says,-37.8364797,144.9435802
South Wharf,cafe,Leona,-37.8371382,144.9431078
South Wharf,cafe,Hurricane Handsome,-37.8360288,144.9443886
South Wharf,cafe,Station Street Trading Company,-37.8334809,144.9444003
South Wharf,cafe,Four7Six,-37.8339786,144.9468433
South Wharf,cafe,heart bakes,-37.8338936,144.9403813
South Wharf,cafe,Workshop Brothers Southbank,-37.8211618,144.9636124
South Wharf,gym,Vault Crossfit,-37.8130719,144.9601471
South Wharf,gym,Fitness First,-37.814393,144.963513
South Wharf,gym,Corporate Fitness Club,-37.817559,144.963588
South Wharf,gym,Dohertys,-37.819118,144.962587
South Wharf,gym,Fight Club,-37.8192093,144.962262
South Wharf,gym,Genesis,-37.8222261,144.9630117
South Wharf,gym,KettleFit,-37.8296477,144.9356951
South Wharf,gym,MOVE yoga,-37.8175852,144.9634936
South Wharf,gym,Melbourne Altitude Training,-37.8285666,144.9611623
South Wharf,gym,F45 Training,-37.8190748,144.9436147
South Wharf,gym,Push Fitness,-37.8224,144.9465343
South Wharf,gym,Anytime Fitness,-37.8210852,144.9494407
South Wharf,gym,RBT South Melbourne,-37.8327589,144.9493195
South Wharf,gym,F45 Training,-37.8340675,144.9477182
South Wharf,gym,F45 Training,-37.8105874,144.9610713
South Wharf,gym,Anytime Fitness,-37.8312477,144.9589174
South Wharf,gym,The Wharf Club,-37.8218676,144.9362
South Wharf,gym,The Renovator,-37.8339297,144.9485996
South Wharf,library,Emerald Hill Library,-37.8347011,144.9603726
South Wharf,library,Southbank Library at Boyd,-37.8255777,144.9612198
South Wharf,library,Port Melbourne Library,-37.835771,144.944496
South Wharf,library,Legal Aid public law library,-37.8156051,144.9568708
South Wharf,library,Library at the Dock,-37.8200204,144.9405445
Port Melbourne,supermarket,Woolworths,-37.8311018,144.9307435
Port Melbourne,cafe,G&S Cafe,-37.8326651,144.923936
Port Melbourne,cafe,Port Xpresso,-37.830267,144.9231635
Port Melbourne,cafe,Punch Bowl,-37.829828,144.93597
Port Melbourne,cafe,Caps Cafe,-37.8397691,144.9154689
Port Melbourne,cafe,Anchor Eatery,-37.8217715,144.9363723
Port Melbourne,cafe,Pie Face,-37.8309599,144.9187474
Port Melbourne,cafe,Bella Cosi,-37.841865,144.9360718
Port Melbourne,cafe,Sensoray Lab,-37.8219299,144.9264746
Port Melbourne,cafe,Hall St. Cafe,-37.8227748,144.9265493
Port Melbourne,cafe,Unnamed cafe,-37.8235948,144.9256041
Port Melbourne,cafe,Dusty Fox Cafe,-37.8312907,144.9305393
Port Melbourne,cafe,24 Atoms,-37.8253647,144.921733
Port Melbourne,cafe,Black Jack Cafe & Kitchen,-37.8255037,144.9217177
Port Melbourne,cafe,Bolte Cafe and Kebab,-37.8221176,144.9309913
Port Melbourne,cafe,Local Rules,-37.8363501,144.9197063
Port Melbourne,cafe,The Avenue Cafe,-37.8367035,144.9197517
Port Melbourne,gym,KettleFit,-37.8296477,144.9356951
Port Melbourne,gym,The Wharf Club,-37.8218676,144.9362
Tarneit,supermarket,Woolworths,-37.8400099,144.6738163
Tarneit,supermarket,Coles,-37.8339607,144.6510554
Tarneit,supermarket,Aldi,-37.8350609,144.652032
Tarneit,cafe,Little Growling Cafe,-37.8470281,144.6517562
Hoppers Crossing,supermarket,Woolworths,-37.862377,144.6871827
Hoppers Crossing,cafe,Morris + Heath,-37.8811949,144.7036873
Hoppers Crossing,cafe,Little Sparrow,-37.8761135,144.6803421
Point Cook,supermarket,Coles,-37.8952497,144.7530363
Point Cook,supermarket,ALDI,-37.8952997,144.7522522
Point Cook,supermarket,IGA Point Cook,-37.8990016,144.7398241
Point Cook,cafe,Muffin Break,-37.8955548,144.7515986
Derrimut,supermarket,NQR,-37.7847239,144.771428
Derrimut,supermarket,Morgan's IGA,-37.7921897,144.7895016
Derrimut,cafe,Lot 8 Cafe,-37.7909412,144.7728353
Derrimut,cafe,Cafe 162,-37.8048462,144.7638345
Derrimut,cafe,Cafe thyme out s,-37.808997,144.7823606
Derrimut,gym,Derrimut 24:7 Gym,-37.7836304,144.7750809
Burnside,supermarket,Coles,-37.7592178,144.7534185
Burnside,cafe,Raven Cafe,-37.7602336,144.7441325
Burnside Heights,supermarket,Coles,-37.7323759,144.7425236
Burnside Heights,supermarket,ALDI,-37.7315698,144.7427972
Burnside Heights,supermarket,Woolworths,-37.7230371,144.7516
Burnside Heights,supermarket,Woolworths,-37.7301438,144.7430619
Burnside Heights,cafe,Red Beetle Cafe,-37.7335953,144.7416481
Burnside Heights,cafe,Brew Brothers,-37.7326778,144.7415137
Burnside Heights,cafe,Caffe Di Famiglia,-37.7233948,144.7517187
Burnside Heights,cafe,Boost Juice,-37.7312794,144.7431882
Burnside Heights,cafe,Chatime,-37.7324237,144.7429128
Burnside Heights,cafe,The Coffee Club,-37.7323756,144.743196
Burnside Heights,cafe,Gloria Jean's,-37.7327317,144.7431114
Burnside Heights,cafe,john's Nuts & Coffee,-37.7311476,144.7430743
Burnside Heights,cafe,The Jolly Miller Cafe,-37.7302887,144.7437361
Burnside Heights,cafe,New Oriental Cafe,-37.7317659,144.7432107
Burnside Heights,gym,Anytime Fitness,-37.7342276,144.7414847
Burnside Heights,library,Caroline Springs Library,-37.7332875,144.7402989
Taylors Hill,supermarket,Woolworths,-37.7230371,144.7516
Taylors Hill,supermarket,Coles,-37.711603,144.7415653
Taylors Hill,supermarket,Woolworths,-37.7301438,144.7430619
Taylors Hill,cafe,Caffe Di Famiglia,-37.7233948,144.7517187
Taylors Hill,cafe,Art de Cafe,-37.7112812,144.7417342
Taylors Hill,gym,Jetts Fitness,-37.71077,144.7402244
Taylors Hill,gym,Jetts Fitness,-37.7108351,144.7402291
Taylors Hill,gym,Jetts Fitness,-37.7107146,144.7402344
Albanvale,supermarket,Coles,-37.7518375,144.7756103
Albanvale,supermarket,Woolworths,-37.7508329,144.7734061
Albanvale,supermarket,Aldi,-37.75006,144.7743439
Albanvale,cafe,Chatime,-37.7510316,144.7761017
Albanvale,cafe,Boost Juice,-37.750732,144.7759355
Albanvale,library,Brimbank Libraries Deer Park Branch,-37.7519442,144.77695
Cairnlea,supermarket,Coles,-37.7518375,144.7756103
Cairnlea,supermarket,Woolworths,-37.7508329,144.7734061
Cairnlea,supermarket,Coles,-37.7587406,144.7901048
Cairnlea,supermarket,Aldi,-37.75006,144.7743439
Cairnlea,supermarket,Minh Vi,-37.7585801,144.7904118
Cairnlea,supermarket,Woolworths,-37.7448814,144.8016816
Cairnlea,cafe,Bubble Cup,-37.7446531,144.8006703
Cairnlea,cafe,Empire Shisha Bar,-37.7449109,144.8007499
Cairnlea,cafe,Ramciel,-37.7451315,144.8013056
Cairnlea,cafe,Monte Coffee,-37.7450249,144.8013075
Cairnlea,cafe,Do’s Cafe,-37.7443814,144.8022043
Cairnlea,cafe,Deer Park Munchies,-37.7703676,144.7733974
Cairnlea,cafe,Vicpies,-37.7582199,144.7902529
Cairnlea,cafe,Cafe Oliveto,-37.7575454,144.7903701
Cairnlea,cafe,Chatime,-37.7510316,144.7761017
Cairnlea,cafe,Boost Juice,-37.750732,144.7759355
Cairnlea,cafe,Pie Face,-37.7697553,144.7752712
Cairnlea,cafe,Bellamy,-37.7445881,144.801151
Cairnlea,cafe,Shisha Cafe,-37.7703681,144.7730386
Cairnlea,library,Brimbank Libraries Deer Park Branch,-37.7519442,144.77695
Keilor Downs,supermarket,Coles,-37.7273876,144.8065418
Keilor Downs,supermarket,ALDI,-37.7263093,144.8066275
Keilor Downs,supermarket,Foodworks,-37.7344279,144.8059942
Keilor Downs,gym,Anytime Fitness,-37.7274813,144.8075878
St Albans,supermarket,Coles,-37.7587406,144.7901048
St Albans,supermarket,Thuan Khiem,-37.7435227,144.8009276
St Albans,supermarket,Minh Vi,-37.7585801,144.7904118
St Albans,supermarket,St Albans Supermarket & Halal Meat,-37.7442247,144.7983251
St Albans,supermarket,Minh Hưng,-37.7438416,144.8009936
St Albans,supermarket,Woolworths,-37.7448814,144.8016816
St Albans,supermarket,KFL,-37.7440725,144.8008872
St Albans,supermarket,IGA,-37.7432164,144.7997843
St Albans,supermarket,Parachinar Supermarket,-37.7437556,144.7978822
St Albans,supermarket,Foodworks,-37.7344279,144.8059942
St Albans,supermarket,MA-B1 African Market,-37.7440872,144.7969635
St Albans,supermarket,MKS Spices 'n Things,-37.7444108,144.8037167
St Albans,cafe,Hanna,-37.743978,144.799191
St Albans,cafe,Bubble Cup,-37.7446531,144.8006703
St Albans,cafe,Empire Shisha Bar,-37.7449109,144.8007499
St Albans,cafe,Ramciel,-37.7451315,144.8013056
St Albans,cafe,Monte Coffee,-37.7450249,144.8013075
St Albans,cafe,Do’s Cafe,-37.7443814,144.8022043
St Albans,cafe,Vicpies,-37.7582199,144.7902529
St Albans,cafe,Cafe Oliveto,-37.7575454,144.7903701
St Albans,cafe,Dessert Story,-37.7432486,144.8011404
St Albans,cafe,Café U&I,-37.743602,144.8003258
St Albans,cafe,Bellamy,-37.7445881,144.801151
St Albans,cafe,Bitola Inter Cafe,-37.7440333,144.7967628
St Albans,library,St Albans Library,-37.741671,144.8006153
Kings Park,supermarket,Morgan's IGA,-37.7260976,144.7809164
Sunshine North,cafe,Bean Lab,-37.7779783,144.8507463
Sunshine North,cafe,French Cafe,-37.7781815,144.8507132
Sunshine North,cafe,The Usual Joint,-37.7622167,144.8287936
Deepdene,supermarket,Boccaccio SUPA IGA,-37.8015537,145.0626975
Deepdene,supermarket,IGA,-37.798545,145.0520745
Deepdene,cafe,Snow Pony,-37.8109171,145.0662108
Deepdene,cafe,Bohemia,-37.825298,145.080796
Deepdene,cafe,Grinders,-37.825199,145.08107
Deepdene,cafe,Collective,-37.8261814,145.0579774
Deepdene,cafe,Alleycat Cafe,-37.8247497,145.0811808
Deepdene,cafe,Cafe Bacino on Burke,-37.8015718,145.0621932
Deepdene,cafe,Ben,-37.8009941,145.0626566
Deepdene,cafe,Gilbert's,-37.797831,145.0537035
Deepdene,cafe,East And Co,-37.8122375,145.0752423
Deepdene,cafe,Town and Country,-37.8108565,145.0636443
Deepdene,cafe,Outlaw,-37.8241685,145.0814269
Deepdene,cafe,Heritage Wall,-37.8249339,145.058097
Deepdene,cafe,Kuche,-37.7985952,145.0527211
Deepdene,cafe,Soul Sisters,-37.8267728,145.0573864
Deepdene,gym,Alta Personal Training,-37.8238896,145.0811809
Deepdene,gym,Endless,-37.8123467,145.0760463
Deepdene,gym,South Pacific Health Club,-37.8251892,145.0573733
Balwyn,supermarket,IGA,-37.8034488,145.0841241
Balwyn,supermarket,Woolworths,-37.812641,145.0831702
Balwyn,supermarket,Coles Local,-37.8241567,145.0972292
Balwyn,cafe,Mr Hendricks,-37.8133593,145.0866325
Balwyn,cafe,Sylvia's Cafe and Larder,-37.8034204,145.0839945
Balwyn,cafe,Little Nonna,-37.8033657,145.0834097
Balwyn,cafe,Thanks a Latte,-37.813272,145.0839235
Balwyn,cafe,Laurent Boulangerie Patisserie,-37.8132739,145.0837698
Balwyn,cafe,Onepluspiece,-37.8130814,145.0823154
Balwyn,cafe,Unnamed cafe,-37.8191497,145.0888784
Balwyn,cafe,East And Co,-37.8122375,145.0752423
Balwyn,cafe,Outlaw,-37.8241685,145.0814269
Balwyn,cafe,Balwyn Espresso,-37.8129796,145.0837066
Balwyn,cafe,Reunion Cafe Dining,-37.8231909,145.0975739
Balwyn,cafe,The Steam Coffee Company,-37.8238421,145.0978568
Balwyn,cafe,Chit Chat,-37.823438,145.0979535
Balwyn,cafe,Zimt,-37.8227863,145.0980296
Balwyn,cafe,Anne's Pantry,-37.8236413,145.0978958
Balwyn,gym,Balwyn Yoga Centre,-37.8149841,145.0980338
Balwyn,gym,Anytime Fitness,-37.8134519,145.0842055
Balwyn,gym,Alta Personal Training,-37.8238896,145.0811809
Balwyn,gym,Unnamed gym,-37.8124512,145.0815788
Balwyn,gym,Endless,-37.8123467,145.0760463
Balwyn,library,Balwyn Library,-37.8136405,145.085512
Mont Albert,supermarket,Coles,-37.8038542,145.1021788
Mont Albert,supermarket,Woolworths,-37.8195494,145.1212804
Mont Albert,supermarket,Roaring Bear Asian Grocery,-37.8283644,145.121194
Mont Albert,supermarket,Coles,-37.8196048,145.1203412
Mont Albert,supermarket,Tan Huang Asian Grocer,-37.8196347,145.1225176
Mont Albert,supermarket,Foodworks,-37.8204789,145.1052753
Mont Albert,supermarket,Hui-Hui Supermarket,-37.8185457,145.1204799
Mont Albert,supermarket,ALDI,-37.8293579,145.1208749
Mont Albert,supermarket,Coles Local,-37.8241567,145.0972292
Mont Albert,cafe,Sips and Stories,-37.8247987,145.0976162
Mont Albert,cafe,Traducci,-37.8187795,145.1219761
Mont Albert,cafe,Amity Cafe,-37.803656,145.1024041
Mont Albert,cafe,Hill Top Cakes ,-37.8148347,145.0988548
Mont Albert,cafe,Degani Bakery Cafe,-37.8038539,145.101353
Mont Albert,cafe,Teaser,-37.8188457,145.1219276
Mont Albert,cafe,Top Tea,-37.8192548,145.12198
Mont Albert,cafe,Gong Cha,-37.8191306,145.1221486
Mont Albert,cafe,Yi Fang Tea,-37.8197416,145.1210973
Mont Albert,cafe,CoCo Fresh Tea & Juice,-37.8197229,145.121309
Mont Albert,cafe,White Mojo,-37.8192903,145.1218015
Mont Albert,cafe,Nelson,-37.8161413,145.1197253
Mont Albert,cafe,The Penny Drop,-37.8175676,145.1221178
Mont Albert,cafe,æ Coffee,-37.8183846,145.119021
Mont Albert,cafe,Cafe Saporo,-37.8177264,145.1160031
Mont Albert,cafe,Hamilton's,-37.8200413,145.1051118
Mont Albert,cafe,Churchill Cafe,-37.820118,145.1050961
Mont Albert,cafe,Mason Lane Cafe,-37.8211219,145.1051368
Mont Albert,cafe,The Boulevard Food Store,-37.8209127,145.1047763
Mont Albert,cafe,Beekeen,-37.8196977,145.1206615
Mont Albert,cafe,Boost Juice,-37.8198026,145.1214061
Mont Albert,cafe,Petite By Matilda,-37.8087732,145.1080958
Mont Albert,cafe,Mister and Miss,-37.8156349,145.1058057
Mont Albert,cafe,Mary’s Paddock,-37.8146397,145.1194042
Mont Albert,cafe,Reunion Cafe Dining,-37.8231909,145.0975739
Mont Albert,cafe,The Steam Coffee Company,-37.8238421,145.0978568
Mont Albert,cafe,Chit Chat,-37.823438,145.0979535
Mont Albert,cafe,Zimt,-37.8227863,145.0980296
Mont Albert,cafe,Anne's Pantry,-37.8236413,145.0978958
Mont Albert,cafe,Homm,-37.81859,145.1220297
Mont Albert,cafe,Matilda,-37.8088802,145.1083575
Mont Albert,gym,Balwyn Yoga Centre,-37.8149841,145.0980338
Mont Albert,gym,Healthways Recreation Centre,-37.8086387,145.1083521
Mont Albert,gym,Alta Fitness,-37.8210105,145.1051649
Kew East,supermarket,Boccaccio SUPA IGA,-37.8015537,145.0626975
Kew East,supermarket,IGA,-37.798545,145.0520745
Kew East,supermarket,Coles Local,-37.7930208,145.0647489
Kew East,supermarket,Coles,-37.8038373,145.0376993
Kew East,cafe,Miss D's Cafe Tea Room,-37.7938295,145.0640032
Kew East,cafe,Cafe Bacino on Burke,-37.8015718,145.0621932
Kew East,cafe,Ben,-37.8009941,145.0626566
Kew East,cafe,The Cake Alchemist,-37.7937773,145.0640129
Kew East,cafe,Bean Thief,-37.7962694,145.0572456
Kew East,cafe,Gilbert's,-37.797831,145.0537035
Kew East,cafe,Adeney Milkbar Cafe,-37.8028866,145.0490731
Kew East,cafe,Unnamed cafe,-37.7920768,145.0479937
Kew East,cafe,Briquettes Cafe,-37.7995015,145.0507874
Kew East,cafe,Kuche,-37.7985952,145.0527211
Kew East,cafe,Unnamed cafe,-37.7988534,145.0507674
Kew East,gym,Anytime Fitness,-37.7995262,145.0496577
Kew East,library,Kew High School Library,-37.7950122,145.0623374
Kew,supermarket,Kew Friendly Supermarket,-37.7960183,145.0354729
Kew,supermarket,Leo's Fine Food & Wine,-37.8062858,145.0292817
Kew,supermarket,Woolworths,-37.8057563,145.0309266
Kew,supermarket,Coles,-37.8038373,145.0376993
Kew,cafe,Replete Providore,-37.8153588,145.0416497
Kew,cafe,The Quartermaster's Store,-37.8129305,145.042787
Kew,cafe,Unnamed cafe,-37.8075455,145.0291815
Kew,cafe,Sardi,-37.8168273,145.0200672
Kew,cafe,Willo Cafe,-37.7965609,145.035415
Kew,cafe,Tsuko's,-37.8069909,145.0298555
Kew,cafe,Zakka Life,-37.8067974,145.0303399
Kew,cafe,Cocoa,-37.8065992,145.0308892
Kew,cafe,Unnamed cafe,-37.7920768,145.0479937
Kew,cafe,Who's Harry,-37.8158094,145.0210125
Kew,cafe,Ora Specialty Coffee,-37.7960005,145.0362884
Kew,library,Kew Toy Library,-37.7962571,145.0362195
Kew,library,Kew Library,-37.8077837,145.0345102
Hawthorn East,supermarket,Coles,-37.8458418,145.0452563
Hawthorn East,supermarket,Woolworths,-37.8294287,145.058971
Hawthorn East,supermarket,Coles,-37.8291542,145.0563202
Hawthorn East,supermarket,Woolworths,-37.8208755,145.0363418
Hawthorn East,supermarket,Woolworths,-37.8456299,145.0422777
Hawthorn East,supermarket,Aldi,-37.8305497,145.058844
Hawthorn East,supermarket,Serendipity,-37.8430583,145.0543907
Hawthorn East,supermarket,Coles,-37.82003,145.0354613
Hawthorn East,cafe,Riversdale Gourmet,-37.829686,145.043441
Hawthorn East,cafe,Unnamed cafe,-37.8237673,145.0441837
Hawthorn East,cafe,Unnamed cafe,-37.8231854,145.0447835
Hawthorn East,cafe,Unnamed cafe,-37.8232752,145.0447544
Hawthorn East,cafe,Boost Juice,-37.8201936,145.0359639
Hawthorn East,cafe,Bacio Dolce,-37.8216019,145.0354096
Hawthorn East,cafe,Once a Tailor,-37.819017,145.0358522
Hawthorn East,cafe,Cafe Gomez,-37.8211329,145.0381312
Hawthorn East,cafe,Haddon's Cafe,-37.8219524,145.0382694
Hawthorn East,cafe,Saint Helen Cafe,-37.8294195,145.0409839
Hawthorn East,cafe,Knead Bakers,-37.8229718,145.0375024
Hawthorn East,cafe,Latte Da,-37.8322082,145.0562552
Hawthorn East,cafe,Collective,-37.8261814,145.0579774
Hawthorn East,cafe,Jane&Co Cafe,-37.823439,145.0353829
Hawthorn East,cafe,Courtyard,-37.8460212,145.0540626
Hawthorn East,cafe,Crabapple Kitchen,-37.8209506,145.0355099
Hawthorn East,cafe,Blood Orange Cafe,-37.8237172,145.0461267
Hawthorn East,cafe,Glenferrie Crêpe Cafe,-37.8212033,145.036501
Hawthorn East,cafe,Chaplin's Office,-37.8232849,145.039529
Hawthorn East,cafe,The Resistance Bar & Cafe,-37.8212118,145.0360283
Hawthorn East,cafe,Hash Speciality Coffee,-37.8310029,145.0571866
Hawthorn East,cafe,Unnamed cafe,-37.8281019,145.0582614
Hawthorn East,cafe,Hall St. Provider,-37.8443762,145.0426063
Hawthorn East,cafe,Mr & Mrs Andersons,-37.8406355,145.0461119
Hawthorn East,cafe,Cafe Paradiso,-37.8305425,145.0560827
Hawthorn East,cafe,Shanklin,-37.8330621,145.0473785
Hawthorn East,cafe,Chatime,-37.8214105,145.0354307
Hawthorn East,cafe,Ding Tea,-37.8206099,145.0362442
Hawthorn East,cafe,Nigel,-37.8212345,145.0365764
Hawthorn East,cafe,UDLE,-37.8210755,145.0377514
Hawthorn East,cafe,Heritage Wall,-37.8249339,145.058097
Hawthorn East,cafe,AXIL COFFEE ROASTERS,-37.8204735,145.0355801
Hawthorn East,cafe,Barrel & Roast,-37.827573,145.0581505
Hawthorn East,cafe,Soul Sisters,-37.8267728,145.0573864
Hawthorn East,cafe,Prospect Espresso,-37.828333,145.0575383
Hawthorn East,cafe,Choclatte,-37.8283912,145.0567588
Hawthorn East,cafe,Dr. Brunch,-37.8229501,145.0367506
Hawthorn East,cafe,The Sandwich Platter,-37.8237932,145.0348604
Hawthorn East,cafe,Cactea,-37.8223916,145.0355758
Hawthorn East,gym,Orange Theory Fitness,-37.8243914,145.0364575
Hawthorn East,gym,Kieser,-37.8285278,145.0584061
Hawthorn East,gym,South Pacific Health Club,-37.8251892,145.0573733
Hawthorn East,library,Camberwell Library,-37.834344,145.0588862
Hawthorn East,library,Hawthorn Library,-37.8253359,145.0353406
Hawthorn East,library,LB Swinburne Library,-37.822471,145.0393357
Camberwell,supermarket,Leo's Fine Food & Wine,-37.8488155,145.0766461
Camberwell,supermarket,IGA,-37.8249989,145.0816328
Camberwell,supermarket,Woolworths,-37.8340002,145.0773307
Camberwell,supermarket,Coles,-37.8334247,145.0773388
Camberwell,cafe,Unnamed cafe,-37.8316072,145.0695217
Camberwell,cafe,Glen Iris Pantry,-37.8530685,145.067269
Camberwell,cafe,Bohemia,-37.825298,145.080796
Camberwell,cafe,Grinders,-37.825199,145.08107
Camberwell,cafe,The Maling Room,-37.8243392,145.0825907
Camberwell,cafe,Unnamed cafe,-37.8517804,145.0798964
Camberwell,cafe,Unnamed cafe,-37.8514182,145.0799473
Camberwell,cafe,Fordham Milk Bar,-37.8445369,145.0768065
Camberwell,cafe,Lulabelles,-37.8484849,145.0777587
Camberwell,cafe,Between Us,-37.8245936,145.0820764
Camberwell,cafe,Weatherson Foods,-37.8246911,145.081835
Camberwell,cafe,Alleycat Cafe,-37.8247497,145.0811808
Camberwell,cafe,Outlaw,-37.8241685,145.0814269
Camberwell,cafe,Our Little Secret,-37.8337202,145.076045
Camberwell,cafe,Goodness Gracious,-37.8338775,145.07692
Camberwell,cafe,The Conti Deli & Cafe,-37.8340288,145.0782155
Camberwell,cafe,Monaco's Continental Delicatessen & Food Store,-37.8421671,145.0694522
Camberwell,gym,Alta Personal Training,-37.8238896,145.0811809
Canterbury,supermarket,IGA,-37.8249989,145.0816328
Canterbury,supermarket,Woolworths,-37.8340002,145.0773307
Canterbury,supermarket,Woolworths,-37.812641,145.0831702
Canterbury,supermarket,Coles,-37.8334247,145.0773388
Canterbury,cafe,Unnamed cafe,-37.8316072,145.0695217
Canterbury,cafe,Snow Pony,-37.8109171,145.0662108
Canterbury,cafe,Bohemia,-37.825298,145.080796
Canterbury,cafe,Grinders,-37.825199,145.08107
Canterbury,cafe,The Maling Room,-37.8243392,145.0825907
Canterbury,cafe,Mr Hendricks,-37.8133593,145.0866325
Canterbury,cafe,Between Us,-37.8245936,145.0820764
Canterbury,cafe,Weatherson Foods,-37.8246911,145.081835
Canterbury,cafe,Alleycat Cafe,-37.8247497,145.0811808
Canterbury,cafe,Thanks a Latte,-37.813272,145.0839235
Canterbury,cafe,Laurent Boulangerie Patisserie,-37.8132739,145.0837698
Canterbury,cafe,Onepluspiece,-37.8130814,145.0823154
Canterbury,cafe,Unnamed cafe,-37.8191497,145.0888784
Canterbury,cafe,East And Co,-37.8122375,145.0752423
Canterbury,cafe,Town and Country,-37.8108565,145.0636443
Canterbury,cafe,Outlaw,-37.8241685,145.0814269
Canterbury,cafe,Balwyn Espresso,-37.8129796,145.0837066
Canterbury,cafe,Our Little Secret,-37.8337202,145.076045
Canterbury,cafe,Goodness Gracious,-37.8338775,145.07692
Canterbury,cafe,The Conti Deli & Cafe,-37.8340288,145.0782155
Canterbury,gym,Anytime Fitness,-37.8134519,145.0842055
Canterbury,gym,Alta Personal Training,-37.8238896,145.0811809
Canterbury,gym,Unnamed gym,-37.8124512,145.0815788
Canterbury,gym,Endless,-37.8123467,145.0760463
Canterbury,library,Balwyn Library,-37.8136405,145.085512
Parkville,supermarket,North Melbourne IGA X-press,-37.798856,144.953525
Parkville,supermarket,Woolworths,-37.7758181,144.9618499
Parkville,supermarket,Coles,-37.7758523,144.9626265
Parkville,supermarket,Foodworks,-37.7844714,144.9381234
Parkville,supermarket,IGA,-37.7951171,144.9415256
Parkville,supermarket,IGA,-37.784938,144.9385839
Parkville,supermarket,Woolworths,-37.7963605,144.940678
Parkville,supermarket,Cheaper Buy Miles,-37.7749261,144.9606389
Parkville,supermarket,Tiem Tap Hoa Asian Grocer,-37.7948464,144.9415679
Parkville,supermarket,IGA,-37.8000464,144.9653246
Parkville,supermarket,Royal Supermarket,-37.7945593,144.9498377
Parkville,supermarket,Coles,-37.7724084,144.9488152
Parkville,cafe,Books n Bites Cafe,-37.8017523,144.9583162
Parkville,cafe,Unnamed cafe,-37.7784547,144.9483961
Parkville,cafe,Cafe Commercio,-37.8014283,144.9587685
Parkville,cafe,Reynolds Street Sandwich Bar,-37.7970342,144.9372333
Parkville,cafe,Shooter McGavin's,-37.8007773,144.9656309
Parkville,cafe,Corner Internet Cafe,-37.776569,144.939531
Parkville,cafe,Sage And Grace Cafe,-37.7926639,144.9618701
Parkville,cafe,Primary Cafe,-37.783541,144.9589958
Parkville,cafe,Cafe Sua Da,-37.796776,144.965388
Parkville,cafe,Espresso Bar,-37.7973869,144.9642847
Parkville,cafe,McIver's North Tea and Coffee,-37.7761664,144.9594234
Parkville,cafe,Carte Crêpes,-37.799143,144.96036
Parkville,cafe,House of Cards,-37.7991844,144.9616342
Parkville,cafe,Sandrock,-37.793935,144.948979
Parkville,cafe,Aruba Espresso,-37.794022,144.949497
Parkville,cafe,Zinc,-37.793089,144.948876
Parkville,cafe,Ho Ho's Canteen,-37.7974144,144.9584924
Parkville,cafe,Miss Marmalade,-37.7731845,144.9530524
Parkville,cafe,Code Black,-37.7747117,144.9624457
Parkville,cafe,The Nicholson Coffee & Eatery,-37.7738352,144.9585706
Parkville,cafe,Acustico,-37.7739337,144.9591941
Parkville,cafe,Wide Open Road,-37.7762834,144.961226
Parkville,cafe,Cafe Piccolina,-37.795398,144.955647
Parkville,cafe,Zoo Bakery,-37.7835473,144.9531253
Parkville,cafe,Wild Timor Coffee Co.,-37.7986544,144.9654934
Parkville,cafe,Joe's Eatery,-37.7996061,144.9544576
Parkville,cafe,Avist Cafe,-37.7983103,144.9528089
Parkville,cafe,Professors Walk Cafe,-37.7981416,144.9595503
Parkville,cafe,Moo Moo Milk Bar,-37.7755285,144.9489674
Parkville,cafe,Mr Fox,-37.775238,144.9490581
Parkville,cafe,Lincoln Bakery Cafe,-37.8011716,144.9625798
Parkville,cafe,Health Studio and Backyard Cafe,-37.8015916,144.9661084
Parkville,cafe,Wild Dogs Cafe,-37.7823512,144.9510713
Parkville,cafe,Unnamed cafe,-37.7844386,144.9515139
Parkville,cafe,Scholar & Co,-37.800157,144.9636365
Parkville,cafe,Bean Stalker,-37.7823384,144.9519725
Parkville,cafe,Sweet Evelyn,-37.7731775,144.9529904
Parkville,cafe,Green Refectory,-37.7747918,144.9606604
Parkville,cafe,Standing Room,-37.7970749,144.9624025
Parkville,cafe,Toto's Cafe,-37.7749108,144.9592193
Parkville,cafe,Kohi No Deshi,-37.7754633,144.9600923
Parkville,cafe,Capulus & Co,-37.7774093,144.9599209
Parkville,cafe,GG Burgers,-37.7729297,144.9491316
Parkville,cafe,Axil Coffee Roasters,-37.7961211,144.9585747
Parkville,cafe,Espresso Bar,-37.775603,144.9610844
Parkville,cafe,Noughts + Crosses,-37.7808045,144.9399686
Parkville,cafe,Boost,-37.7943549,144.9499153
Parkville,cafe,Green Cup,-37.798738,144.9664396
Parkville,cafe,Rex,-37.7756696,144.9622366
Parkville,cafe,Swish Kitchen Cafe,-37.773553,144.9544424
Parkville,cafe,Le Miel,-37.7968607,144.9663103
Parkville,cafe,Thyme²,-37.7935333,144.9468045
Parkville,cafe,Sargon,-37.7997161,144.9557748
Parkville,cafe,Temple Arden,-37.8006745,144.9456092
Parkville,cafe,Lakeside Cafe,-37.7837033,144.9532439
Parkville,cafe,St Cooper Cafe,-37.8008415,144.9553927
Parkville,cafe,St Ali Canteen,-37.7984714,144.9630398
Parkville,cafe,Pop-up Cafe,-37.7961444,144.9617215
Parkville,cafe,Journeys Cafe by ASRC (Level 4),-37.7987245,144.963675
Parkville,cafe,Gong Cha,-37.7988859,144.9629034
Parkville,cafe,Savour Cafe' & Juice Bar,-37.7767379,144.9603666
Parkville,cafe,Boost Juice,-37.7756809,144.9620738
Parkville,cafe,Brunswick Food Store,-37.774928,144.9636548
Parkville,cafe,House of Cards,-37.7990871,144.9626296
Parkville,cafe,1864 Café,-37.7838156,144.9609303
Parkville,cafe,Castro's Kiosk,-37.7971552,144.9634807
Parkville,cafe,Science Gallery Cafe,-37.800252,144.9644285
Parkville,cafe,Superfloor Cafe,-37.800023,144.9645621
Parkville,cafe,Gilbert,-37.8001087,144.9595395
Parkville,cafe,Little Mylk Bar - Tasty Vegan Streetfood,-37.7970471,144.9617171
Parkville,cafe,Tokyo Lamington,-37.79679,144.96552
Parkville,cafe,Clinker,-37.7737765,144.961477
Parkville,cafe,Brunetti,-37.7754764,144.966403
Parkville,cafe,Campus Canteen,-37.8005194,144.9620134
Parkville,cafe,Chatime,-37.7757547,144.9608035
Parkville,cafe,Nijuusan,-37.7987159,144.9663339
Parkville,cafe,Cafe Tomi,-37.8007333,144.953381
Parkville,cafe,Haymarket Place Cafe,-37.8005151,144.9590042
Parkville,cafe,Meercat Manor Cafe,-37.7850593,144.9532017
Parkville,cafe,Mr Gonzo,-37.7947096,144.9421009
Parkville,cafe,Mörk Chocolate Brew House,-37.8015381,144.9501893
Parkville,cafe,North End Cafe,-37.7955785,144.9381973
Parkville,cafe,Mer Kapah Cafe,-37.7860814,144.9500021
Parkville,gym,Doherty's Gym Brunswick,-37.7750366,144.9646206
Parkville,gym,Fernwood Fitness,-37.7842723,144.9378206
Parkville,gym,Snap Fitness,-37.7765593,144.9606792
Parkville,gym,Eve,-37.7731497,144.9609501
Parkville,gym,Lincoln Square Fitness,-37.802112,144.961861
Parkville,gym,Unnamed gym,-37.7960767,144.9605646
Parkville,gym,Bodhi & Ride,-37.7738483,144.9625725
Parkville,gym,Pilates Republic,-37.774706,144.9621779
Parkville,gym,Good Times Pilates,-37.7740219,144.9610962
Parkville,library,Giblin Eunson Library,-37.8011727,144.9593581
Parkville,library,Dalton McCaughey Library,-37.7929792,144.9617348
Parkville,library,"Architecture, Building & Planning Library",-37.7973892,144.9629108
Parkville,library,Rowden White Library (Levels 2 & 3),-37.7986236,144.963595
Parkville,library,Baillieu Library,-37.7983678,144.9593474
Parkville,library,Eastern Resource Centre Library (Building 171),-37.7993637,144.9628202
Travancore,supermarket,Woolworths,-37.7871515,144.92789
Travancore,supermarket,Foodworks,-37.7943152,144.9298631
Travancore,supermarket,Foodworks,-37.7844714,144.9381234
Travancore,supermarket,IGA,-37.7951171,144.9415256
Travancore,supermarket,IGA,-37.784938,144.9385839
Travancore,supermarket,Organic Wholefoods,-37.783151,144.9347807
Travancore,supermarket,Woolworths Metro,-37.7761084,144.9285108
Travancore,supermarket,Tiem Tap Hoa Asian Grocer,-37.7948464,144.9415679
Travancore,supermarket,Royal Supermarket,-37.7945593,144.9498377
Travancore,supermarket,Woolworths,-37.7677535,144.9214136
Travancore,supermarket,Coles,-37.7724084,144.9488152
Travancore,supermarket,Melba's Food Hall,-37.7718954,144.9498331
Travancore,supermarket,KFL Supermarkets,-37.7885187,144.9302751
Travancore,supermarket,Foodworks,-37.7879973,144.9304459
Travancore,supermarket,Cheaper Buy Miles,-37.7885031,144.9301449
Travancore,cafe,Unnamed cafe,-37.7784547,144.9483961
Travancore,cafe,Local Folk,-37.7922179,144.925615
Travancore,cafe,Corner Internet Cafe,-37.776569,144.939531
Travancore,cafe,The Premises,-37.794335,144.9301651
Travancore,cafe,ARGI Cafe,-37.7942307,144.9290988
Travancore,cafe,Fruits of Passion,-37.793915,144.930123
Travancore,cafe,Grounded House,-37.7944768,144.9294513
Travancore,cafe,John Gorilla,-37.7662149,144.9489903
Travancore,cafe,Sandrock,-37.793935,144.948979
Travancore,cafe,Aruba Espresso,-37.794022,144.949497
Travancore,cafe,Zinc,-37.793089,144.948876
Travancore,cafe,Daily Grind Cafe,-37.787353,144.928303
Travancore,cafe,So & So,-37.7809563,144.9325295
Travancore,cafe,Pepper,-37.7870662,144.9293574
Travancore,cafe,Wolf and Hound,-37.7865075,144.9291899
Travancore,cafe,Moo Moo Milk Bar,-37.7755285,144.9489674
Travancore,cafe,Mr Fox,-37.775238,144.9490581
Travancore,cafe,phat MILK,-37.7809154,144.932503
Travancore,cafe,GG Burgers,-37.7729297,144.9491316
Travancore,cafe,Noughts + Crosses,-37.7808045,144.9399686
Travancore,cafe,Boost,-37.7943549,144.9499153
Travancore,cafe,The Re-Up,-37.7705806,144.9259001
Travancore,cafe,Double Dutch Bakery,-37.7919104,144.9356257
Travancore,cafe,Top Notch Coffee,-37.7669937,144.9246164
Travancore,cafe,Co Lab,-37.7901792,144.9356562
Travancore,cafe,Melba's Cafe,-37.7718983,144.949712
Travancore,cafe,Thyme²,-37.7935333,144.9468045
Travancore,cafe,Old Man Drew,-37.775527,144.928278
Travancore,cafe,Beans On Pratt,-37.7677567,144.9220249
Travancore,cafe,Strangers,-37.7659496,144.9219261
Travancore,cafe,Good Bean,-37.7663016,144.922478
Travancore,cafe,Olivia Spring Cafe,-37.7667315,144.9244575
Travancore,cafe,Dolce Vita,-37.7665586,144.9208789
Travancore,cafe,Elephant Cafe,-37.7832993,144.9350548
Travancore,cafe,Sgt. Nelson,-37.7884492,144.9307035
Travancore,cafe,Borghetti,-37.7949808,144.9336384
Travancore,cafe,Autumn Leaves,-37.7873047,144.9293963
Travancore,cafe,Sir Duke,-37.7668607,144.9211773
Travancore,cafe,Brunetti Classico,-37.7675036,144.9237655
Travancore,cafe,North x North West,-37.7665304,144.9263401
Travancore,cafe,Feekah,-37.7692375,144.9258415
Travancore,cafe,Sugarbeat,-37.7765464,144.9281229
Travancore,cafe,Mr Gonzo,-37.7947096,144.9421009
Travancore,cafe,Dear Abbey,-37.7689087,144.9216071
Travancore,cafe,Rollin 169,-37.7943167,144.9311209
Travancore,cafe,Luncheonette,-37.7943925,144.9311078
Travancore,cafe,North End Cafe,-37.7955785,144.9381973
Travancore,cafe,1565 Cafe & Gelataria,-37.794664,144.9300449
Travancore,cafe,Mer Kapah Cafe,-37.7860814,144.9500021
Travancore,gym,Fullfitment,-37.791697,144.9356452
Travancore,gym,Fernwood Fitness,-37.7842723,144.9378206
Travancore,gym,Active Bodies World,-37.7663334,144.9493887
Travancore,gym,Beyond Rest Moonee Ponds,-37.7679583,144.9261346
Travancore,gym,Fitnesskick@Flemington,-37.7881223,144.9312268
Travancore,gym,Motus Life,-37.7908754,144.9353463
Travancore,gym,Zapp Fitness,-37.7874998,144.9264242
Travancore,library,Flemington Library,-37.7884344,144.9304587
Ascot Vale,supermarket,Woolworths,-37.7871515,144.92789
Ascot Vale,supermarket,Coles,-37.7645234,144.9219203
Ascot Vale,supermarket,Woolworths Metro,-37.7729791,144.9158047
Ascot Vale,supermarket,ALDI,-37.7653328,144.9230314
Ascot Vale,supermarket,Coles,-37.7824349,144.9148103
Ascot Vale,supermarket,Yahweh,-37.764606,144.9218945
Ascot Vale,supermarket,Woolworths Metro,-37.7761084,144.9285108
Ascot Vale,supermarket,IGA Local Grocer Plus Liquor Moonee Ponds,-37.7714962,144.915536
Ascot Vale,supermarket,Woolworths,-37.7677535,144.9214136
Ascot Vale,supermarket,The Happy Apple,-37.7734413,144.9155392
Ascot Vale,cafe,Daily Grind Cafe,-37.787353,144.928303
Ascot Vale,cafe,middle child,-37.7703158,144.9021958
Ascot Vale,cafe,The Re-Up,-37.7705806,144.9259001
Ascot Vale,cafe,Top Notch Coffee,-37.7669937,144.9246164
Ascot Vale,cafe,Old Man Drew,-37.775527,144.928278
Ascot Vale,cafe,Chew Chew,-37.7663517,144.9191151
Ascot Vale,cafe,Beans On Pratt,-37.7677567,144.9220249
Ascot Vale,cafe,Strangers,-37.7659496,144.9219261
Ascot Vale,cafe,Good Bean,-37.7663016,144.922478
Ascot Vale,cafe,Olivia Spring Cafe,-37.7667315,144.9244575
Ascot Vale,cafe,The Coffee Club,-37.7657426,144.9225764
Ascot Vale,cafe,Dolce Vita,-37.7665586,144.9208789
Ascot Vale,cafe,Cafe Boutique,-37.7863248,144.9003008
Ascot Vale,cafe,Sugar Beat Cafe,-37.7830457,144.9076343
Ascot Vale,cafe,Sir Duke,-37.7668607,144.9211773
Ascot Vale,cafe,Brunetti Classico,-37.7675036,144.9237655
Ascot Vale,cafe,North x North West,-37.7665304,144.9263401
Ascot Vale,cafe,Darling Street Espresso,-37.7690685,144.9105119
Ascot Vale,cafe,Eclat Cafe,-37.7725359,144.9162904
Ascot Vale,cafe,No. 19,-37.7732176,144.9161218
Ascot Vale,cafe,Love Latte,-37.7732816,144.9161201
Ascot Vale,cafe,Pro Shop,-37.7768319,144.900867
Ascot Vale,cafe,The Boathouse,-37.7680672,144.9027808
Ascot Vale,cafe,Feekah,-37.7692375,144.9258415
Ascot Vale,cafe,Sugarbeat,-37.7765464,144.9281229
Ascot Vale,cafe,Dear Abbey,-37.7689087,144.9216071
Ascot Vale,cafe,Grandpa Joe,-37.7730735,144.9156749
Ascot Vale,cafe,Bang On Bagels,-37.7700119,144.9167149
Ascot Vale,gym,Anytime Fitness,-37.7654219,144.9236
Ascot Vale,gym,Jetts Fitness,-37.781866,144.9149803
Ascot Vale,gym,Beyond Rest Moonee Ponds,-37.7679583,144.9261346
Ascot Vale,gym,Listen To Your Body,-37.7649455,144.9196767
Ascot Vale,gym,Zapp Fitness,-37.7874998,144.9264242
Ascot Vale,library,Sam Merrifield Library,-37.7647788,144.9244489
Ascot Vale,library,Ascot Vale Library,-37.7739985,144.9155663
Flemington,supermarket,Woolworths,-37.7871515,144.92789
Flemington,supermarket,Foodworks,-37.7943152,144.9298631
Flemington,supermarket,Woolworths Metro,-37.7729791,144.9158047
Flemington,supermarket,IGA,-37.7920177,144.9193602
Flemington,supermarket,Coles,-37.7824349,144.9148103
Flemington,supermarket,Woolworths Metro,-37.7761084,144.9285108
Flemington,supermarket,KFL Supermarkets,-37.7885187,144.9302751
Flemington,supermarket,Foodworks,-37.7879973,144.9304459
Flemington,supermarket,Cheaper Buy Miles,-37.7885031,144.9301449
Flemington,supermarket,The Happy Apple,-37.7734413,144.9155392
Flemington,cafe,Local Folk,-37.7922179,144.925615
Flemington,cafe,The Premises,-37.794335,144.9301651
Flemington,cafe,ARGI Cafe,-37.7942307,144.9290988
Flemington,cafe,Fruits of Passion,-37.793915,144.930123
Flemington,cafe,Grounded House,-37.7944768,144.9294513
Flemington,cafe,Daily Grind Cafe,-37.787353,144.928303
Flemington,cafe,Fifty-Six Threads,-37.7970521,144.9278512
Flemington,cafe,So & So,-37.7809563,144.9325295
Flemington,cafe,Pepper,-37.7870662,144.9293574
Flemington,cafe,Wolf and Hound,-37.7865075,144.9291899
Flemington,cafe,phat MILK,-37.7809154,144.932503
Flemington,cafe,Old Man Drew,-37.775527,144.928278
Flemington,cafe,Sgt. Nelson,-37.7884492,144.9307035
Flemington,cafe,Kensington Canteen,-37.7997462,144.9320168
Flemington,cafe,Borghetti,-37.7949808,144.9336384
Flemington,cafe,Autumn Leaves,-37.7873047,144.9293963
Flemington,cafe,Sugar Beat Cafe,-37.7830457,144.9076343
Flemington,cafe,Tru Coffee,-37.7999196,144.9098348
Flemington,cafe,Little Bean Shop,-37.7999106,144.9097394
Flemington,cafe,Eclat Cafe,-37.7725359,144.9162904
Flemington,cafe,No. 19,-37.7732176,144.9161218
Flemington,cafe,Love Latte,-37.7732816,144.9161201
Flemington,cafe,Unnamed cafe,-37.8004887,144.9275721
Flemington,cafe,Sugarbeat,-37.7765464,144.9281229
Flemington,cafe,Willo&Co Cafe,-37.8008298,144.9164612
Flemington,cafe,Rollin 169,-37.7943167,144.9311209
Flemington,cafe,Luncheonette,-37.7943925,144.9311078
Flemington,cafe,Grandpa Joe,-37.7730735,144.9156749
Flemington,cafe,1565 Cafe & Gelataria,-37.794664,144.9300449
Flemington,gym,Jetts Fitness,-37.781866,144.9149803
Flemington,gym,Fitnesskick@Flemington,-37.7881223,144.9312268
Flemington,gym,White Dog Studio,-37.8017045,144.9070837
Flemington,gym,Zapp Fitness,-37.7874998,144.9264242
Flemington,library,Flemington Library,-37.7884344,144.9304587
Flemington,library,Ascot Vale Library,-37.7739985,144.9155663
Kensington,supermarket,Woolworths,-37.7871515,144.92789
Kensington,supermarket,Foodworks,-37.7943152,144.9298631
Kensington,supermarket,IGA,-37.7920177,144.9193602
Kensington,supermarket,Coles,-37.7824349,144.9148103
Kensington,supermarket,Foodworks,-37.7844714,144.9381234
Kensington,supermarket,IGA,-37.7951171,144.9415256
Kensington,supermarket,IGA,-37.784938,144.9385839
Kensington,supermarket,Organic Wholefoods,-37.783151,144.9347807
Kensington,supermarket,Woolworths,-37.7963605,144.940678
Kensington,supermarket,Tiem Tap Hoa Asian Grocer,-37.7948464,144.9415679
Kensington,supermarket,KFL Supermarkets,-37.7885187,144.9302751
Kensington,supermarket,Foodworks,-37.7879973,144.9304459
Kensington,supermarket,Cheaper Buy Miles,-37.7885031,144.9301449
Kensington,cafe,Local Folk,-37.7922179,144.925615
Kensington,cafe,Reynolds Street Sandwich Bar,-37.7970342,144.9372333
Kensington,cafe,The Premises,-37.794335,144.9301651
Kensington,cafe,ARGI Cafe,-37.7942307,144.9290988
Kensington,cafe,Fruits of Passion,-37.793915,144.930123
Kensington,cafe,Grounded House,-37.7944768,144.9294513
Kensington,cafe,Daily Grind Cafe,-37.787353,144.928303
Kensington,cafe,Fifty-Six Threads,-37.7970521,144.9278512
Kensington,cafe,So & So,-37.7809563,144.9325295
Kensington,cafe,Pepper,-37.7870662,144.9293574
Kensington,cafe,Wolf and Hound,-37.7865075,144.9291899
Kensington,cafe,phat MILK,-37.7809154,144.932503
Kensington,cafe,Noughts + Crosses,-37.7808045,144.9399686
Kensington,cafe,Double Dutch Bakery,-37.7919104,144.9356257
Kensington,cafe,Co Lab,-37.7901792,144.9356562
Kensington,cafe,Elephant Cafe,-37.7832993,144.9350548
Kensington,cafe,Sgt. Nelson,-37.7884492,144.9307035
Kensington,cafe,Pie Face,-37.8028983,144.9298351
Kensington,cafe,Kensington Canteen,-37.7997462,144.9320168
Kensington,cafe,Borghetti,-37.7949808,144.9336384
Kensington,cafe,Autumn Leaves,-37.7873047,144.9293963
Kensington,cafe,Unnamed cafe,-37.8004887,144.9275721
Kensington,cafe,Mr Gonzo,-37.7947096,144.9421009
Kensington,cafe,Willo&Co Cafe,-37.8008298,144.9164612
Kensington,cafe,Rollin 169,-37.7943167,144.9311209
Kensington,cafe,Luncheonette,-37.7943925,144.9311078
Kensington,cafe,North End Cafe,-37.7955785,144.9381973
Kensington,cafe,1565 Cafe & Gelataria,-37.794664,144.9300449
Kensington,gym,Fullfitment,-37.791697,144.9356452
Kensington,gym,Jetts Fitness,-37.781866,144.9149803
Kensington,gym,Fernwood Fitness,-37.7842723,144.9378206
Kensington,gym,Fitnesskick@Flemington,-37.7881223,144.9312268
Kensington,gym,Motus Life,-37.7908754,144.9353463
Kensington,gym,Zapp Fitness,-37.7874998,144.9264242
Kensington,library,Flemington Library,-37.7884344,144.9304587
Burnley,supermarket,IGA,-37.8198464,145.009407
Burnley,supermarket,Woolworths,-37.8405629,145.0081654
Burnley,cafe,Osso,-37.8215426,145.0252945
Burnley,cafe,Nom Nom's,-37.8399312,145.0320471
Burnley,cafe,Kanteen,-37.8340469,145.0047756
Burnley,cafe,Gypsey & Musquito,-37.8192242,145.0043425
Burnley,cafe,Sardi,-37.8168273,145.0200672
Burnley,cafe,Tapa,-37.8210951,145.0234554
Burnley,cafe,Touchwood,-37.819564,145.0075537
Burnley,cafe,Be The Duck,-37.8163899,145.0090352
Burnley,cafe,Serotonin Eatery,-37.8281633,145.0090979
Burnley,cafe,The Stables of Como Cafe,-37.8380151,145.0031876
Burnley,cafe,Modena,-37.8163023,145.0090461
Burnley,cafe,Bendigo Street Milk Bar,-37.8247533,145.012155
Burnley,cafe,Unnamed cafe,-37.8270607,145.0092913
Burnley,cafe,Beauty and the Beats,-37.8247166,145.0117189
Burnley,cafe,Cafe Venziano,-37.8167347,145.0132591
Burnley,cafe,Maker,-37.8162651,145.011342
Burnley,cafe,Who's Harry,-37.8158094,145.0210125
Burnley,cafe,Silvs on Kennedy,-37.8246278,145.01112
Burnley,cafe,Yuca Melbourne,-37.8409355,145.0106326
Burnley,cafe,Three One Two One,-37.8194887,145.0057518
Burnley,cafe,Good for the Gander,-37.8193962,145.0049193
Burnley,cafe,Bohème,-37.8192765,145.0035893
Burnley,cafe,Unnamed cafe,-37.8193046,145.0040948
Burnley,cafe,Clover & Rye,-37.8194738,145.0050497
Burnley,cafe,Lumberjack,-37.8197246,145.0077607
Burnley,cafe,Stillman Cafe,-37.8216302,145.0081508
Burnley,cafe,Reunion & Co,-37.8196796,145.0073478
Burnley,cafe,Number 1 crispy Pork,-37.8196927,145.0074725
Burnley,cafe,Muharam,-37.8212955,145.0260182
Burnley,gym,Wards Gym,-37.8278798,145.0035451
Burnley,gym,Prosport Health & Fitness,-37.8264952,145.0027674
Burnley,gym,Visions Fitness Centre,-37.821682,145.0292664
Burnley,gym,Zap Fitness,-37.8191467,145.0076136
Burnley,gym,Richmond Recreation Centre,-37.8176456,145.0022369
Burnley,gym,Unnamed gym,-37.8205675,145.0316916
Burnley,gym,Unnamed gym,-37.8219523,145.0275225
Burnley,gym,Unnamed gym,-37.8219033,145.0271871
Burnley,gym,Hurtlocker,-37.8180752,145.0124113
Burnley,gym,Dukes Gym,-37.8180991,145.0120976
Burnley,gym,Crunch Fitness,-37.8187394,145.0092346
Burnley,library,Burnley Library Building (914),-37.8282039,145.0218068
Princes Hill,supermarket,Foodworks,-37.7889872,144.9760904
Princes Hill,supermarket,Woolworths,-37.7758181,144.9618499
Princes Hill,supermarket,Coles,-37.7758523,144.9626265
Princes Hill,supermarket,IGA X-press,-37.7686793,144.97235
Princes Hill,supermarket,TT Mart,-37.7788898,144.9781392
Princes Hill,supermarket,ALDI,-37.7709122,144.9616256
Princes Hill,supermarket,Fitzroy IGA,-37.794231,144.9793382
Princes Hill,supermarket,IGA,-37.7787245,144.9764299
Princes Hill,supermarket,Carlton Supermarket,-37.7926419,144.9692514
Princes Hill,supermarket,Coles,-37.7721229,144.9784681
Princes Hill,supermarket,Cheaper Buy Miles,-37.7749261,144.9606389
Princes Hill,supermarket,Woolworths,-37.7697835,144.9600119
Princes Hill,cafe,Sage And Grace Cafe,-37.7926639,144.9618701
Princes Hill,cafe,Milkwood,-37.7676168,144.9803349
Princes Hill,cafe,The Third Tier Tea Room,-37.7674986,144.980358
Princes Hill,cafe,Ray's Cafe,-37.767025,144.96108
Princes Hill,cafe,Primary Cafe,-37.783541,144.9589958
Princes Hill,cafe,The Old Bikeshop Cafe,-37.7750446,144.9709954
Princes Hill,cafe,Cafe Sua Da,-37.796776,144.965388
Princes Hill,cafe,Sugardough,-37.7730805,144.9713047
Princes Hill,cafe,McIver's North Tea and Coffee,-37.7761664,144.9594234
Princes Hill,cafe,Miss Marmalade,-37.7731845,144.9530524
Princes Hill,cafe,District 35,-37.779923,144.9773463
Princes Hill,cafe,Code Black,-37.7747117,144.9624457
Princes Hill,cafe,The Nicholson Coffee & Eatery,-37.7738352,144.9585706
Princes Hill,cafe,Acustico,-37.7739337,144.9591941
Princes Hill,cafe,Curly Joe's drive-thru coffee,-37.7759511,144.9789669
Princes Hill,cafe,Sleepy's Cafe and Wine Bar,-37.7808966,144.9777786
Princes Hill,cafe,Wide Open Road,-37.7762834,144.961226
Princes Hill,cafe,Cafe Piccolina,-37.795398,144.955647
Princes Hill,cafe,Zoo Bakery,-37.7835473,144.9531253
Princes Hill,cafe,Unnamed cafe,-37.7945918,144.9788489
Princes Hill,cafe,Beeter Swit,-37.795159,144.9791681
Princes Hill,cafe,Choukette,-37.7703732,144.9617167
Princes Hill,cafe,Mokum,-37.7691763,144.9616204
Princes Hill,cafe,East Elevation,-37.7675831,144.9722714
Princes Hill,cafe,The Fitz,-37.7967671,144.9786367
Princes Hill,cafe,Unnamed cafe,-37.7946063,144.9793332
Princes Hill,cafe,Hap,-37.7886588,144.9718262
Princes Hill,cafe,Bean Stalker,-37.7823384,144.9519725
Princes Hill,cafe,Sweet Evelyn,-37.7731775,144.9529904
Princes Hill,cafe,Green Refectory,-37.7747918,144.9606604
Princes Hill,cafe,Toto's Cafe,-37.7749108,144.9592193
Princes Hill,cafe,Project 281,-37.7685365,144.9606697
Princes Hill,cafe,Toledo Brunswick,-37.7699499,144.9715392
Princes Hill,cafe,Double Dutch Coffee Bar,-37.7708597,144.97166
Princes Hill,cafe,Kohi No Deshi,-37.7754633,144.9600923
Princes Hill,cafe,Joan Specialty Coffee,-37.7704851,144.9763398
Princes Hill,cafe,Lucy Lockett,-37.7772529,144.969629
Princes Hill,cafe,Capulus & Co,-37.7774093,144.9599209
Princes Hill,cafe,Code 21,-37.7786686,144.9761618
Princes Hill,cafe,The Lamb,-37.7717369,144.9614716
Princes Hill,cafe,Axil Coffee Roasters,-37.7961211,144.9585747
Princes Hill,cafe,Soul of Hoffman,-37.7703846,144.9527304
Princes Hill,cafe,Espresso Bar,-37.775603,144.9610844
Princes Hill,cafe,Three Hands Cafe,-37.7675422,144.9621946
Princes Hill,cafe,Stop 122,-37.7723711,144.9716862
Princes Hill,cafe,Rex,-37.7756696,144.9622366
Princes Hill,cafe,Market Lane Coffee,-37.7683591,144.9617647
Princes Hill,cafe,Swish Kitchen Cafe,-37.773553,144.9544424
Princes Hill,cafe,Carolina,-37.7794735,144.9780372
Princes Hill,cafe,Take Two,-37.7753182,144.9709527
Princes Hill,cafe,Bellboy Cafe,-37.7722836,144.9791799
Princes Hill,cafe,Mile End Bagels,-37.768346,144.9612985
Princes Hill,cafe,Dojo Espresso,-37.7671015,144.9616773
Princes Hill,cafe,Blonde Food and Drink,-37.7937584,144.9790683
Princes Hill,cafe,Lakeside Cafe,-37.7837033,144.9532439
Princes Hill,cafe,Pop-up Cafe,-37.7961444,144.9617215
Princes Hill,cafe,Dre's Deli,-37.7717486,144.9642225
Princes Hill,cafe,Savour Cafe' & Juice Bar,-37.7767379,144.9603666
Princes Hill,cafe,Cold Brew Coffee Bar,-37.7688501,144.9624605
Princes Hill,cafe,Spazio Paradiso,-37.782812,144.9774271
Princes Hill,cafe,Boost Juice,-37.7756809,144.9620738
Princes Hill,cafe,Walrus,-37.7704927,144.9616957
Princes Hill,cafe,Albert Street Cafe,-37.7686382,144.9590671
Princes Hill,cafe,Brunswick Food Store,-37.774928,144.9636548
Princes Hill,cafe,Fledgling Espresso,-37.7877854,144.9723784
Princes Hill,cafe,Hermitz & Co,-37.7692152,144.9719832
Princes Hill,cafe,Galeri Coffee & Art,-37.7716533,144.9718117
Princes Hill,cafe,El Mirage,-37.7676444,144.9721856
Princes Hill,cafe,Industry Beans,-37.7947657,144.9781415
Princes Hill,cafe,New Age Cafe,-37.7711425,144.959079
Princes Hill,cafe,Cafe No. 8,-37.778867,144.9708297
Princes Hill,cafe,1864 Café,-37.7838156,144.9609303
Princes Hill,cafe,Tokyo Lamington,-37.79679,144.96552
Princes Hill,cafe,Brew Zen Space,-37.7721038,144.9614142
Princes Hill,cafe,Clinker,-37.7737765,144.961477
Princes Hill,cafe,Brunetti,-37.7754764,144.966403
Princes Hill,cafe,Wood And Co Coffee,-37.7678509,144.9552577
Princes Hill,cafe,Chatime,-37.7757547,144.9608035
Princes Hill,cafe,Core Roasters,-37.7780849,144.9771821
Princes Hill,cafe,Catalogue,-37.7776302,144.970984
Princes Hill,cafe,North,-37.7880896,144.9719341
Princes Hill,cafe,The Fat Spatula,-37.7904549,144.9714973
Princes Hill,cafe,All Day Tre,-37.7905439,144.9714987
Princes Hill,cafe,Florian,-37.7906764,144.9714816
Princes Hill,cafe,Meercat Manor Cafe,-37.7850593,144.9532017
Princes Hill,cafe,Tokyo Baby,-37.7708532,144.9546224
Princes Hill,cafe,Deli Danois,-37.7821306,144.9774473
Princes Hill,cafe,K&K Fitzroy,-37.7968436,144.975374
Princes Hill,gym,Australian Strength Performance,-37.7761724,144.9716363
Princes Hill,gym,CorePlus,-37.7842202,144.9775739
Princes Hill,gym,F45 Training,-37.7956214,144.9754325
Princes Hill,gym,Doherty's Gym Brunswick,-37.7750366,144.9646206
Princes Hill,gym,Gym Retro,-37.7699469,144.9714274
Princes Hill,gym,Listen To Your Body,-37.7678425,144.9725185
Princes Hill,gym,Unnamed gym,-37.7694118,144.9618913
Princes Hill,gym,Armature Pilates,-37.7678124,144.9722313
Princes Hill,gym,Armature Strength,-37.7683332,144.9730902
Princes Hill,gym,AKA Studio Yoga,-37.767077,144.9804137
Princes Hill,gym,Snap Fitness,-37.7765593,144.9606792
Princes Hill,gym,Integrated Bodywork Pilates + Massage,-37.7794311,144.9780445
Princes Hill,gym,UBX Training,-37.7700442,144.9721485
Princes Hill,gym,L9 Fitness & Skills,-37.7843116,144.9775575
Princes Hill,gym,CrossFit,-37.7697718,144.9807553
Princes Hill,gym,The Fit Project,-37.7670899,144.9615771
Princes Hill,gym,Body Fit Training,-37.7939105,144.9790529
Princes Hill,gym,Eve,-37.7731497,144.9609501
Princes Hill,gym,QuickFit,-37.7786534,144.9708621
Princes Hill,gym,Unnamed gym,-37.7960767,144.9605646
Princes Hill,gym,Bodhi & Ride,-37.7738483,144.9625725
Princes Hill,gym,Carlton Fitness,-37.7839711,144.9772124
Princes Hill,gym,Pilates Republic,-37.774706,144.9621779
Princes Hill,gym,Good Times Pilates,-37.7740219,144.9610962
Princes Hill,gym,Cheeks Pilates,-37.7764692,144.9711349
Princes Hill,gym,Anytime Fitness,-37.7781676,144.9775984
Princes Hill,gym,Armature Reformer,-37.7682399,144.9725648
Princes Hill,gym,CrossFit Moreland,-37.7677252,144.9581907
Princes Hill,library,Dalton McCaughey Library,-37.7929792,144.9617348
Princes Hill,library,Brunswick Yellow Book Fridge,-37.7673997,144.959734
Princes Hill,library,1 John Street Little Library,-37.7769637,144.9758697
Princes Hill,library,Brunswick Library,-37.7717646,144.9606654
Princes Hill,library,Carlton Library,-37.7894553,144.9715865
Carlton,supermarket,Foodworks,-37.7889872,144.9760904
Carlton,supermarket,Woolworths,-37.7981407,144.9683576
Carlton,supermarket,North Melbourne IGA X-press,-37.798856,144.953525
Carlton,supermarket,KimChi Korean Japanese Grocery,-37.802712,144.977554
Carlton,supermarket,Woolworths,-37.8110951,144.9655613
Carlton,supermarket,Sika Supermarket,-37.8044181,144.9772684
Carlton,supermarket,Casa Iberica,-37.7979262,144.9759075
Carlton,supermarket,Foodworks,-37.805942,144.98017
Carlton,supermarket,IGA,-37.809886,144.971151
Carlton,supermarket,Woolworths Metro,-37.810488,144.97004
Carlton,supermarket,ALDI,-37.8074444,144.9621938
Carlton,supermarket,IGA,-37.8078326,144.9609707
Carlton,supermarket,Aunt Maggies,-37.806295,144.981009
Carlton,supermarket,IGA X-press plus Liquor,-37.804482,144.966104
Carlton,supermarket,King & Godfree,-37.798456,144.967093
Carlton,supermarket,Xin Fang Supermarket,-37.808246,144.955088
Carlton,supermarket,Vegetable Connection,-37.799665,144.97808
Carlton,supermarket,Lin's Asian Grocery,-37.806289,144.96093
Carlton,supermarket,Foodworks,-37.802612,144.978102
Carlton,supermarket,Hometown Asian Supermarket,-37.8085182,144.9607589
Carlton,supermarket,Cheaper Buy Miles,-37.798272,144.9791079
Carlton,supermarket,Tang Asian Grocery,-37.812105,144.96749
Carlton,supermarket,Fitzroy IGA,-37.794231,144.9793382
Carlton,supermarket,Crown Asian Supermarket,-37.8097911,144.960887
Carlton,supermarket,Woolworths Metro,-37.8095589,144.9612274
Carlton,supermarket,Coles,-37.8101212,144.9632193
Carlton,supermarket,Carlton Supermarket,-37.7926419,144.9692514
Carlton,supermarket,Woolworths Metro,-37.8100673,144.9587799
Carlton,supermarket,Mr. Dad Super Market,-37.8062642,144.9617649
Carlton,supermarket,Pantre,-37.810497,144.9621678
Carlton,supermarket,Hometown Grocer,-37.8103363,144.963081
Carlton,supermarket,IGA,-37.8000464,144.9653246
Carlton,supermarket,Tan Hung Asian Grocer,-37.810963,144.9614412
Carlton,supermarket,Woolworths Metro,-37.8032025,144.9573621
Carlton,supermarket,KT Mart,-37.8042993,144.9590757
Carlton,supermarket,Woolworths,-37.8014256,144.9832348
Carlton,supermarket,Coles,-37.7978511,144.9779798
Carlton,cafe,Books n Bites Cafe,-37.8017523,144.9583162
Carlton,cafe,Stagger Lee's,-37.7989463,144.978543
Carlton,cafe,Heartattack and Vine,-37.7976471,144.9672504
Carlton,cafe,Cafe Commercio,-37.8014283,144.9587685
Carlton,cafe,Seven Seeds,-37.8028349,144.9590354
Carlton,cafe,Bar Scopa,-37.802929,144.9602863
Carlton,cafe,Amicus Espresso,-37.8022481,144.9601666
Carlton,cafe,Sir Charles,-37.7982584,144.9789257
Carlton,cafe,Endis Café,-37.7988255,144.9771439
Carlton,cafe,Black Cat,-37.799889,144.978373
Carlton,cafe,Min Lokal,-37.796901,144.982356
Carlton,cafe,Le Gourmet Cakes,-37.7992836,144.978146
Carlton,cafe,Atomica Caffé,-37.7993698,144.9784906
Carlton,cafe,Gutz,-37.800815,144.977868
Carlton,cafe,Houndstooth,-37.7982227,144.976029
Carlton,cafe,Cafe L'Incontro,-37.8142862,144.9663757
Carlton,cafe,Garden View Cafe,-37.80604,144.973766
Carlton,cafe,Brunetti,-37.7981549,144.9678859
Carlton,cafe,No. 136 Coffee,-37.8149205,144.9636713
Carlton,cafe,MilkSha,-37.8149917,144.9637058
Carlton,cafe,Alimentari,-37.7997308,144.9780654
Carlton,cafe,Cafe Ecco,-37.808354,144.973813
Carlton,cafe,Soul Cafe,-37.813182,144.965246
Carlton,cafe,Newtown Social Club,-37.802175,144.978063
Carlton,cafe,Hudsons Coffee,-37.810099,144.972162
Carlton,cafe,Corner & Bench,-37.814528,144.961567
Carlton,cafe,Jeremy's Café,-37.8144274,144.9615279
Carlton,cafe,Cafe all' Angelo,-37.8137805,144.9613979
Carlton,cafe,Kerbside Caffe,-37.811806,144.9603455
Carlton,cafe,Stop 17,-37.8035466,144.983323
Carlton,cafe,Marios,-37.7979694,144.9783876
Carlton,cafe,Tomm.,-37.8147196,144.9580058
Carlton,cafe,Burnside,-37.806186,144.98289
Carlton,cafe,Uptown Jazz Café,-37.8021833,144.9776109
Carlton,cafe,Laurent Boulangerie Patisserie,-37.814938,144.957603
Carlton,cafe,Petty Sessions Cafe,-37.8131093,144.9567905
Carlton,cafe,Chintaroma,-37.8140649,144.9567012
Carlton,cafe,La Stradda Cafe,-37.8115213,144.9565801
Carlton,cafe,Xtraction,-37.812214,144.956019
Carlton,cafe,Kaèfei,-37.8127335,144.9565904
Carlton,cafe,Pellegrini's,-37.811722,144.971173
Carlton,cafe,Auntie Mai's,-37.8059088,144.9775888
Carlton,cafe,Piadina Take Away,-37.8060295,144.9786644
Carlton,cafe,Radio,-37.805572,144.976576
Carlton,cafe,Caffettino,-37.80547,144.975633
Carlton,cafe,Cafe Rosamond,-37.8034776,144.9832625
Carlton,cafe,A Kiss Xpresso,-37.8152071,144.9722311
Carlton,cafe,Lane's Edge,-37.811838,144.972057
Carlton,cafe,Uncle & Jak,-37.798217,144.9758
Carlton,cafe,Sir Osborn,-37.809092,144.973293
Carlton,cafe,Artee Cafe,-37.8057546,144.9663802
Carlton,cafe,Shooter McGavin's,-37.8007773,144.9656309
Carlton,cafe,Café Excello,-37.812532,144.973293
Carlton,cafe,Unnamed cafe,-37.8118469,144.9594788
Carlton,cafe,Blaq,-37.8112731,144.9587623
Carlton,cafe,Archie's,-37.805994,144.98093
Carlton,cafe,Arcadia,-37.8060083,144.981038
Carlton,cafe,Kenny's Bakery Cafe,-37.8099973,144.9708523
Carlton,cafe,Healthy Nibbles,-37.810031,144.970707
Carlton,cafe,The Maj,-37.810263,144.969954
Carlton,cafe,Sage And Grace Cafe,-37.7926639,144.9618701
Carlton,cafe,Elements,-37.8139145,144.9688622
Carlton,cafe,Max's Café,-37.8042401,144.9772845
Carlton,cafe,Piadina Slowfood,-37.8100779,144.9707933
Carlton,cafe,Starbucks,-37.8112888,144.964367
Carlton,cafe,Le Cellier,-37.800571,144.977894
Carlton,cafe,Melba Café,-37.8077581,144.9612787
Carlton,cafe,Druids Cafe,-37.8089487,144.9632842
Carlton,cafe,Aruba,-37.812609,144.969352
Carlton,cafe,Nick's Food Corner,-37.8082138,144.9792154
Carlton,cafe,Blu Point,-37.808112,144.966208
Carlton,cafe,Unnamed cafe,-37.804474,144.9635988
Carlton,cafe,Queens Cafe,-37.8045164,144.9642927
Carlton,cafe,Woodside Green,-37.8049081,144.9644892
Carlton,cafe,Caffe Mediterraneum,-37.815206,144.966164
Carlton,cafe,Urban Deli,-37.812479,144.970072
Carlton,cafe,Museum Cafe,-37.803693,144.972686
Carlton,cafe,Gabriel - Fitzroy,-37.805983,144.9808259
Carlton,cafe,Birdman Eating,-37.8064272,144.9825263
Carlton,cafe,Brother Bubba Budan,-37.813458,144.962242
Carlton,cafe,Prego Amico,-37.8030472,144.9834264
Carlton,cafe,Ten Square,-37.8119646,144.9605372
Carlton,cafe,Pie Face,-37.8127917,144.9599049
Carlton,cafe,Kyoto Sushi & Noodle Bar,-37.8141257,144.9605475
Carlton,cafe,The Cheesecake Shop,-37.8135447,144.959816
Carlton,cafe,Speck,-37.8133966,144.9597518
Carlton,cafe,Nourish Salads,-37.8134535,144.9597726
Carlton,cafe,Fresh Sushi,-37.8134975,144.9597934
Carlton,cafe,Legals,-37.8131375,144.9587418
Carlton,cafe,Segafredo,-37.8132425,144.96013
Carlton,cafe,Martinis,-37.8132231,144.958445
Carlton,cafe,Octane Espresso Bar,-37.8132592,144.9582051
Carlton,cafe,Slowpoke,-37.802864,144.977535
Carlton,cafe,INI Coffee,-37.8064871,144.9831393
Carlton,cafe,Mr Tulk,-37.8095603,144.9646236
Carlton,cafe,Mr. Tod,-37.8117758,144.9756391
Carlton,cafe,Cafe Sua Da,-37.796776,144.965388
Carlton,cafe,Pavilion Cafe,-37.8131311,144.9812948
Carlton,cafe,Liaison,-37.8129404,144.972438
Carlton,cafe,Espresso Bar,-37.7973869,144.9642847
Carlton,cafe,Parco,-37.8035193,144.9662588
Carlton,cafe,Madame Brussels,-37.8119505,144.971546
Carlton,cafe,Felice,-37.8153068,144.9602921
Carlton,cafe,Carte Crêpes,-37.799143,144.96036
Carlton,cafe,House of Cards,-37.7991844,144.9616342
Carlton,cafe,Pie Face,-37.810506,144.966817
Carlton,cafe,Oli & Levi Galleria,-37.814664,144.96252
Carlton,cafe,Prime's Hai Tea,-37.810321,144.963948
Carlton,cafe,The Bean Room,-37.810158,144.96662
Carlton,cafe,King & Godfree,-37.798456,144.967093
Carlton,cafe,Ultimate Coffee Bar,-37.797413,144.968219
Carlton,cafe,Pearson & Murphy's,-37.8087434,144.96516
Carlton,cafe,Little Gordon,-37.810524,144.9717049
Carlton,cafe,Treasury Deli and Cafe,-37.8126591,144.9745925
Carlton,cafe,Muleta's Cafe,-37.8086072,144.9580796
Carlton,cafe,Market Espresso & Trolley Hire,-37.807955,144.957654
Carlton,cafe,Café Perri,-37.8041863,144.9581121
Carlton,cafe,Starbucks,-37.8146591,144.9631304
Carlton,cafe,Supersede,-37.8067341,144.9594107
Carlton,cafe,Ho Ho's Canteen,-37.7974144,144.9584924
Carlton,cafe,Juddy Roller,-37.7990341,144.9825548
Carlton,cafe,Gong Cha,-37.812455,144.9649343
Carlton,cafe,Side Pocket Cafe,-37.8131735,144.9557748
Carlton,cafe,That Schnitzel Place,-37.810514,144.969612
Carlton,cafe,Hikari,-37.8108738,144.9641712
Carlton,cafe,Argos Loves Company,-37.803143,144.977468
Carlton,cafe,Martha Ray's,-37.804749,144.97723
Carlton,cafe,East Side Story,-37.80846,144.974797
Carlton,cafe,Cafenatics,-37.8113734,144.9572301
Carlton,cafe,Operator 25,-37.8107145,144.9571233
Carlton,cafe,Brother Thomas,-37.811331,144.956443
Carlton,cafe,Napier Quarter,-37.7968656,144.9808288
Carlton,cafe,Addict,-37.7989725,144.9832189
Carlton,cafe,Unnamed cafe,-37.808532,144.970723
Carlton,cafe,Cafe Piccolina,-37.795398,144.955647
Carlton,cafe,Earl Canteen,-37.814848,144.9587438
Carlton,cafe,KereKere Green,-37.8149104,144.9792572
Carlton,cafe,Global Kitchen Cafe,-37.808452,144.968706
Carlton,cafe,The Queensberry Pour House,-37.8042408,144.962033
Carlton,cafe,Tutto,-37.8008602,144.9665693
Carlton,cafe,Federal Coffee Palace,-37.813982,144.9632917
Carlton,cafe,Cafe Krema,-37.8054607,144.9633604
Carlton,cafe,Traveller Coffee,-37.8114318,144.971205
Carlton,cafe,Di Bella Coffee,-37.8101565,144.9571385
Carlton,cafe,Wild Timor Coffee Co.,-37.7986544,144.9654934
Carlton,cafe,Chocolate Arcade,-37.815099,144.965765
Carlton,cafe,Joe's Eatery,-37.7996061,144.9544576
Carlton,cafe,Unnamed cafe,-37.7945918,144.9788489
Carlton,cafe,Beeter Swit,-37.795159,144.9791681
Carlton,cafe,Cafe Box,-37.813,144.967947
Carlton,cafe,Professors Walk Cafe,-37.7981416,144.9595503
Carlton,cafe,Cafe Tre Sette,-37.8032576,144.9617931
Carlton,cafe,Briscola Cafe,-37.8024198,144.9613454
Carlton,cafe,Hash Cafe,-37.8123737,144.9605584
Carlton,cafe,Bluestones Cafe,-37.815373,144.9585863
Carlton,cafe,Cafe Euro,-37.8152176,144.9590837
Carlton,cafe,Original Sushi Cafe,-37.8151693,144.9592869
Carlton,cafe,Top Tea,-37.8091334,144.9606099
Carlton,cafe,Hudson Coffee,-37.8100407,144.9630212
Carlton,cafe,Stovetop,-37.8034586,144.9606811
Carlton,cafe,Koko Black Chocolate,-37.8143703,144.9640406
Carlton,cafe,Lincoln Bakery Cafe,-37.8011716,144.9625798
Carlton,cafe,Tiamo,-37.7981827,144.9671674
Carlton,cafe,Mid Square Coffee,-37.8027048,144.9642262
Carlton,cafe,Campos,-37.7971996,144.9697182
Carlton,cafe,Health Studio and Backyard Cafe,-37.8015916,144.9661084
Carlton,cafe,The Fitz,-37.7967671,144.9786367
Carlton,cafe,Zouki Cafe,-37.8119043,144.9775796
Carlton,cafe,La Latteria,-37.797415,144.97114
Carlton,cafe,Cleaver & Quill Cafe,-37.8014271,144.9775045
Carlton,cafe,Smith and Deli,-37.8014628,144.9787111
Carlton,cafe,La Petite Crêperie,-37.8138954,144.9615104
Carlton,cafe,Unnamed cafe,-37.7946063,144.9793332
Carlton,cafe,EARL Canteen,-37.8148557,144.9586903
Carlton,cafe,Soul Soup,-37.8054556,144.9643665
Carlton,cafe,Prime House,-37.8148316,144.9587712
Carlton,cafe,Market Lane Coffee,-37.7986545,144.968513
Carlton,cafe,Cafenatics,-37.8141709,144.9676132
Carlton,cafe,Parcs,-37.8140374,144.9673718
Carlton,cafe,Hap,-37.7886588,144.9718262
Carlton,cafe,Code Black Coffee,-37.8042375,144.9536691
Carlton,cafe,Starbucks,-37.814606,144.9631005
Carlton,cafe,Starbucks,-37.8098319,144.9637582
Carlton,cafe,Unnamed cafe,-37.8133332,144.9720018
Carlton,cafe,Vertue Coffee Roasters,-37.7976778,144.9683437
Carlton,cafe,Scholar & Co,-37.800157,144.9636365
Carlton,cafe,Common Ground,-37.8058124,144.9539573
Carlton,cafe,Patisserie Madeleine De Proust,-37.7995521,144.9669311
Carlton,cafe,Standing Room,-37.7970749,144.9624025
Carlton,cafe,Chè Vietnamese Desserts,-37.8126,144.9617564
Carlton,cafe,Midtown,-37.814248,144.9671999
Carlton,cafe,The Dessert Kitchen,-37.8114469,144.9693178
Carlton,cafe,Frankies,-37.8091688,144.9633559
Carlton,cafe,Churros Juan Cafe,-37.8070993,144.9603311
Carlton,cafe,The Bean Project,-37.8082906,144.9629789
Carlton,cafe,Nana's Green Tea,-37.8128242,144.9685593
Carlton,cafe,In a Rush,-37.8129111,144.9701668
Carlton,cafe,Brown Sugar,-37.8153063,144.9642999
Carlton,cafe,Little Collins,-37.815175,144.9642353
Carlton,cafe,Gordon’s,-37.8145437,144.9642886
Carlton,cafe,Coffee Exchange,-37.8126026,144.9730264
Carlton,cafe,Axil Coffee Roasters,-37.8150764,144.9714768
Carlton,cafe,Tom Thumb,-37.8148983,144.9727708
Carlton,cafe,Refuel Café,-37.8040564,144.9606475
Carlton,cafe,Assembly,-37.802704,144.9673231
Carlton,cafe,Axil Coffee Roasters,-37.7961211,144.9585747
Carlton,cafe,Queen Street Food Store,-37.8137003,144.9604035
Carlton,cafe,Rustica Canteen,-37.811275,144.963487
Carlton,cafe,Brick Lane,-37.8114882,144.9598089
Carlton,cafe,Cafenatics,-37.8148695,144.9586348
Carlton,cafe,Happy Lemon,-37.8079652,144.9605079
Carlton,cafe,Koko Black Chocolate,-37.8154143,144.9662539
Carlton,cafe,Market Lane Coffee,-37.8062752,144.9579591
Carlton,cafe,Realfoods,-37.8086901,144.9638078
Carlton,cafe,Green Cup,-37.798738,144.9664396
Carlton,cafe,Courtyard 55,-37.8076182,144.9755061
Carlton,cafe,Lonsdale Street Larder,-37.8094748,144.9711439
Carlton,cafe,Mr Speaker,-37.8092099,144.9715755
Carlton,cafe,Bearded Brothers Coffee,-37.8152487,144.9632551
Carlton,cafe,Patricia Coffee Brewers,-37.8147026,144.9582933
Carlton,cafe,Harijuku Crepes,-37.8101425,144.9637682
Carlton,cafe,Anda,-37.809638,144.9720241
Carlton,cafe,Caravan Coffee,-37.809679,144.9753275
Carlton,cafe,San Churro,-37.8015265,144.9665907
Carlton,cafe,Union Kiosk,-37.8150064,144.9652364
Carlton,cafe,Cafe Victoria,-37.8068124,144.9594638
Carlton,cafe,Schmucks Bagels,-37.8145279,144.9568615
Carlton,cafe,Basement Espresso,-37.8087663,144.9779671
Carlton,cafe,Cafe Lansdowne,-37.8090467,144.9781972
Carlton,cafe,Vincent the Dog,-37.7977605,144.9691421
Carlton,cafe,Le Miel,-37.7968607,144.9663103
Carlton,cafe,Little Rogue,-37.8109925,144.9640518
Carlton,cafe,Bossa Nova,-37.7971894,144.969434
Carlton,cafe,Solah,-37.8089999,144.9798533
Carlton,cafe,Class Ramen,-37.811257,144.9674504
Carlton,cafe,Sargon,-37.7997161,144.9557748
Carlton,cafe,Airflow Coffee Co,-37.8098639,144.956785
Carlton,cafe,The League of Honest Coffee,-37.8092534,144.9684342
Carlton,cafe,Bentwood,-37.8006268,144.9801978
Carlton,cafe,Blonde Food and Drink,-37.7937584,144.9790683
Carlton,cafe,Louis Fitzroy,-37.8014909,144.9775776
Carlton,cafe,Naröcha,-37.8071308,144.960286
Carlton,cafe,Daboba,-37.8086427,144.9596031
Carlton,cafe,Xing Fu Tang,-37.8121824,144.9620102
Carlton,cafe,Ms PREtea,-37.8122099,144.9619306
Carlton,cafe,Ding Tea,-37.8134548,144.9625954
Carlton,cafe,Milksha,-37.8149495,144.9636992
Carlton,cafe,The Cupcake Queens,-37.8140211,144.9615058
Carlton,cafe,The Perch Cafe,-37.8123945,144.9549224
Carlton,cafe,Dari,-37.814183,144.9613888
Carlton,cafe,Market Lane Coffee,-37.8066911,144.9590838
Carlton,cafe,Crema Cafe,-37.8151402,144.9630457
Carlton,cafe,Caffe E Torta,-37.814983,144.9642234
Carlton,cafe,Xing Fu Tang,-37.8137882,144.9659694
Carlton,cafe,My Modern,-37.813046,144.9679913
Carlton,cafe,Wu Cha,-37.8118625,144.9678868
Carlton,cafe,Bubble Cup,-37.8106485,144.9658383
Carlton,cafe,Chatime,-37.810687,144.9657626
Carlton,cafe,Sharetea,-37.811371,144.9644057
Carlton,cafe,CoCo Fresh Tea & Juice,-37.8120734,144.9651916
Carlton,cafe,Top Tea,-37.8121854,144.9652417
Carlton,cafe,Yi Fang Tea,-37.8107167,144.9640564
Carlton,cafe,Gong Cha,-37.810582,144.9629004
Carlton,cafe,The Little Royal,-37.8147003,144.9641568
Carlton,cafe,Kit Espresso,-37.8146926,144.9638096
Carlton,cafe,30 Block Place,-37.8152596,144.964372
Carlton,cafe,Tori’s,-37.8129514,144.9614331
Carlton,cafe,Common Place Coffee Brewers,-37.8151033,144.9541949
Carlton,cafe,Lt Nic,-37.8115231,144.9643656
Carlton,cafe,Hectors Deli,-37.8015812,144.9787002
Carlton,cafe,St Cooper Cafe,-37.8008415,144.9553927
Carlton,cafe,Sonido,-37.8055734,144.9763794
Carlton,cafe,St Ali Canteen,-37.7984714,144.9630398
Carlton,cafe,Pop-up Cafe,-37.7961444,144.9617215
Carlton,cafe,Maker,-37.8137557,144.9613601
Carlton,cafe,Journeys Cafe by ASRC (Level 4),-37.7987245,144.963675
Carlton,cafe,Gong Cha,-37.7988859,144.9629034
Carlton,cafe,Unnamed cafe,-37.8120661,144.9652048
Carlton,cafe,Le Bajo Milkbar,-37.8050387,144.9540536
Carlton,cafe,Gotcha,-37.8098249,144.9637174
Carlton,cafe,Fledgling Espresso,-37.7877854,144.9723784
Carlton,cafe,Bloomwood,-37.8125537,144.9704851
Carlton,cafe,Warkop,-37.8126094,144.9729732
Carlton,cafe,Starbucks,-37.8115889,144.9705649
Carlton,cafe,Maverick,-37.8133111,144.9705103
Carlton,cafe,Humble Rays,-37.8047561,144.9614974
Carlton,cafe,Boost Juice,-37.8102056,144.9634832
Carlton,cafe,Gong Cha,-37.8107728,144.9641236
Carlton,cafe,Unnamed cafe,-37.8108221,144.9623579
Carlton,cafe,People's Coffee,-37.8136265,144.9707146
Carlton,cafe,Upstate Coffee,-37.813731,144.9708413
Carlton,cafe,Quists Coffee,-37.8138348,144.968048
Carlton,cafe,Other Side,-37.8139701,144.9676536
Carlton,cafe,The League Of Honest Coffee,-37.807659,144.9559533
Carlton,cafe,Frankies,-37.8081535,144.9613347
Carlton,cafe,Romape Cibo Da Strada,-37.8076606,144.9568049
Carlton,cafe,Marche Board Game Cafe,-37.8091379,144.961732
Carlton,cafe,Original Chai Co,-37.8062626,144.95786
Carlton,cafe,Industry Beans,-37.7947657,144.9781415
Carlton,cafe,Starbucks,-37.8100151,144.9636114
Carlton,cafe,Sam Spade,-37.8109952,144.959629
Carlton,cafe,Bellboy,-37.806457,144.9585856
Carlton,cafe,Ima Project Cafe,-37.7975076,144.9692056
Carlton,cafe,Little Sparrow,-37.8121334,144.9641414
Carlton,cafe,Cafe Kinetic,-37.8153921,144.9709267
Carlton,cafe,House of Cards,-37.7990871,144.9626296
Carlton,cafe,St Ali And The Queen,-37.8076392,144.9585625
Carlton,cafe,Queen Vic Juice,-37.8069945,144.9592155
Carlton,cafe,Gilli,-37.8073279,144.9587362
Carlton,cafe,Koala-t,-37.8026852,144.9640397
Carlton,cafe,Romeo's,-37.8072702,144.9573678
Carlton,cafe,Castro's Kiosk,-37.7971552,144.9634807
Carlton,cafe,Science Gallery Cafe,-37.800252,144.9644285
Carlton,cafe,Superfloor Cafe,-37.800023,144.9645621
Carlton,cafe,Mars Miller,-37.8100645,144.9685203
Carlton,cafe,Axil,-37.8094469,144.97076
Carlton,cafe,Mixue,-37.8089456,144.9605218
Carlton,cafe,Gong Cha,-37.8088405,144.9604687
Carlton,cafe,Three Squares,-37.8089766,144.9605337
Carlton,cafe,Nico's Sandwich Deli,-37.7968781,144.9790148
Carlton,cafe,Black Velvet Coffee,-37.8125576,144.9709906
Carlton,cafe,Market Espresso,-37.8075546,144.9578912
Carlton,cafe,Operator San,-37.8075758,144.9587119
Carlton,cafe,Gilbert,-37.8001087,144.9595395
Carlton,cafe,Little Mylk Bar - Tasty Vegan Streetfood,-37.7970471,144.9617171
Carlton,cafe,Chatime,-37.8114774,144.9633943
Carlton,cafe,Tiger's Den,-37.8109777,144.9631657
Carlton,cafe,Lemon Tree Cafe,-37.8102506,144.9629326
Carlton,cafe,ComeBuyTea,-37.8109235,144.9630703
Carlton,cafe,Chatime,-37.8102884,144.9629555
Carlton,cafe,Gocha Cafe,-37.8103157,144.9625334
Carlton,cafe,Unnamed cafe,-37.8106095,144.9619218
Carlton,cafe,Axil,-37.8106553,144.9617596
Carlton,cafe,Lovey Patisserie,-37.8078828,144.9590807
Carlton,cafe,Max Brenner,-37.8108065,144.9651784
Carlton,cafe,Puzzle Coffee,-37.810342,144.9633882
Carlton,cafe,Ichigo,-37.8086376,144.9593948
Carlton,cafe,Impresso Cafe,-37.8122817,144.953649
Carlton,cafe,Okey Dokey Dessert,-37.8122854,144.9658479
Carlton,cafe,Foundry Lane,-37.8104731,144.9676255
Carlton,cafe,Tea Wave,-37.8032399,144.9637051
Carlton,cafe,Gong Cha,-37.8104466,144.9630337
Carlton,cafe,Pause And Sip By White Mojo,-37.8102807,144.9629277
Carlton,cafe,Tokyo Lamington,-37.79679,144.96552
Carlton,cafe,Little Charley Cafe,-37.8092247,144.9626471
Carlton,cafe,Karomi Cafe,-37.809618,144.9626451
Carlton,cafe,Max Brenner,-37.8106428,144.9653735
Carlton,cafe,Swan Lab Barista School,-37.812258,144.9671232
Carlton,cafe,Parlance Coffee,-37.8100517,144.9576095
Carlton,cafe,People's Coffee,-37.8149505,144.9573025
Carlton,cafe,Sargon Cafe,-37.8152332,144.9564593
Carlton,cafe,Campus Canteen,-37.8005194,144.9620134
Carlton,cafe,The Heart of Carlton,-37.797375,144.968215
Carlton,cafe,Starbucks,-37.8149559,144.966053
Carlton,cafe,CM & Co,-37.8099978,144.970635
Carlton,cafe,Tami Sweet,-37.810728,144.9681424
Carlton,cafe,Bobby's,-37.8101356,144.9706829
Carlton,cafe,Charlie's Tea,-37.8115911,144.9651811
Carlton,cafe,Small Batch,-37.804406,144.9543935
Carlton,cafe,North,-37.7880896,144.9719341
Carlton,cafe,The Fat Spatula,-37.7904549,144.9714973
Carlton,cafe,All Day Tre,-37.7905439,144.9714987
Carlton,cafe,Florian,-37.7906764,144.9714816
Carlton,cafe,Nijuusan,-37.7987159,144.9663339
Carlton,cafe,Awa French Crêperie,-37.8021756,144.9779401
Carlton,cafe,Naau Cafe,-37.8099972,144.9670205
Carlton,cafe,The Flour Melbourne,-37.8059008,144.9547869
Carlton,cafe,Patricia Coffee Roasters,-37.8146691,144.9582379
Carlton,cafe,Moment Coffee,-37.8122619,144.9581735
Carlton,cafe,Mile End Bagels,-37.7982291,144.9754792
Carlton,cafe,Cartel Coffee Roasters Melbourne,-37.8138569,144.9624151
Carlton,cafe,Haymarket Place Cafe,-37.8005151,144.9590042
Carlton,cafe,Zio's Restaurant,-37.8094356,144.9786606
Carlton,cafe,University Cafe,-37.7994488,144.9668738
Carlton,cafe,Lygon Food Store,-37.7991983,144.9669393
Carlton,cafe,Coffee With Benefeats,-37.7990459,144.9669225
Carlton,cafe,K&K Fitzroy,-37.7968436,144.975374
Carlton,gym,Vault Crossfit,-37.8130719,144.9601471
Carlton,gym,Fitness First,-37.814393,144.963513
Carlton,gym,The Underground Fitness Club,-37.803623,144.956669
Carlton,gym,Barrebody,-37.802211,144.977498
Carlton,gym,"By Design, Mind & Body",-37.7980493,144.9772092
Carlton,gym,Fitness 24 Hours,-37.798069,144.979249
Carlton,gym,F45 Training,-37.7956214,144.9754325
Carlton,gym,Universal Practice,-37.7985033,144.9790573
Carlton,gym,Body Fit Training,-37.7939105,144.9790529
Carlton,gym,Lincoln Square Fitness,-37.802112,144.961861
Carlton,gym,Absolute MMA CBD,-37.8123789,144.9711275
Carlton,gym,F45 Training,-37.8105874,144.9610713
Carlton,gym,Unnamed gym,-37.7960767,144.9605646
Carlton,gym,Fitness First,-37.8106826,144.9659966
Carlton,gym,GoodLife Health Clubs,-37.7978625,144.9762903
Carlton,library,RMIT Swanston Library,-37.8081589,144.9639444
Carlton,library,RMIT Carlton Library,-37.8059656,144.9640939
Carlton,library,Fitzroy Library,-37.8018889,144.979691
Carlton,library,Giblin Eunson Library,-37.8011727,144.9593581
Carlton,library,Dalton McCaughey Library,-37.7929792,144.9617348
Carlton,library,Law Library,-37.8023777,144.9597833
Carlton,library,"Architecture, Building & Planning Library",-37.7973892,144.9629108
Carlton,library,Narrm Ngarrgu,-37.807721,144.9584163
Carlton,library,Rowden White Library (Levels 2 & 3),-37.7986236,144.963595
Carlton,library,State Library Victoria,-37.8097018,144.965488
Carlton,library,Baillieu Library,-37.7983678,144.9593474
Carlton,library,Eastern Resource Centre Library (Building 171),-37.7993637,144.9628202
Carlton,library,Russian House Library,-37.8003865,144.9823455
Carlton,library,Carlton Library,-37.7894553,144.9715865
Brunswick East,supermarket,IGA X-press,-37.7686793,144.97235
Brunswick East,supermarket,TT Mart,-37.7788898,144.9781392
Brunswick East,supermarket,IGA,-37.7556161,144.9755292
Brunswick East,supermarket,Gervasi FoodWorks,-37.7560827,144.9641749
Brunswick East,supermarket,Woolworths Metro,-37.7578952,144.9638489
Brunswick East,supermarket,IGA,-37.7787245,144.9764299
Brunswick East,supermarket,Hyper Panda,-37.7620906,144.962826
Brunswick East,supermarket,Coles,-37.7721229,144.9784681
Brunswick East,supermarket,Terra Madre,-37.7585741,144.9634205
Brunswick East,supermarket,Organic Wholefoods,-37.7634376,144.9730183
Brunswick East,supermarket,Foodworks,-37.7631481,144.9733325
Brunswick East,supermarket,Piedimonte's Supa IGA plus Liquor,-37.7834993,144.982928
Brunswick East,supermarket,Brunswick Supa IGA,-37.7630951,144.9632833
Brunswick East,cafe,A Minor Place,-37.7614923,144.9696521
Brunswick East,cafe,Milkwood,-37.7676168,144.9803349
Brunswick East,cafe,The Third Tier Tea Room,-37.7674986,144.980358
Brunswick East,cafe,The Old Bikeshop Cafe,-37.7750446,144.9709954
Brunswick East,cafe,Sugardough,-37.7730805,144.9713047
Brunswick East,cafe,Tinpot Cafe,-37.7834518,144.9838712
Brunswick East,cafe,Greensleeves Coffee House,-37.7832356,144.9821608
Brunswick East,cafe,Growers Espresso,-37.779903,144.986937
Brunswick East,cafe,A1 Lebanese Bakery,-37.7620103,144.962841
Brunswick East,cafe,Dench Cafe,-37.7830635,144.9826302
Brunswick East,cafe,District 35,-37.779923,144.9773463
Brunswick East,cafe,Curly Joe's drive-thru coffee,-37.7759511,144.9789669
Brunswick East,cafe,Sleepy's Cafe and Wine Bar,-37.7808966,144.9777786
Brunswick East,cafe,Degani,-37.7565659,144.9721925
Brunswick East,cafe,IMA Café,-37.7544816,144.9803487
Brunswick East,cafe,Citrus,-37.7832134,144.9841088
Brunswick East,cafe,D1uno Cafe & Catering,-37.75699,144.9746662
Brunswick East,cafe,Maillard Toast and Espresso Bar,-37.7796732,144.9867595
Brunswick East,cafe,Suntop Plaza,-37.7662959,144.980279
Brunswick East,cafe,East Elevation,-37.7675831,144.9722714
Brunswick East,cafe,The Spot,-37.755171,144.9755835
Brunswick East,cafe,IGA,-37.7555241,144.9754733
Brunswick East,cafe,Toledo Brunswick,-37.7699499,144.9715392
Brunswick East,cafe,Double Dutch Coffee Bar,-37.7708597,144.97166
Brunswick East,cafe,Joan Specialty Coffee,-37.7704851,144.9763398
Brunswick East,cafe,Lucy Lockett,-37.7772529,144.969629
Brunswick East,cafe,Zaytoune Lebanese Sweets,-37.7622313,144.9631082
Brunswick East,cafe,Code 21,-37.7786686,144.9761618
Brunswick East,cafe,Giant Little Kitchen,-37.7554887,144.9637126
Brunswick East,cafe,Cafe,-37.7655418,144.9832825
Brunswick East,cafe,Stop 122,-37.7723711,144.9716862
Brunswick East,cafe,Carolina,-37.7794735,144.9780372
Brunswick East,cafe,Take Two,-37.7753182,144.9709527
Brunswick East,cafe,Crossroads Diner Coburg,-37.755292,144.964013
Brunswick East,cafe,Padre Coffee,-37.7641062,144.973163
Brunswick East,cafe,Bellboy Cafe,-37.7722836,144.9791799
Brunswick East,cafe,Taiyo Sun,-37.7782676,144.9883515
Brunswick East,cafe,Bagels & Co,-37.7624758,144.9627688
Brunswick East,cafe,Northern Perk Cafe,-37.7606447,144.9633816
Brunswick East,cafe,Oasis Juice & Smoothies,-37.761743,144.9631838
Brunswick East,cafe,North Island,-37.7830686,144.9826782
Brunswick East,cafe,O'Kahve,-37.7623125,144.9627904
Brunswick East,cafe,Dre's Deli,-37.7717486,144.9642225
Brunswick East,cafe,Sorrento Cafe Bar,-37.7578676,144.9635643
Brunswick East,cafe,Spazio Paradiso,-37.782812,144.9774271
Brunswick East,cafe,Brunswick Food Store,-37.774928,144.9636548
Brunswick East,cafe,Hermitz & Co,-37.7692152,144.9719832
Brunswick East,cafe,Galeri Coffee & Art,-37.7716533,144.9718117
Brunswick East,cafe,El Mirage,-37.7676444,144.9721856
Brunswick East,cafe,Cafe No. 8,-37.778867,144.9708297
Brunswick East,cafe,Donatello's,-37.7586735,144.9638797
Brunswick East,cafe,Clove Cafe & Restaurant,-37.7640315,144.9729162
Brunswick East,cafe,Chava's Espresso Bar,-37.7639175,144.972937
Brunswick East,cafe,Donny’s Deli,-37.7554988,144.9637926
Brunswick East,cafe,Pulcinella,-37.7638655,144.9628255
Brunswick East,cafe,Sweet Nata,-37.756292,144.9641354
Brunswick East,cafe,Brunetti,-37.7754764,144.966403
Brunswick East,cafe,Core Roasters,-37.7780849,144.9771821
Brunswick East,cafe,Catalogue,-37.7776302,144.970984
Brunswick East,cafe,Arabesque,-37.7540418,144.9642325
Brunswick East,cafe,Mary Miller,-37.7769405,144.9870221
Brunswick East,cafe,Deli Danois,-37.7821306,144.9774473
Brunswick East,cafe,Smug Relish,-37.7626723,144.9734469
Brunswick East,cafe,Thangs,-37.7628556,144.9734203
Brunswick East,gym,Australian Strength Performance,-37.7761724,144.9716363
Brunswick East,gym,Hammer House Brunswick,-37.7581357,144.9635143
Brunswick East,gym,Doherty's Gym Brunswick,-37.7750366,144.9646206
Brunswick East,gym,Gym Retro,-37.7699469,144.9714274
Brunswick East,gym,Quickfit Coburg,-37.7549881,144.9756598
Brunswick East,gym,Listen To Your Body,-37.7678425,144.9725185
Brunswick East,gym,Armature Pilates,-37.7678124,144.9722313
Brunswick East,gym,Armature Strength,-37.7683332,144.9730902
Brunswick East,gym,AKA Studio Yoga,-37.767077,144.9804137
Brunswick East,gym,Integrated Bodywork Pilates + Massage,-37.7794311,144.9780445
Brunswick East,gym,UBX Training,-37.7700442,144.9721485
Brunswick East,gym,CrossFit,-37.7697718,144.9807553
Brunswick East,gym,Beyond the Zone,-37.7605064,144.963407
Brunswick East,gym,Hip Hop Yoga Brunswick,-37.7651331,144.9719739
Brunswick East,gym,QuickFit,-37.7786534,144.9708621
Brunswick East,gym,Loading,-37.7638323,144.9729524
Brunswick East,gym,Cheeks Pilates,-37.7764692,144.9711349
Brunswick East,gym,Anytime Fitness,-37.7781676,144.9775984
Brunswick East,gym,Charge CrossFit,-37.7672309,144.985502
Brunswick East,gym,Armature Reformer,-37.7682399,144.9725648
Brunswick East,gym,Kaygees Gymnastics Club,-37.7668433,144.9859637
Brunswick East,library,Free Little Library,-37.7602807,144.9650383
Brunswick East,library,1 John Street Little Library,-37.7769637,144.9758697
Brunswick,supermarket,Woolworths,-37.7758181,144.9618499
Brunswick,supermarket,Coles,-37.7758523,144.9626265
Brunswick,supermarket,IGA X-press,-37.7686793,144.97235
Brunswick,supermarket,ALDI,-37.7709122,144.9616256
Brunswick,supermarket,IGA,-37.7556161,144.9755292
Brunswick,supermarket,Gervasi FoodWorks,-37.7560827,144.9641749
Brunswick,supermarket,Mediterranean Wholesalers,-37.7665945,144.9623648
Brunswick,supermarket,Woolworths Metro,-37.7578952,144.9638489
Brunswick,supermarket,Hyper Panda,-37.7620906,144.962826
Brunswick,supermarket,Cheaper Buy Miles,-37.7749261,144.9606389
Brunswick,supermarket,Terra Madre,-37.7585741,144.9634205
Brunswick,supermarket,Organic Wholefoods,-37.7634376,144.9730183
Brunswick,supermarket,Foodworks,-37.7631481,144.9733325
Brunswick,supermarket,Basfoods Direct,-37.7657045,144.9537329
Brunswick,supermarket,Woolworths,-37.7697835,144.9600119
Brunswick,supermarket,Coles,-37.7724084,144.9488152
Brunswick,supermarket,Brunswick Supa IGA,-37.7630951,144.9632833
Brunswick,supermarket,Melba's Food Hall,-37.7718954,144.9498331
Brunswick,cafe,The Factory Cafe,-37.7651025,144.9475575
Brunswick,cafe,A Minor Place,-37.7614923,144.9696521
Brunswick,cafe,Unnamed cafe,-37.7784547,144.9483961
Brunswick,cafe,Ray's Cafe,-37.767025,144.96108
Brunswick,cafe,Lux Foundry Cafe,-37.7641964,144.9598267
Brunswick,cafe,The Old Bikeshop Cafe,-37.7750446,144.9709954
Brunswick,cafe,John Gorilla,-37.7662149,144.9489903
Brunswick,cafe,Sugardough,-37.7730805,144.9713047
Brunswick,cafe,McIver's North Tea and Coffee,-37.7761664,144.9594234
Brunswick,cafe,A1 Lebanese Bakery,-37.7620103,144.962841
Brunswick,cafe,Miss Marmalade,-37.7731845,144.9530524
Brunswick,cafe,Code Black,-37.7747117,144.9624457
Brunswick,cafe,The Nicholson Coffee & Eatery,-37.7738352,144.9585706
Brunswick,cafe,Acustico,-37.7739337,144.9591941
Brunswick,cafe,Degani,-37.7565659,144.9721925
Brunswick,cafe,Wide Open Road,-37.7762834,144.961226
Brunswick,cafe,D1uno Cafe & Catering,-37.75699,144.9746662
Brunswick,cafe,Choukette,-37.7703732,144.9617167
Brunswick,cafe,Moo Moo Milk Bar,-37.7755285,144.9489674
Brunswick,cafe,Mr Fox,-37.775238,144.9490581
Brunswick,cafe,Mokum,-37.7691763,144.9616204
Brunswick,cafe,East Elevation,-37.7675831,144.9722714
Brunswick,cafe,KINES,-37.7642001,144.961028
Brunswick,cafe,The Spot,-37.755171,144.9755835
Brunswick,cafe,IGA,-37.7555241,144.9754733
Brunswick,cafe,Sweet Evelyn,-37.7731775,144.9529904
Brunswick,cafe,Green Refectory,-37.7747918,144.9606604
Brunswick,cafe,Toto's Cafe,-37.7749108,144.9592193
Brunswick,cafe,Project 281,-37.7685365,144.9606697
Brunswick,cafe,For Change Cafe,-37.7614456,144.9609565
Brunswick,cafe,Toledo Brunswick,-37.7699499,144.9715392
Brunswick,cafe,Double Dutch Coffee Bar,-37.7708597,144.97166
Brunswick,cafe,Kohi No Deshi,-37.7754633,144.9600923
Brunswick,cafe,Lucy Lockett,-37.7772529,144.969629
Brunswick,cafe,Zaytoune Lebanese Sweets,-37.7622313,144.9631082
Brunswick,cafe,Capulus & Co,-37.7774093,144.9599209
Brunswick,cafe,Code 21,-37.7786686,144.9761618
Brunswick,cafe,GG Burgers,-37.7729297,144.9491316
Brunswick,cafe,The Lamb,-37.7717369,144.9614716
Brunswick,cafe,Hoian Corner Cafe,-37.7640712,144.9614133
Brunswick,cafe,Soul of Hoffman,-37.7703846,144.9527304
Brunswick,cafe,Espresso Bar,-37.775603,144.9610844
Brunswick,cafe,Giant Little Kitchen,-37.7554887,144.9637126
Brunswick,cafe,Three Hands Cafe,-37.7675422,144.9621946
Brunswick,cafe,Bertoncello Coffee Roasters,-37.76639,144.9618478
Brunswick,cafe,Stop 122,-37.7723711,144.9716862
Brunswick,cafe,Rex,-37.7756696,144.9622366
Brunswick,cafe,Market Lane Coffee,-37.7683591,144.9617647
Brunswick,cafe,Lobbs,-37.7633023,144.9626302
Brunswick,cafe,Swish Kitchen Cafe,-37.773553,144.9544424
Brunswick,cafe,Melba's Cafe,-37.7718983,144.949712
Brunswick,cafe,Take Two,-37.7753182,144.9709527
Brunswick,cafe,Crossroads Diner Coburg,-37.755292,144.964013
Brunswick,cafe,Padre Coffee,-37.7641062,144.973163
Brunswick,cafe,Three Phase Rehearsal Studios Cafe/Bar,-37.7594167,144.9623566
Brunswick,cafe,Mile End Bagels,-37.768346,144.9612985
Brunswick,cafe,Dojo Espresso,-37.7671015,144.9616773
Brunswick,cafe,Neruda's South American Cafe,-37.7607769,144.9619346
Brunswick,cafe,Bagels & Co,-37.7624758,144.9627688
Brunswick,cafe,Dope Donuts,-37.7537847,144.9491734
Brunswick,cafe,Northern Perk Cafe,-37.7606447,144.9633816
Brunswick,cafe,Oasis Juice & Smoothies,-37.761743,144.9631838
Brunswick,cafe,O'Kahve,-37.7623125,144.9627904
Brunswick,cafe,Dre's Deli,-37.7717486,144.9642225
Brunswick,cafe,Sorrento Cafe Bar,-37.7578676,144.9635643
Brunswick,cafe,Savour Cafe' & Juice Bar,-37.7767379,144.9603666
Brunswick,cafe,Cold Brew Coffee Bar,-37.7688501,144.9624605
Brunswick,cafe,Boost Juice,-37.7756809,144.9620738
Brunswick,cafe,Walrus,-37.7704927,144.9616957
Brunswick,cafe,Chooka's,-37.7660655,144.9615291
Brunswick,cafe,Albert Street Cafe,-37.7686382,144.9590671
Brunswick,cafe,Brunswick Food Store,-37.774928,144.9636548
Brunswick,cafe,Hermitz & Co,-37.7692152,144.9719832
Brunswick,cafe,Galeri Coffee & Art,-37.7716533,144.9718117
Brunswick,cafe,El Mirage,-37.7676444,144.9721856
Brunswick,cafe,Ona Coffee,-37.7649793,144.9615953
Brunswick,cafe,New Age Cafe,-37.7711425,144.959079
Brunswick,cafe,Cafe No. 8,-37.778867,144.9708297
Brunswick,cafe,Donatello's,-37.7586735,144.9638797
Brunswick,cafe,Clove Cafe & Restaurant,-37.7640315,144.9729162
Brunswick,cafe,Chava's Espresso Bar,-37.7639175,144.972937
Brunswick,cafe,Donny’s Deli,-37.7554988,144.9637926
Brunswick,cafe,Pulcinella,-37.7638655,144.9628255
Brunswick,cafe,Sweet Nata,-37.756292,144.9641354
Brunswick,cafe,Osoi,-37.7601578,144.9610405
Brunswick,cafe,Brew Zen Space,-37.7721038,144.9614142
Brunswick,cafe,Clinker,-37.7737765,144.961477
Brunswick,cafe,Brunetti,-37.7754764,144.966403
Brunswick,cafe,Wood And Co Coffee,-37.7678509,144.9552577
Brunswick,cafe,Chatime,-37.7757547,144.9608035
Brunswick,cafe,Catalogue,-37.7776302,144.970984
Brunswick,cafe,Arabesque,-37.7540418,144.9642325
Brunswick,cafe,Tokyo Baby,-37.7708532,144.9546224
Brunswick,cafe,Smug Relish,-37.7626723,144.9734469
Brunswick,cafe,Thangs,-37.7628556,144.9734203
Brunswick,gym,Australian Strength Performance,-37.7761724,144.9716363
Brunswick,gym,Hammer House Brunswick,-37.7581357,144.9635143
Brunswick,gym,Doherty's Gym Brunswick,-37.7750366,144.9646206
Brunswick,gym,Gym Retro,-37.7699469,144.9714274
Brunswick,gym,Quickfit Coburg,-37.7549881,144.9756598
Brunswick,gym,Active Bodies World,-37.7663334,144.9493887
Brunswick,gym,Listen To Your Body,-37.7678425,144.9725185
Brunswick,gym,Unnamed gym,-37.7694118,144.9618913
Brunswick,gym,Armature Pilates,-37.7678124,144.9722313
Brunswick,gym,Armature Strength,-37.7683332,144.9730902
Brunswick,gym,Snap Fitness,-37.7765593,144.9606792
Brunswick,gym,UBX Training,-37.7700442,144.9721485
Brunswick,gym,The Fit Project,-37.7670899,144.9615771
Brunswick,gym,Beyond the Zone,-37.7605064,144.963407
Brunswick,gym,Eve,-37.7731497,144.9609501
Brunswick,gym,Body Fit Training,-37.7658563,144.9624913
Brunswick,gym,Hip Hop Yoga Brunswick,-37.7651331,144.9719739
Brunswick,gym,QuickFit,-37.7786534,144.9708621
Brunswick,gym,Loading,-37.7638323,144.9729524
Brunswick,gym,Bodhi & Ride,-37.7738483,144.9625725
Brunswick,gym,Anytime Fitness,-37.7661896,144.9587043
Brunswick,gym,Pilates Republic,-37.774706,144.9621779
Brunswick,gym,Good Times Pilates,-37.7740219,144.9610962
Brunswick,gym,Cheeks Pilates,-37.7764692,144.9711349
Brunswick,gym,Armature Reformer,-37.7682399,144.9725648
Brunswick,gym,CrossFit Moreland,-37.7677252,144.9581907
Brunswick,library,Free Little Library,-37.7602807,144.9650383
Brunswick,library,Brunswick Yellow Book Fridge,-37.7673997,144.959734
Brunswick,library,1 John Street Little Library,-37.7769637,144.9758697
Brunswick,library,Brunswick Library,-37.7717646,144.9606654
Brunswick West,supermarket,IGA,-37.758154,144.9393573
Brunswick West,supermarket,Foodworks,-37.7646416,144.9441587
Brunswick West,supermarket,Woolworths Metro,-37.7761084,144.9285108
Brunswick West,supermarket,Basfoods Direct,-37.7657045,144.9537329
Brunswick West,supermarket,Coles,-37.7724084,144.9488152
Brunswick West,supermarket,Albion Budget Supermarket,-37.7585731,144.945087
Brunswick West,supermarket,Melba's Food Hall,-37.7718954,144.9498331
Brunswick West,cafe,Roy's on Melville,-37.7645062,144.9437038
Brunswick West,cafe,The Factory Cafe,-37.7651025,144.9475575
Brunswick West,cafe,Corner Internet Cafe,-37.776569,144.939531
Brunswick West,cafe,John Gorilla,-37.7662149,144.9489903
Brunswick West,cafe,LoLo & Wren,-37.758199,144.939661
Brunswick West,cafe,Miss Marmalade,-37.7731845,144.9530524
Brunswick West,cafe,Moo Moo Milk Bar,-37.7755285,144.9489674
Brunswick West,cafe,Mr Fox,-37.775238,144.9490581
Brunswick West,cafe,Sweet Evelyn,-37.7731775,144.9529904
Brunswick West,cafe,GG Burgers,-37.7729297,144.9491316
Brunswick West,cafe,Soul of Hoffman,-37.7703846,144.9527304
Brunswick West,cafe,Swish Kitchen Cafe,-37.773553,144.9544424
Brunswick West,cafe,Melba's Cafe,-37.7718983,144.949712
Brunswick West,cafe,Mister & Missus M,-37.7589875,144.944638
Brunswick West,cafe,Old Man Drew,-37.775527,144.928278
Brunswick West,cafe,Monza Carspa & Cafe,-37.7526605,144.9454812
Brunswick West,cafe,Dope Donuts,-37.7537847,144.9491734
Brunswick West,cafe,Unnamed cafe,-37.752778,144.9427128
Brunswick West,cafe,Unnamed cafe,-37.7581666,144.9448053
Brunswick West,cafe,Mr Walker,-37.7566096,144.9300412
Brunswick West,cafe,Wood And Co Coffee,-37.7678509,144.9552577
Brunswick West,cafe,Sugarbeat,-37.7765464,144.9281229
Brunswick West,cafe,MaCo Cafe,-37.7535248,144.9461995
Brunswick West,cafe,Lady Melville Cafe & Courtyard,-37.7539005,144.9456088
Brunswick West,cafe,Tokyo Baby,-37.7708532,144.9546224
Brunswick West,gym,Active Bodies World,-37.7663334,144.9493887
Brunswick West,gym,Fitzy's Gym,-37.7647438,144.9452823
Brunswick West,gym,Reconnect Yoga,-37.7593478,144.9449457
Brunswick West,library,Campbell Turnbull Library,-37.754305,144.9459513
Footscray,supermarket,Foodworks,-37.8067458,144.8913566
Footscray,supermarket,IGA Friendly Grocer,-37.7911005,144.8899038
Footscray,supermarket,Tân Mỹ,-37.799386,144.8998
Footscray,supermarket,Coles,-37.8013978,144.897529
Footscray,supermarket,KFL Supermarkets,-37.7994862,144.8985563
Footscray,supermarket,Ecopact Groceries,-37.8029415,144.8988455
Footscray,supermarket,ALDI,-37.7842775,144.8922627
Footscray,supermarket,D&K,-37.798678,144.9009904
Footscray,supermarket,Thành Phát,-37.7998502,144.9024005
Footscray,supermarket,Western Halal Meat,-37.8011993,144.9012307
Footscray,supermarket,Salaam Namasthe,-37.801132,144.9012427
Footscray,supermarket,Famous Halal Quality,-37.8006262,144.8991833
Footscray,supermarket,The Happy Apple,-37.8060054,144.8915718
Footscray,cafe,The Whitehall Cafe,-37.8020343,144.9053523
Footscray,cafe,Central Cafe,-37.792959,144.899093
Footscray,cafe,Vu Bar,-37.793141,144.899436
Footscray,cafe,Lola,-37.8067865,144.8917421
Footscray,cafe,Common Galaxia,-37.8041902,144.8920822
Footscray,cafe,Desserts by Night,-37.7851353,144.8918314
Footscray,cafe,Scarlett Corner,-37.800281,144.901256
Footscray,cafe,Maples,-37.800755,144.899536
Footscray,cafe,Cafe Lalibella,-37.8021827,144.8980455
Footscray,cafe,Myrtle Cafe,-37.8029913,144.9073392
Footscray,cafe,Footscray Milking Station,-37.8030304,144.9038807
Footscray,cafe,Roadhaven Cafe,-37.8084519,144.9018378
Footscray,cafe,Riverside Takeaway,-37.8025279,144.910183
Footscray,cafe,CoCo Fresh Tea & Juice,-37.8000277,144.9008245
Footscray,cafe,Jazeera Cafe,-37.8007888,144.899959
Footscray,cafe,Unnamed cafe,-37.801479,144.8991037
Footscray,cafe,Footscray Royal Cafe,-37.7995281,144.8993329
Footscray,cafe,Da Net Cafe,-37.7994488,144.898145
Footscray,cafe,Ollie's Deli,-37.7994805,144.8992995
Footscray,cafe,Upsize,-37.7992772,144.8965347
Footscray,cafe,Mehretina Cafe,-37.799799,144.8970619
Footscray,cafe,Footscray Shisha,-37.7991709,144.8955412
Footscray,cafe,Cafe Barkly,-37.7992134,144.8937961
Footscray,cafe,The Theatre Society Cafe,-37.7993549,144.8947309
Footscray,cafe,Le Vo,-37.7992167,144.8937478
Footscray,cafe,Josephine,-37.7992787,144.8943653
Footscray,cafe,The Little Rabbit Cafe,-37.7993585,144.8947935
Footscray,cafe,Be.K,-37.7846616,144.8922383
Footscray,cafe,The Morning Rush,-37.8033406,144.8997633
Footscray,cafe,Cafe Boutique,-37.7863248,144.9003008
Footscray,cafe,Mason and Eric Cafe,-37.8075474,144.9042924
Footscray,cafe,Counterweight Vinyl & Espresso,-37.8004413,144.899786
Footscray,cafe,Tru Coffee,-37.7999196,144.9098348
Footscray,cafe,Little Bean Shop,-37.7999106,144.9097394
Footscray,cafe,The Little Man Cafe,-37.8051987,144.8918816
Footscray,cafe,Miss An'am,-37.8064444,144.890849
Footscray,cafe,Tee & Coffee,-37.8064922,144.8912606
Footscray,cafe,The Local Cafe,-37.7976656,144.9036732
Footscray,cafe,Cafe Bulldog,-37.8002151,144.8997944
Footscray,cafe,Popping&Tea,-37.7998265,144.9021021
Footscray,cafe,Seddon Deadly Sins,-37.8047818,144.8919571
Footscray,cafe,Rudimentary,-37.7981687,144.901086
Footscray,cafe,Tailor Made,-37.8103071,144.8895614
Footscray,cafe,Advieh,-37.8094133,144.8901692
Footscray,cafe,Cafe Asmara,-37.8000419,144.8997302
Footscray,cafe,Dahlak,-37.7917563,144.8892318
Footscray,cafe,West 48,-37.795709,144.8835446
Footscray,cafe,Addis cafe and roastery,-37.80354,144.898589
Footscray,cafe,"Queen of Sheba restaurant, bar & cafe",-37.8034933,144.8985849
Footscray,cafe,Luuq Food Cafe,-37.8034487,144.898623
Footscray,cafe,Fig & Walnut Cafe,-37.8097499,144.8954391
Footscray,gym,The Exercise Room,-37.803324,144.8947601
Footscray,gym,Snap Fitness,-37.8000493,144.8993755
Footscray,gym,Dragon,-37.7989534,144.9009403
Footscray,gym,Anytime Fitness,-37.800852,144.8974742
Footscray,gym,Team Adrenalin,-37.7877741,144.8897883
Footscray,gym,Body Rok,-37.7850788,144.8916384
Footscray,gym,White Dog Studio,-37.8017045,144.9070837
Footscray,gym,Focus Health & Fitness,-37.8099768,144.8993495
Footscray,gym,Fit 24 X 7,-37.7999663,144.9023241
Footscray,library,Unnamed library,-37.7932678,144.9013832
Footscray,library,Footscray Library,-37.8001297,144.895876
Footscray,library,Footscray Mechanics' Institute Library,-37.8034945,144.8991883
West Footscray,supermarket,ALDI,-37.7930599,144.8607906
West Footscray,supermarket,Coles,-37.7936568,144.8603614
West Footscray,supermarket,Bharat Traders,-37.7972367,144.877092
West Footscray,supermarket,Unnamed supermarket,-37.8007293,144.8685916
West Footscray,supermarket,IGA,-37.798141,144.8802126
West Footscray,cafe,Cafe Centro,-37.7953863,144.8619664
West Footscray,cafe,Somerville Road Seafood & Chippery,-37.812325,144.8799835
West Footscray,cafe,Brother Nancy,-37.7930338,144.8728987
West Footscray,cafe,Westerly,-37.8123011,144.8798735
West Footscray,cafe,West 48,-37.795709,144.8835446
West Footscray,cafe,Dumbo,-37.7940284,144.8753873
West Footscray,cafe,Unnamed cafe,-37.8124482,144.8780231
West Footscray,gym,Big 5 Fitness,-37.8121779,144.8795253
West Footscray,library,West Footscray Library,-37.7976543,144.8781317
Frankston,supermarket,Woolworths,-38.140202,145.126413
Frankston,supermarket,Coles,-38.1421829,145.1234117
Frankston,supermarket,ALDI,-38.1397884,145.1260897
Frankston,supermarket,IGA,-38.1592302,145.1408228
Frankston,cafe,Gloria Jean's,-38.1427166,145.123601
Frankston,cafe,Degani Cafe,-38.1419615,145.1297459
Frankston,cafe,Muffin Break,-38.1411787,145.1246149
Frankston,cafe,Unnamed cafe,-38.1510982,145.1300942
Frankston,cafe,The Coffee Club,-38.1436852,145.1230027
Frankston,cafe,Aum Shanti Vegetarian Cafe and Gallery,-38.1425914,145.1216691
Frankston,cafe,Unnamed cafe,-38.1485698,145.1378991
Frankston,cafe,Virgo Espresso,-38.1438347,145.1249227
Frankston,cafe,Wildness,-38.1448351,145.1386459
Frankston,cafe,Pie Face,-38.1460664,145.1351637
Frankston,cafe,Ol' Mate Coffee,-38.1440052,145.1210104
Frankston,cafe,Pho A Chau,-38.1431668,145.1235941
Frankston,cafe,Coffee Time,-38.1328952,145.1248876
Frankston,cafe,eeny meeny,-38.1442459,145.1248731
Frankston,cafe,Down the Street,-38.1579005,145.1307097
Frankston,cafe,The Laughing Lark Cafe,-38.142033,145.1251718
Frankston,cafe,One Pear Tree,-38.1355092,145.123719
Frankston,cafe,Beach Street Cafe,-38.1427045,145.1307519
Frankston,gym,Anytime Fitness,-38.1427331,145.1215005
Frankston,gym,Core Fitness,-38.1315129,145.125571
Frankston,gym,Curves,-38.1578114,145.1303226
Frankston,library,Frankston Library,-38.1458453,145.1237024
Cheltenham,supermarket,ALDI,-37.9590509,145.0548965
Cheltenham,supermarket,Coles,-37.9589132,145.0512356
Cheltenham,supermarket,Unnamed supermarket,-37.9705899,145.0687847
Cheltenham,supermarket,IGA Cheltenham,-37.9531772,145.0633289
Cheltenham,supermarket,The Fruit Men,-37.9661394,145.0553864
Cheltenham,supermarket,Foodworks,-37.9669807,145.0568951
Cheltenham,supermarket,ALDI,-37.9752484,145.0677058
Cheltenham,supermarket,Woolworths,-37.9595542,145.0555939
Cheltenham,cafe,Car Wash Cafe,-37.9671078,145.0582753
Cheltenham,cafe,Johnny Dante,-37.9668485,145.055263
Cheltenham,cafe,Peaberrys,-37.9663176,145.0553575
Cheltenham,cafe,Milk Boy,-37.966664,145.0551458
Cheltenham,cafe,Cafe In D'Imand,-37.9657794,145.0557548
Cheltenham,cafe,Espresso Hit,-37.9666689,145.055316
Cheltenham,cafe,Deli Works Cafe,-37.9489133,145.0616901
Cheltenham,cafe,Miss Viet,-37.9664711,145.0556372
Cheltenham,cafe,G Plus Coffee,-37.9662784,145.0570377
Cheltenham,cafe,Squires Loft,-37.9658724,145.0574186
Cheltenham,cafe,Peckish Cafe,-37.9672308,145.0562964
Cheltenham,cafe,Pie Face,-37.9528274,145.0764758
Cheltenham,cafe,Muffin Break,-37.9580947,145.0534479
Cheltenham,cafe,Top Juice,-37.9581488,145.0531511
Cheltenham,cafe,Chatime,-37.9581339,145.0535738
Cheltenham,cafe,Teaser Black,-37.9588545,145.0556682
Cheltenham,cafe,Cafe Galiano,-37.9585643,145.055035
Cheltenham,cafe,Ducky Espresso Cafe,-37.9579941,145.0547649
Cheltenham,cafe,Pretzel World,-37.9584624,145.0552778
Cheltenham,cafe,Bee Keen,-37.95855,145.0518672
Cheltenham,cafe,Frank's,-37.9577658,145.0662015
Cheltenham,cafe,G Days Cafe,-37.9506235,145.0588327
Cheltenham,cafe,Applehead Deli,-37.9748792,145.064463
Cheltenham,cafe,Drip,-37.9562069,145.0576828
Cheltenham,cafe,Sweet! Espresso,-37.9749218,145.0688024
Cheltenham,gym,Evado Studios,-37.9675333,145.0554364
Cheltenham,gym,Bayside Yoga,-37.9722622,145.0504162
Cheltenham,gym,Revo Fitness,-37.9578319,145.0514591
Cheltenham,gym,Anytime Fitness,-37.9602142,145.0555237
Cheltenham,gym,Crunch Fitness,-37.9747192,145.067052
Cheltenham,gym,The Fit Shop,-37.9596729,145.0742507
Cheltenham,library,Cheltenham Library,-37.9679629,145.0567091
Sandringham,supermarket,Coles,-37.9494484,145.0033694
Sandringham,supermarket,IGA,-37.9547495,145.0255753
Sandringham,supermarket,Coles,-37.9453066,145.0217912
Sandringham,cafe,Chives Cafe,-37.9619038,145.0188465
Sandringham,cafe,Royal Avenue Tennis Centre,-37.959015,145.0143949
Sandringham,cafe,Local Italian,-37.9598041,145.0196415
Sandringham,cafe,Eva's Sandwiches & Cafe Sandringham,-37.9513548,145.0042177
Sandringham,cafe,Limoncello,-37.9500831,145.0039479
Sandringham,cafe,Our Little Ray of Sunshine,-37.9499429,145.003972
Sandringham,cafe,Station Mingle cafe,-37.9508794,145.0042856
Sandringham,cafe,Thomas Street Grocery,-37.9398446,145.0137735
Sandringham,cafe,Black Squirrel Cafe,-37.9519086,145.0045512
Sandringham,cafe,Stevie,-37.9489404,145.0043312
Sandringham,cafe,Single Shot,-37.9536535,145.0205797
Sandringham,cafe,Coffee Shop At Raw,-37.9462405,145.0219972
Sandringham,cafe,The Bay Road Café,-37.9529833,145.0120069
Sandringham,cafe,Full Turn Kitchen Bar,-37.9547157,145.0258972
Sandringham,cafe,Thai Rani,-37.9622049,145.0188027
Sandringham,cafe,Roc Bakery Cafe,-37.9620007,145.0192931
Sandringham,cafe,Merrymen,-37.9394544,145.0007218
Sandringham,gym,Yoga Arts Academy,-37.9535471,145.0206009
Sandringham,gym,Train-Rec 24/7,-37.9405792,145.0023057
Sandringham,gym,Hampton Yoga Centre,-37.938993,145.0041981
Sandringham,library,Sandringham Library,-37.9490387,145.0029332
Sandringham,library,Hampton Library,-37.9386347,145.0027017
Caulfield,supermarket,Foodworks,-37.8868099,145.0222932
Caulfield,supermarket,Coles,-37.8760273,145.0376175
Caulfield,supermarket,Woolworths,-37.8889215,145.0410268
Caulfield,supermarket,IGA,-37.8732679,145.0250024
Caulfield,cafe,Unnamed cafe,-37.8788823,145.013273
Caulfield,cafe,Whyte Cafe,-37.8893911,145.0409564
Caulfield,cafe,Quality Cafe,-37.8893673,145.0407525
Caulfield,cafe,Unnamed cafe,-37.8940166,145.0207864
Caulfield,cafe,Meet at 903,-37.8875305,145.0273606
Caulfield,cafe,Le petit lapin,-37.8788165,145.0127183
Caulfield,cafe,Forth Brother,-37.8867129,145.0215325
Caulfield,cafe,Vern’s,-37.8870552,145.0223373
Caulfield,cafe,Xposé Cafe,-37.8866662,145.0212247
Caulfield,cafe,Arboretum,-37.8868649,145.0209505
Caulfield,cafe,Jam on Glenhunly,-37.8867254,145.0216474
Caulfield,cafe,Coffeefield Café,-37.8825017,145.0167069
Caulfield,cafe,Mr Brightside,-37.8965855,145.0360134
Caulfield,cafe,Einstein 251,-37.8790952,145.0235308
Caulfield,cafe,Parkside Pantry,-37.8727467,145.0245188
Caulfield,cafe,Unnamed cafe,-37.875825,145.0390391
Caulfield,cafe,No Stress Cafe,-37.886739,145.0221597
Caulfield,cafe,Stomach Club,-37.8796823,145.0235597
Caulfield,cafe,Cora Expresso,-37.8759023,145.0374552
Caulfield,gym,Vision Personal Training,-37.8870104,145.0215441
Caulfield,gym,Australian Fitness Academy,-37.8861911,145.0188042
Caulfield,gym,Integrate,-37.8864621,145.0195653
Caulfield,gym,9Round,-37.8788325,145.0129128
Caulfield,library,Caulfield Library,-37.8806176,145.0227434
Caulfield,library,Lamm Jewish Library of Australia,-37.8849688,145.0218193
Altona,supermarket,Goods Grocer,-37.8646032,144.8141029
Altona,cafe,The 6th Child,-37.8643243,144.8130099
Altona,cafe,The Wee Kitchen,-37.8641834,144.8138193
Altona,cafe,Birdcage,-37.8643764,144.8139628
Ringwood,supermarket,Coles,-37.8155086,145.2212725
Ringwood,supermarket,ALDI,-37.815856,145.2231415
Ringwood,supermarket,Woolworths,-37.8120412,145.2284585
Ringwood,supermarket,Coles,-37.8117934,145.2299716
Ringwood,supermarket,Soon Lee Asian Grocery,-37.8162069,145.2256617
Ringwood,supermarket,NQR,-37.8175701,145.2239491
Ringwood,supermarket,Om Sevvel Indian Store,-37.8161719,145.2258226
Ringwood,supermarket,Mr Rhino Supermarket,-37.8167439,145.2215903
Ringwood,cafe,Little Buddy Cafe,-37.8087476,145.2191354
Ringwood,cafe,BLT Cafe,-37.8244572,145.2201324
Ringwood,cafe,The Fortunate Son Cafe,-37.8194402,145.2444832
Ringwood,cafe,Cafe Soho,-37.8213884,145.2271569
Ringwood,cafe,Bean in the Woods,-37.8157778,145.2224241
Ringwood,cafe,Leaf & Vine,-37.7986137,145.240599
Ringwood,cafe,Boost Juice,-37.8124089,145.2295315
Ringwood,cafe,Caffe Stazione,-37.8148748,145.2290281
Ringwood,cafe,White Mojo,-37.8141303,145.2287896
Ringwood,cafe,Laurent Bakery Eastland,-37.81333,145.2290876
Ringwood,cafe,lot 7 espresso bar,-37.815282,145.2267822
Ringwood,cafe,Stirr It Up,-37.8127583,145.2344411
Ringwood,cafe,Cheeky Challa,-37.8151736,145.2203021
Ringwood,gym,Goodlife Health Clubs,-37.8146629,145.2292306
Ringwood,gym,Reformation Pilates,-37.8141312,145.2290332
Ringwood,gym,Anytime Fitness,-37.814037,145.2297942
Ringwood,gym,Jetts Fitness,-37.8178338,145.2232861
Ringwood,gym,Phoenix Yoga Studios,-37.8153264,145.2271908
Ringwood,gym,Genesis Health and Fitness,-37.8159728,145.2247111
Ringwood,gym,Legacy Health and Fitness,-37.8170281,145.2276218
Ringwood,library,Realm,-37.8148968,145.2292514
Glen Waverley,supermarket,Woolworths,-37.8747173,145.1648652
Glen Waverley,supermarket,Coles,-37.8768747,145.1645918
Glen Waverley,supermarket,French's IGA X-Press,-37.8759542,145.1779801
Glen Waverley,supermarket,Astee,-37.8791086,145.1630647
Glen Waverley,supermarket,ALDI,-37.8750268,145.164852
Glen Waverley,cafe,Hugo Cafe,-37.880226,145.1634673
Glen Waverley,cafe,Yo My Good Ness,-37.8802914,145.1634591
Glen Waverley,cafe,Kerrie Road Bakery Cafe,-37.8761882,145.1779421
Glen Waverley,cafe,Platform 7,-37.8790677,145.1628896
Glen Waverley,cafe,Happy Cup,-37.8789444,145.1624427
Glen Waverley,cafe,Nitro Lab,-37.879695,145.1637026
Glen Waverley,cafe,Gong Cha,-37.8778987,145.1647268
Glen Waverley,cafe,Gloria Jean's,-37.8811798,145.1631646
Glen Waverley,cafe,Workshop Bros,-37.8812301,145.1631195
Glen Waverley,cafe,ABC Cafe,-37.8815893,145.1631651
Glen Waverley,cafe,Cafe Moretti,-37.8817158,145.1630272
Glen Waverley,cafe,Mocha Jo's,-37.8808251,145.1632307
Glen Waverley,cafe,Hong Kong Sim Sum,-37.8805573,145.1632839
Glen Waverley,gym,Anytime Fitness,-37.8797328,145.1653188
Glen Waverley,library,Glen Waverley Public Library,-37.8822342,145.1638395
Moonee Ponds,supermarket,Coles,-37.7645234,144.9219203
Moonee Ponds,supermarket,Woolworths Metro,-37.7729791,144.9158047
Moonee Ponds,supermarket,ALDI,-37.7653328,144.9230314
Moonee Ponds,supermarket,Foodworks,-37.7544234,144.9155326
Moonee Ponds,supermarket,Yahweh,-37.764606,144.9218945
Moonee Ponds,supermarket,Woolworths Metro,-37.7761084,144.9285108
Moonee Ponds,supermarket,IGA Local Grocer Plus Liquor Moonee Ponds,-37.7714962,144.915536
Moonee Ponds,supermarket,Woolworths,-37.7677535,144.9214136
Moonee Ponds,supermarket,The Happy Apple,-37.7734413,144.9155392
Moonee Ponds,cafe,Cafe,-37.7548528,144.9180207
Moonee Ponds,cafe,Little Fletcher,-37.7553644,144.9196147
Moonee Ponds,cafe,The Re-Up,-37.7705806,144.9259001
Moonee Ponds,cafe,Top Notch Coffee,-37.7669937,144.9246164
Moonee Ponds,cafe,Old Man Drew,-37.775527,144.928278
Moonee Ponds,cafe,Chew Chew,-37.7663517,144.9191151
Moonee Ponds,cafe,Beans On Pratt,-37.7677567,144.9220249
Moonee Ponds,cafe,Strangers,-37.7659496,144.9219261
Moonee Ponds,cafe,Good Bean,-37.7663016,144.922478
Moonee Ponds,cafe,Olivia Spring Cafe,-37.7667315,144.9244575
Moonee Ponds,cafe,The Coffee Club,-37.7657426,144.9225764
Moonee Ponds,cafe,Dolce Vita,-37.7665586,144.9208789
Moonee Ponds,cafe,Convoy,-37.76128,144.9256703
Moonee Ponds,cafe,Sir Duke,-37.7668607,144.9211773
Moonee Ponds,cafe,Brunetti Classico,-37.7675036,144.9237655
Moonee Ponds,cafe,North x North West,-37.7665304,144.9263401
Moonee Ponds,cafe,Curators Collective,-37.7618723,144.9230086
Moonee Ponds,cafe,Mr Walker,-37.7566096,144.9300412
Moonee Ponds,cafe,Darling Street Espresso,-37.7690685,144.9105119
Moonee Ponds,cafe,Eclat Cafe,-37.7725359,144.9162904
Moonee Ponds,cafe,No. 19,-37.7732176,144.9161218
Moonee Ponds,cafe,Love Latte,-37.7732816,144.9161201
Moonee Ponds,cafe,Feekah,-37.7692375,144.9258415
Moonee Ponds,cafe,Sugarbeat,-37.7765464,144.9281229
Moonee Ponds,cafe,Dear Abbey,-37.7689087,144.9216071
Moonee Ponds,cafe,Grandpa Joe,-37.7730735,144.9156749
Moonee Ponds,cafe,Bang On Bagels,-37.7700119,144.9167149
Moonee Ponds,gym,Anytime Fitness,-37.7654219,144.9236
Moonee Ponds,gym,Beyond Rest Moonee Ponds,-37.7679583,144.9261346
Moonee Ponds,gym,Listen To Your Body,-37.7649455,144.9196767
Moonee Ponds,library,Sam Merrifield Library,-37.7647788,144.9244489
Moonee Ponds,library,Ascot Vale Library,-37.7739985,144.9155663
Coburg,supermarket,Coles,-37.742482,144.9658855
Coburg,supermarket,KFL Supermarkets,-37.7446282,144.9661578
Coburg,supermarket,IGA,-37.7556161,144.9755292
Coburg,supermarket,Gervasi FoodWorks,-37.7560827,144.9641749
Coburg,supermarket,Coles,-37.7315658,144.9503452
Coburg,supermarket,Woolworths Metro,-37.7578952,144.9638489
Coburg,supermarket,Magid Afghan Supermarket,-37.7436146,144.9663291
Coburg,supermarket,Richies IGA Fine Food and Wine Merchants,-37.7363922,144.9691528
Coburg,supermarket,Terra Madre,-37.7585741,144.9634205
Coburg,supermarket,Mahalaxmi Grocery and convenience store,-37.7419597,144.9653403
Coburg,supermarket,Coburg Pasal,-37.7415249,144.9650436
Coburg,supermarket,Woolworths,-37.7438688,144.9638043
Coburg,supermarket,Sacca's Fine Foods,-37.7321843,144.9516322
Coburg,cafe,Sussex Sandwich Bar,-37.7331855,144.9493642
Coburg,cafe,Half Moon Cafe,-37.7432062,144.9657646
Coburg,cafe,Chorba,-37.7432111,144.9658146
Coburg,cafe,Eastern Bloc Cafe,-37.7411982,144.9638849
Coburg,cafe,Ruby's Cafe,-37.7459314,144.9776531
Coburg,cafe,Degani,-37.7565659,144.9721925
Coburg,cafe,Bridges Cafe,-37.7425507,144.9681011
Coburg,cafe,Officer Coffee,-37.7389806,144.9695094
Coburg,cafe,The Boot Factory,-37.7378221,144.9688758
Coburg,cafe,D1uno Cafe & Catering,-37.75699,144.9746662
Coburg,cafe,Two Franks,-37.747367,144.9535764
Coburg,cafe,True North,-37.744843,144.9656152
Coburg,cafe,Twins Cafe,-37.7427031,144.9657736
Coburg,cafe,The Glass Den,-37.7402405,144.9688792
Coburg,cafe,The Spot,-37.755171,144.9755835
Coburg,cafe,IGA,-37.7555241,144.9754733
Coburg,cafe,Unnamed cafe,-37.7330369,144.9600072
Coburg,cafe,Tasty Sub,-37.7432549,144.9661194
Coburg,cafe,Pepper Tree Place Cafe,-37.7405345,144.9674951
Coburg,cafe,Reynard Street Cafe,-37.7477914,144.9591941
Coburg,cafe,Beans & Sweets,-37.7303478,144.9718282
Coburg,cafe,Yiannis Pantheon Cakes,-37.7434669,144.9660834
Coburg,cafe,Achillion Cakes,-37.7433735,144.9663714
Coburg,cafe,Hangar Cafe Restaurant,-37.7324449,144.9502136
Coburg,cafe,Giant Little Kitchen,-37.7554887,144.9637126
Coburg,cafe,Wild Timor Cafe,-37.7475961,144.9656412
Coburg,cafe,9 meals cafe,-37.743215,144.9658649
Coburg,cafe,Smokin Hut,-37.7465543,144.9659443
Coburg,cafe,Grounds of Eden,-37.7455227,144.9661116
Coburg,cafe,O'Heas Bakey & Deli,-37.7362427,144.9498731
Coburg,cafe,Coffico Coffee,-37.7300622,144.9505432
Coburg,cafe,Mister Lincoln,-37.7320936,144.9586243
Coburg,cafe,Coffee & Kitchen centre,-37.7432205,144.9659173
Coburg,cafe,Coffee Rush,-37.7435849,144.9660513
Coburg,cafe,Crossroads Diner Coburg,-37.755292,144.964013
Coburg,cafe,Three Phase Rehearsal Studios Cafe/Bar,-37.7594167,144.9623566
Coburg,cafe,O'Hey Cafe,-37.7372338,144.9628915
Coburg,cafe,Mills Cafe,-37.7317329,144.9586085
Coburg,cafe,Sorrento Cafe Bar,-37.7578676,144.9635643
Coburg,cafe,Astro Cafe,-37.7430572,144.9660074
Coburg,cafe,Espresso 600,-37.7365173,144.9666389
Coburg,cafe,The Faculty Cafe,-37.735716,144.9651877
Coburg,cafe,Donatello's,-37.7586735,144.9638797
Coburg,cafe,Donny’s Deli,-37.7554988,144.9637926
Coburg,cafe,Sweet Nata,-37.756292,144.9641354
Coburg,cafe,Al Alamy,-37.7418729,144.9650469
Coburg,cafe,Arabesque,-37.7540418,144.9642325
Coburg,cafe,Al Nada Sweets,-37.7508631,144.9651286
Coburg,cafe,8th Nerve Cafe,-37.7335657,144.9588845
Coburg,cafe,Taki's Bakery,-37.7335593,144.9589413
Coburg,gym,Hammer House Brunswick,-37.7581357,144.9635143
Coburg,gym,Quickfit Coburg,-37.7549881,144.9756598
Coburg,gym,Crossfit Turmoil,-37.7329612,144.9559765
Coburg,gym,Body Wellness Centre,-37.7324146,144.9497225
Coburg,gym,Apex Strength,-37.7334495,144.9609519
Coburg,gym,Body Fit,-37.7329115,144.9549718
Coburg,gym,Goodlife Health Club,-37.7311567,144.9586376
Coburg,gym,Snap Fitness,-37.7323212,144.9496382
Coburg,gym,Hammer House Coburg,-37.7329794,144.9579168
Coburg,gym,F45 Training,-37.7465385,144.965492
Coburg,gym,Jetts Fitness,-37.7473725,144.9657564
Coburg,gym,Snap Fitness,-37.732322,144.9497391
Coburg,library,Coburg Library,-37.7433351,144.9653376
Coburg,library,Coburg Station Book Fridge,-37.7428521,144.9640796
Coburg,library,Kirrip biik Park Free mini library,-37.7378931,144.9623808
Nunawading,supermarket,Thai Sun Food Market,-37.8207129,145.1765969
Nunawading,supermarket,Canton Asian Grocery,-37.8200628,145.1753213
Nunawading,cafe,The Peddler,-37.8125159,145.172222
Nunawading,cafe,Battle Cafe,-37.8077496,145.1638026
Nunawading,cafe,Miss Lucy,-37.824236,145.1664199
Nunawading,cafe,Station Street Cafe,-37.8207173,145.1767486
Nunawading,cafe,Cafe Espresso,-37.8200079,145.1753893
Nunawading,cafe,The Food Cage,-37.8199917,145.164038
Nunawading,library,Nunawading Library,-37.8175179,145.1816859
Box Hill,supermarket,Woolworths,-37.8195494,145.1212804
Box Hill,supermarket,Roaring Bear Asian Grocery,-37.8283644,145.121194
Box Hill,supermarket,Asian Taiwanese Grocery,-37.8202579,145.1261152
Box Hill,supermarket,Box Hill Asian Grocery Centre,-37.8201884,145.1235561
Box Hill,supermarket,Seoul Grocery,-37.8193264,145.1245932
Box Hill,supermarket,Coles,-37.8196048,145.1203412
Box Hill,supermarket,Korean World,-37.8206728,145.1240988
Box Hill,supermarket,Tan Huang Asian Grocer,-37.8196347,145.1225176
Box Hill,supermarket,Hui-Hui Supermarket,-37.8185457,145.1204799
Box Hill,supermarket,ALDI,-37.8293579,145.1208749
Box Hill,cafe,Traducci,-37.8187795,145.1219761
Box Hill,cafe,Red Cup Cafe,-37.8195855,145.1339899
Box Hill,cafe,Teaser,-37.8188457,145.1219276
Box Hill,cafe,Top Tea,-37.8192548,145.12198
Box Hill,cafe,Malay Kitchen,-37.8193587,145.1247762
Box Hill,cafe,Gong Cha,-37.8191306,145.1221486
Box Hill,cafe,Yi Fang Tea,-37.8197416,145.1210973
Box Hill,cafe,CoCo Fresh Tea & Juice,-37.8197229,145.121309
Box Hill,cafe,White Mojo,-37.8192903,145.1218015
Box Hill,cafe,Nelson,-37.8161413,145.1197253
Box Hill,cafe,The Penny Drop,-37.8175676,145.1221178
Box Hill,cafe,æ Coffee,-37.8183846,145.119021
Box Hill,cafe,Cafe Saporo,-37.8177264,145.1160031
Box Hill,cafe,Beekeen,-37.8196977,145.1206615
Box Hill,cafe,Boost Juice,-37.8198026,145.1214061
Box Hill,cafe,Unnamed cafe,-37.8342031,145.1250038
Box Hill,cafe,Mary’s Paddock,-37.8146397,145.1194042
Box Hill,cafe,Homm,-37.81859,145.1220297
Box Hill,cafe,Middleborough Latte Cafe,-37.8082043,145.1402853
Box Hill,cafe,Rubix,-37.8088283,145.1401341
Box Hill,gym,Unnamed gym,-37.8211802,145.1376273
Box Hill,library,Box Hill Library,-37.819169,145.1277636
Cranbourne North,supermarket,Coles,-38.0686164,145.3007558
Cranbourne North,supermarket,Woolworths,-38.0664709,145.3009876
Cranbourne North,supermarket,ALDI,-38.0677336,145.3005853
Cranbourne North,supermarket,Apna Bazaar Indian Supermarket,-38.08485,145.2916296
Cranbourne North,supermarket,Coles,-38.0849951,145.2928351
Cranbourne North,cafe,Unnamed cafe,-38.066613,145.3005516
Cranbourne North,cafe,Urban Chill Coffee,-38.0849322,145.292257
Cranbourne North,gym,Pump Up Fitness,-38.0851846,145.2913733
Wantirna South,supermarket,KFL Supermarkets,-37.8818907,145.2334277
Wantirna South,supermarket,Prime Sun Asian Groceries,-37.8772029,145.2212411
Wantirna South,supermarket,Foodworks,-37.8772352,145.2219768
Wantirna South,cafe,Catalina,-37.8821086,145.2336017
Wantirna South,cafe,Crest,-37.8607878,145.2314414
Wantirna South,cafe,Choco Bean Cafe,-37.8772049,145.2214525
Wantirna South,gym,Anytime Fitness,-37.8771929,145.2223805
Ripponlea,supermarket,Coles,-37.8685845,144.9806027
Ripponlea,supermarket,Coles,-37.8679128,144.9919849
Ripponlea,supermarket,Woolworths,-37.868243,144.991277
Ripponlea,supermarket,IGA,-37.8765871,144.9965585
Ripponlea,supermarket,Elwood Supermarket,-37.8808894,144.9915674
Ripponlea,supermarket,Aldi,-37.8650285,144.9877554
Ripponlea,supermarket,GloHealth,-37.8847136,145.003886
Ripponlea,supermarket,Woolworths Metro,-37.8630952,145.0101814
Ripponlea,supermarket,Coles,-37.8849415,145.0068058
Ripponlea,supermarket,Foodworks,-37.8854272,144.9879436
Ripponlea,cafe,Unnamed cafe,-37.8821158,144.9828431
Ripponlea,cafe,Turtle Café,-37.8823497,144.982876
Ripponlea,cafe,Dr Jekyll,-37.8640141,144.9813215
Ripponlea,cafe,Inkr7,-37.8642491,144.982124
Ripponlea,cafe,Irwell's,-37.8672064,144.9805382
Ripponlea,cafe,Presse Cafe,-37.8733544,144.9899586
Ripponlea,cafe,Babble on Babylon,-37.8729891,144.9897735
Ripponlea,cafe,Wall Two80,-37.8685396,144.9932349
Ripponlea,cafe,Las Chicas,-37.8688614,144.9933636
Ripponlea,cafe,Batch Espresso,-37.8688069,144.9953459
Ripponlea,cafe,Tiffany's on Tennyson,-37.8805019,144.9913314
Ripponlea,cafe,Monk Bodhi Dharma,-37.868197,144.9909205
Ripponlea,cafe,The St Kilda Dispensary,-37.8686805,144.9870917
Ripponlea,cafe,Yo Chi,-37.8686527,144.9939283
Ripponlea,cafe,Cocorico Cafe,-37.8840983,145.0004741
Ripponlea,cafe,Glovers Station,-37.8782084,145.0078942
Ripponlea,cafe,Follow the Leader,-37.8766792,144.9972322
Ripponlea,cafe,Mister Baker,-37.885001,145.0073088
Ripponlea,cafe,Levanter Cafe,-37.8686765,144.9940191
Ripponlea,cafe,Spot On Ripponlea,-37.8771189,144.9984494
Ripponlea,cafe,Hannah,-37.8676655,144.9903245
Ripponlea,cafe,Johnny's Elwood Bodega,-37.8861784,144.9891506
Ripponlea,cafe,Who is Bunker Spreckels,-37.8859784,144.9883055
Ripponlea,cafe,Combi,-37.8862143,144.9886886
Ripponlea,cafe,Lark,-37.88575,144.9879646
Ripponlea,cafe,Repeat Offender,-37.8874469,144.9913053
Ripponlea,cafe,Spout,-37.8768135,144.9963232
Ripponlea,cafe,Miss Alex & Co,-37.8730744,144.9898227
Ripponlea,cafe,Green Remedy,-37.8837698,144.997896
Ripponlea,cafe,The Studio Beans Coffee Roasters,-37.8641953,144.9819462
Ripponlea,cafe,Jaggers,-37.8695906,144.9805733
Ripponlea,cafe,Euros Bites Creperia,-37.8690432,144.980357
Ripponlea,cafe,Bagelicious,-37.8853201,145.0043781
Ripponlea,cafe,Bissel B.,-37.8845968,145.0023446
Ripponlea,cafe,Unnamed cafe,-37.8849743,144.986564
Ripponlea,gym,Wild Gypsea Wellness,-37.8877632,144.9839562
Ripponlea,gym,CrossFit,-37.8650772,144.9868488
Ripponlea,gym,Absolute MMA St Kilda,-37.8636227,144.9829621
Ripponlea,library,Elsternwick Library,-37.8841323,145.0044769
Ripponlea,library,Unnamed library,-37.8766747,145.0046094
Ripponlea,library,St Kilda Public Library,-37.867817,144.9888815
Elsternwick,supermarket,IGA,-37.8765871,144.9965585
Elsternwick,supermarket,GloHealth,-37.8847136,145.003886
Elsternwick,supermarket,Coles,-37.8849415,145.0068058
Elsternwick,cafe,Unnamed cafe,-37.8788823,145.013273
Elsternwick,cafe,Wild Bean Cafe,-37.9006615,145.0071149
Elsternwick,cafe,Unnamed cafe,-37.8940166,145.0207864
Elsternwick,cafe,Cocorico Cafe,-37.8840983,145.0004741
Elsternwick,cafe,Le petit lapin,-37.8788165,145.0127183
Elsternwick,cafe,Glovers Station,-37.8782084,145.0078942
Elsternwick,cafe,Follow the Leader,-37.8766792,144.9972322
Elsternwick,cafe,Mister Baker,-37.885001,145.0073088
Elsternwick,cafe,Forth Brother,-37.8867129,145.0215325
Elsternwick,cafe,Xposé Cafe,-37.8866662,145.0212247
Elsternwick,cafe,Arboretum,-37.8868649,145.0209505
Elsternwick,cafe,Jam on Glenhunly,-37.8867254,145.0216474
Elsternwick,cafe,Spot On Ripponlea,-37.8771189,144.9984494
Elsternwick,cafe,Coffeefield Café,-37.8825017,145.0167069
Elsternwick,cafe,Superrandom,-37.8959839,144.9948871
Elsternwick,cafe,Bowl Me Over,-37.8960853,144.9948771
Elsternwick,cafe,Spout,-37.8768135,144.9963232
Elsternwick,cafe,Green Remedy,-37.8837698,144.997896
Elsternwick,cafe,Bagelicious,-37.8853201,145.0043781
Elsternwick,cafe,Bissel B.,-37.8845968,145.0023446
Elsternwick,gym,Vision Personal Training,-37.8870104,145.0215441
Elsternwick,gym,Australian Fitness Academy,-37.8861911,145.0188042
Elsternwick,gym,Integrate,-37.8864621,145.0195653
Elsternwick,gym,9Round,-37.8788325,145.0129128
Elsternwick,library,Elsternwick Library,-37.8841323,145.0044769
Elsternwick,library,Unnamed library,-37.8766747,145.0046094
Elsternwick,library,Lamm Jewish Library of Australia,-37.8849688,145.0218193
Gardenvale,supermarket,Coles,-37.9060865,145.0051856
Gardenvale,supermarket,GloHealth,-37.8847136,145.003886
Gardenvale,supermarket,Foodworks,-37.8868099,145.0222932
Gardenvale,supermarket,Coles,-37.8849415,145.0068058
Gardenvale,supermarket,Dockendorf Grocer,-37.9043418,144.9982759
Gardenvale,cafe,Two Many Chefs,-37.905337,145.0023136
Gardenvale,cafe,Wild Bean Cafe,-37.9006615,145.0071149
Gardenvale,cafe,Unnamed cafe,-37.8940166,145.0207864
Gardenvale,cafe,Cocorico Cafe,-37.8840983,145.0004741
Gardenvale,cafe,Mister Baker,-37.885001,145.0073088
Gardenvale,cafe,Forth Brother,-37.8867129,145.0215325
Gardenvale,cafe,Vern’s,-37.8870552,145.0223373
Gardenvale,cafe,Xposé Cafe,-37.8866662,145.0212247
Gardenvale,cafe,Arboretum,-37.8868649,145.0209505
Gardenvale,cafe,Jam on Glenhunly,-37.8867254,145.0216474
Gardenvale,cafe,Dumpling Parlour,-37.9057808,145.0061773
Gardenvale,cafe,Ro,-37.905749,145.0055873
Gardenvale,cafe,rocksalt,-37.9058439,145.0040434
Gardenvale,cafe,Zeppelin,-37.9058567,145.0041512
Gardenvale,cafe,Little Sister,-37.9058312,145.0039154
Gardenvale,cafe,Back 2 Nature,-37.905704,145.0052138
Gardenvale,cafe,Hecho En Mexico,-37.9053252,145.0021802
Gardenvale,cafe,Le Cinque Terre,-37.9052955,145.0019979
Gardenvale,cafe,Pearl on Bay,-37.9056067,145.0021212
Gardenvale,cafe,Bay Street Grill and Paste,-37.9055982,145.0020488
Gardenvale,cafe,Superrandom,-37.8959839,144.9948871
Gardenvale,cafe,Bowl Me Over,-37.8960853,144.9948771
Gardenvale,cafe,Green Remedy,-37.8837698,144.997896
Gardenvale,cafe,No Stress Cafe,-37.886739,145.0221597
Gardenvale,cafe,Lottie Expresso,-37.9020847,145.0188893
Gardenvale,cafe,Bagelicious,-37.8853201,145.0043781
Gardenvale,cafe,Bissel B.,-37.8845968,145.0023446
Gardenvale,gym,Vision Personal Training,-37.8870104,145.0215441
Gardenvale,gym,Australian Fitness Academy,-37.8861911,145.0188042
Gardenvale,gym,Integrate,-37.8864621,145.0195653
Gardenvale,gym,Ideal Personal Fitness,-37.9056219,145.0046175
Gardenvale,library,Elsternwick Library,-37.8841323,145.0044769
Gardenvale,library,Brighton Library,-37.9107305,144.9978032
Gardenvale,library,Lamm Jewish Library of Australia,-37.8849688,145.0218193
St Kilda East,supermarket,Coles,-37.8679128,144.9919849
St Kilda East,supermarket,Woolworths,-37.868243,144.991277
St Kilda East,supermarket,IGA,-37.8765871,144.9965585
St Kilda East,supermarket,Elwood Supermarket,-37.8808894,144.9915674
St Kilda East,supermarket,Aldi,-37.8650285,144.9877554
St Kilda East,supermarket,Woolworths Metro,-37.8630952,145.0101814
St Kilda East,supermarket,IGA,-37.8545367,145.011674
St Kilda East,cafe,Presse Cafe,-37.8733544,144.9899586
St Kilda East,cafe,Babble on Babylon,-37.8729891,144.9897735
St Kilda East,cafe,Wall Two80,-37.8685396,144.9932349
St Kilda East,cafe,Las Chicas,-37.8688614,144.9933636
St Kilda East,cafe,Batch Espresso,-37.8688069,144.9953459
St Kilda East,cafe,Unnamed cafe,-37.8788823,145.013273
St Kilda East,cafe,Tiffany's on Tennyson,-37.8805019,144.9913314
St Kilda East,cafe,Monk Bodhi Dharma,-37.868197,144.9909205
St Kilda East,cafe,One Thirty Two,-37.8535761,144.9931812
St Kilda East,cafe,Fourth Chapter,-37.8527761,145.0013906
St Kilda East,cafe,Yo Chi,-37.8686527,144.9939283
St Kilda East,cafe,Le petit lapin,-37.8788165,145.0127183
St Kilda East,cafe,Glovers Station,-37.8782084,145.0078942
St Kilda East,cafe,Follow the Leader,-37.8766792,144.9972322
St Kilda East,cafe,Frank & Ginger Cafe,-37.8640163,145.0104403
St Kilda East,cafe,Levanter Cafe,-37.8686765,144.9940191
St Kilda East,cafe,Spot On Ripponlea,-37.8771189,144.9984494
St Kilda East,cafe,Hannah,-37.8676655,144.9903245
St Kilda East,cafe,Spout,-37.8768135,144.9963232
St Kilda East,cafe,OPPEN,-37.8557335,144.9920889
St Kilda East,cafe,Miss Alex & Co,-37.8730744,144.9898227
St Kilda East,cafe,Timeless,-37.8568338,144.9877469
St Kilda East,cafe,Journeyman,-37.8522761,144.9932093
St Kilda East,cafe,Nguyen's Hot Bread,-37.8536807,144.9931608
St Kilda East,cafe,Common Room Co,-37.8640232,145.01109
St Kilda East,cafe,Costeñisima,-37.8595766,145.0010936
St Kilda East,cafe,Ink & Co,-37.854539,145.0121904
St Kilda East,cafe,Streettalk,-37.8545239,145.0118216
St Kilda East,gym,Fitness First,-37.8621533,144.9935728
St Kilda East,gym,9Round,-37.8788325,145.0129128
St Kilda East,gym,Snap Fitness,-37.8546207,145.0123369
St Kilda East,library,Unnamed library,-37.8766747,145.0046094
St Kilda East,library,St Kilda Public Library,-37.867817,144.9888815
Balaclava,supermarket,Coles,-37.8685845,144.9806027
Balaclava,supermarket,Coles,-37.8679128,144.9919849
Balaclava,supermarket,Woolworths,-37.868243,144.991277
Balaclava,supermarket,IGA,-37.8765871,144.9965585
Balaclava,supermarket,Elwood Supermarket,-37.8808894,144.9915674
Balaclava,supermarket,Aldi,-37.8650285,144.9877554
Balaclava,supermarket,GloHealth,-37.8847136,145.003886
Balaclava,supermarket,Coles,-37.8849415,145.0068058
Balaclava,cafe,Unnamed cafe,-37.8821158,144.9828431
Balaclava,cafe,Turtle Café,-37.8823497,144.982876
Balaclava,cafe,Dr Jekyll,-37.8640141,144.9813215
Balaclava,cafe,Inkr7,-37.8642491,144.982124
Balaclava,cafe,Irwell's,-37.8672064,144.9805382
Balaclava,cafe,Presse Cafe,-37.8733544,144.9899586
Balaclava,cafe,Babble on Babylon,-37.8729891,144.9897735
Balaclava,cafe,Wall Two80,-37.8685396,144.9932349
Balaclava,cafe,Las Chicas,-37.8688614,144.9933636
Balaclava,cafe,Batch Espresso,-37.8688069,144.9953459
Balaclava,cafe,Tiffany's on Tennyson,-37.8805019,144.9913314
Balaclava,cafe,Monk Bodhi Dharma,-37.868197,144.9909205
Balaclava,cafe,The St Kilda Dispensary,-37.8686805,144.9870917
Balaclava,cafe,Yo Chi,-37.8686527,144.9939283
Balaclava,cafe,Cocorico Cafe,-37.8840983,145.0004741
Balaclava,cafe,Glovers Station,-37.8782084,145.0078942
Balaclava,cafe,Follow the Leader,-37.8766792,144.9972322
Balaclava,cafe,Mister Baker,-37.885001,145.0073088
Balaclava,cafe,Levanter Cafe,-37.8686765,144.9940191
Balaclava,cafe,Spot On Ripponlea,-37.8771189,144.9984494
Balaclava,cafe,Hannah,-37.8676655,144.9903245
Balaclava,cafe,Dear Liza,-37.860591,144.9837674
Balaclava,cafe,Spout,-37.8768135,144.9963232
Balaclava,cafe,OPPEN,-37.8557335,144.9920889
Balaclava,cafe,Miss Alex & Co,-37.8730744,144.9898227
Balaclava,cafe,Green Remedy,-37.8837698,144.997896
Balaclava,cafe,The Studio Beans Coffee Roasters,-37.8641953,144.9819462
Balaclava,cafe,Jaggers,-37.8695906,144.9805733
Balaclava,cafe,Euros Bites Creperia,-37.8690432,144.980357
Balaclava,cafe,Timeless,-37.8568338,144.9877469
Balaclava,cafe,Bissel B.,-37.8845968,145.0023446
Balaclava,cafe,Costeñisima,-37.8595766,145.0010936
Balaclava,cafe,Unnamed cafe,-37.8849743,144.986564
Balaclava,gym,Fitness First,-37.8621533,144.9935728
Balaclava,gym,CrossFit,-37.8650772,144.9868488
Balaclava,gym,Absolute MMA St Kilda,-37.8636227,144.9829621
Balaclava,library,Elsternwick Library,-37.8841323,145.0044769
Balaclava,library,Unnamed library,-37.8766747,145.0046094
Balaclava,library,St Kilda Public Library,-37.867817,144.9888815
Windsor,supermarket,Woolworths,-37.8481054,145.0052368
Windsor,supermarket,Woolworths Metro,-37.8591642,144.9777767
Windsor,supermarket,Woolworths,-37.8685209,144.978811
Windsor,supermarket,Coles,-37.8685845,144.9806027
Windsor,supermarket,Coles,-37.8679128,144.9919849
Windsor,supermarket,Woolworths,-37.868243,144.991277
Windsor,supermarket,Aldi,-37.8650285,144.9877554
Windsor,supermarket,Woolworths,-37.8474492,144.9927111
Windsor,supermarket,Coles,-37.8479109,144.9935468
Windsor,supermarket,Aldi,-37.8458636,144.9935728
Windsor,supermarket,The Source Bulk Foods,-37.8466976,144.991997
Windsor,supermarket,Lee's Asian Grocery,-37.8459557,144.99234
Windsor,supermarket,Paddlewheel,-37.8459263,144.99261
Windsor,supermarket,Fuji Mart,-37.8458546,144.9936826
Windsor,cafe,Banff Café,-37.8593259,144.9784517
Windsor,cafe,Grocery Bar,-37.8594148,144.9782639
Windsor,cafe,Dr Jekyll,-37.8640141,144.9813215
Windsor,cafe,Inkr7,-37.8642491,144.982124
Windsor,cafe,Galleon Café,-37.8670228,144.9790401
Windsor,cafe,Irwell's,-37.8672064,144.9805382
Windsor,cafe,Wall Two80,-37.8685396,144.9932349
Windsor,cafe,Las Chicas,-37.8688614,144.9933636
Windsor,cafe,Batch Espresso,-37.8688069,144.9953459
Windsor,cafe,Le Bon Cake Shop,-37.8679928,144.9790295
Windsor,cafe,Monk Bodhi Dharma,-37.868197,144.9909205
Windsor,cafe,Chapelli's,-37.840504,144.995212
Windsor,cafe,Fat Beans,-37.842751,144.995791
Windsor,cafe,Cafe Alfretti,-37.8461087,144.9843756
Windsor,cafe,Mister Zen,-37.8456372,144.9858866
Windsor,cafe,All Good,-37.8520028,144.9806355
Windsor,cafe,Galleria,-37.8480195,144.9791251
Windsor,cafe,Romano's,-37.8428049,144.995471
Windsor,cafe,Wee Bird,-37.8439628,144.9778926
Windsor,cafe,The St Kilda Dispensary,-37.8686805,144.9870917
Windsor,cafe,One Thirty Two,-37.8535761,144.9931812
Windsor,cafe,Fourth Chapter,-37.8527761,145.0013906
Windsor,cafe,Cafe Safi,-37.8433452,144.9776768
Windsor,cafe,Monarch Cakes,-37.8681561,144.9792122
Windsor,cafe,Yo Chi,-37.8686527,144.9939283
Windsor,cafe,Levanter Cafe,-37.8686765,144.9940191
Windsor,cafe,Europa Cake Shop,-37.8678516,144.9788965
Windsor,cafe,Hannah,-37.8676655,144.9903245
Windsor,cafe,Maker & Monger,-37.8460216,144.992745
Windsor,cafe,Market Lane Coffee,-37.8458338,144.9929721
Windsor,cafe,Dear Liza,-37.860591,144.9837674
Windsor,cafe,Unnamed cafe,-37.8468866,144.9789382
Windsor,cafe,Beluga,-37.8451369,144.9795493
Windsor,cafe,La Calline,-37.8451846,144.9799686
Windsor,cafe,Woods,-37.8462292,144.9786964
Windsor,cafe,Espresso Riviera,-37.8471474,144.9789686
Windsor,cafe,OPPEN,-37.8557335,144.9920889
Windsor,cafe,The Studio Beans Coffee Roasters,-37.8641953,144.9819462
Windsor,cafe,95 Espresso Bar,-37.8680415,144.9790903
Windsor,cafe,Recovery Cafe,-37.8477397,144.9944188
Windsor,cafe,Euros Bites Creperia,-37.8690432,144.980357
Windsor,cafe,Timeless,-37.8568338,144.9877469
Windsor,cafe,Journeyman,-37.8522761,144.9932093
Windsor,cafe,CoCo Fresh Tea & Juice,-37.8599962,144.9779107
Windsor,cafe,Prophecy Espresso,-37.8599507,144.9778653
Windsor,cafe,Rustica,-37.8425515,144.9948355
Windsor,cafe,Nguyen's Hot Bread,-37.8536807,144.9931608
Windsor,cafe,Yummy Puff,-37.8467203,144.9943148
Windsor,cafe,Boy,-37.8447421,144.994399
Windsor,cafe,Kāya Espresso,-37.8471169,144.9939591
Windsor,cafe,Pizza & Grill Cafe,-37.8455951,144.9945199
Windsor,cafe,Leaf Lane,-37.8451628,145.0021858
Windsor,cafe,Costeñisima,-37.8595766,145.0010936
Windsor,cafe,BENCH COFFEE CO. St Kilda Rd,-37.8489056,144.9793697
Windsor,cafe,Oscar Cooper,-37.8495044,144.992054
Windsor,cafe,Tusk High Bar,-37.8508607,144.9930486
Windsor,cafe,Husband Cafe,-37.8473438,144.9992431
Windsor,cafe,Pardon Coffee,-37.8491146,144.9918769
Windsor,cafe,Chez Mademoiselle,-37.8490216,144.9909162
Windsor,cafe,St Edmonds,-37.8496315,144.991785
Windsor,gym,Fitness First,-37.8621533,144.9935728
Windsor,gym,CrossFit,-37.8650772,144.9868488
Windsor,gym,Absolute MMA St Kilda,-37.8636227,144.9829621
Windsor,gym,Anytime Fitness,-37.8586527,144.9796408
Windsor,gym,Edge Training,-37.8506135,144.9951001
Windsor,gym,Chapel Street Physique,-37.846624,144.9940355
Windsor,gym,Kāya Health Clubs,-37.8470764,144.9939645
Windsor,gym,Vision Personal Training,-37.8479027,144.9941178
Windsor,gym,Revl Training,-37.848895,144.99398
Windsor,gym,Core Plus,-37.8488132,144.994005
Windsor,gym,South Yarra Judo Academy,-37.8446661,144.9997852
Windsor,library,Toorak/South Yarra Library,-37.8402252,144.9994218
Windsor,library,Prahran Library,-37.8496416,144.9931092
Windsor,library,St Kilda Public Library,-37.867817,144.9888815
Windsor,library,Prahran Square Library,-37.8477282,144.9927141
Windsor,library,Braille and Talking Book Library,-37.8457543,144.9874866
Prahran,supermarket,Woolworths,-37.8481054,145.0052368
Prahran,supermarket,Aldi,-37.8650285,144.9877554
Prahran,supermarket,Woolworths,-37.8474492,144.9927111
Prahran,supermarket,Coles,-37.8479109,144.9935468
Prahran,supermarket,Woolworths,-37.8371902,144.9969896
Prahran,supermarket,Aldi,-37.8458636,144.9935728
Prahran,supermarket,Woolworths,-37.8405629,145.0081654
Prahran,supermarket,Woolworths Metro,-37.8630952,145.0101814
Prahran,supermarket,The Source Bulk Foods,-37.8466976,144.991997
Prahran,supermarket,Lee's Asian Grocery,-37.8459557,144.99234
Prahran,supermarket,Paddlewheel,-37.8459263,144.99261
Prahran,supermarket,Fuji Mart,-37.8458546,144.9936826
Prahran,supermarket,Gum Tree Good Food,-37.8388985,144.9902376
Prahran,supermarket,Claremont Supermarket,-37.8383107,144.9935719
Prahran,supermarket,IGA,-37.8545367,145.011674
Prahran,cafe,Outpost,-37.837392,144.993008
Prahran,cafe,Café Luca,-37.838791,144.989225
Prahran,cafe,Chapelli's,-37.840504,144.995212
Prahran,cafe,Fat Beans,-37.842751,144.995791
Prahran,cafe,Aroma Cafe,-37.8384862,144.9899771
Prahran,cafe,Mister Zen,-37.8456372,144.9858866
Prahran,cafe,Romano's,-37.8428049,144.995471
Prahran,cafe,One Thirty Two,-37.8535761,144.9931812
Prahran,cafe,Fourth Chapter,-37.8527761,145.0013906
Prahran,cafe,Cafe Gaia,-37.8382426,144.9892938
Prahran,cafe,Republic,-37.8390844,144.9915223
Prahran,cafe,Coffee Geek Brewers,-37.8389948,144.9906419
Prahran,cafe,Two Birds One Stone,-37.8380714,144.9939255
Prahran,cafe,Healthy Vibe Gourmet Dumplings,-37.8388216,144.9937056
Prahran,cafe,Cinque 5,-37.8391499,144.9938105
Prahran,cafe,Dineamic Food Store,-37.8391554,144.9938655
Prahran,cafe,Darling Cafe,-37.8385322,144.9914918
Prahran,cafe,Frank & Ginger Cafe,-37.8640163,145.0104403
Prahran,cafe,The Stables of Como Cafe,-37.8380151,145.0031876
Prahran,cafe,Dilly Daly,-37.8378754,144.9947871
Prahran,cafe,Maker & Monger,-37.8460216,144.992745
Prahran,cafe,Market Lane Coffee,-37.8458338,144.9929721
Prahran,cafe,Laurent,-37.8394747,144.9963818
Prahran,cafe,OPPEN,-37.8557335,144.9920889
Prahran,cafe,Recovery Cafe,-37.8477397,144.9944188
Prahran,cafe,Timeless,-37.8568338,144.9877469
Prahran,cafe,Journeyman,-37.8522761,144.9932093
Prahran,cafe,Otello,-37.8383922,144.9900029
Prahran,cafe,Tom Dick and Harry,-37.8395211,144.9950977
Prahran,cafe,Rustica,-37.8425515,144.9948355
Prahran,cafe,Nguyen's Hot Bread,-37.8536807,144.9931608
Prahran,cafe,Yuca Melbourne,-37.8409355,145.0106326
Prahran,cafe,Yummy Puff,-37.8467203,144.9943148
Prahran,cafe,Boy,-37.8447421,144.994399
Prahran,cafe,Kāya Espresso,-37.8471169,144.9939591
Prahran,cafe,Pizza & Grill Cafe,-37.8455951,144.9945199
Prahran,cafe,Tivoli Express,-37.8393375,144.9980742
Prahran,cafe,Leaf Lane,-37.8451628,145.0021858
Prahran,cafe,Common Room Co,-37.8640232,145.01109
Prahran,cafe,Splash Cafe & Juice Bar,-37.8392649,144.9965715
Prahran,cafe,Costeñisima,-37.8595766,145.0010936
Prahran,cafe,Oscar Cooper,-37.8495044,144.992054
Prahran,cafe,Tusk High Bar,-37.8508607,144.9930486
Prahran,cafe,Husband Cafe,-37.8473438,144.9992431
Prahran,cafe,Ink & Co,-37.854539,145.0121904
Prahran,cafe,Streettalk,-37.8545239,145.0118216
Prahran,cafe,Pardon Coffee,-37.8491146,144.9918769
Prahran,cafe,Chez Mademoiselle,-37.8490216,144.9909162
Prahran,cafe,St Edmonds,-37.8496315,144.991785
Prahran,gym,Fitness First,-37.8621533,144.9935728
Prahran,gym,CrossFit,-37.8650772,144.9868488
Prahran,gym,Snap Fitness,-37.8378982,144.9936807
Prahran,gym,Edge Training,-37.8506135,144.9951001
Prahran,gym,Chapel Street Physique,-37.846624,144.9940355
Prahran,gym,Kāya Health Clubs,-37.8470764,144.9939645
Prahran,gym,Vision Personal Training,-37.8479027,144.9941178
Prahran,gym,Revl Training,-37.848895,144.99398
Prahran,gym,Core Plus,-37.8488132,144.994005
Prahran,gym,South Yarra Judo Academy,-37.8446661,144.9997852
Prahran,gym,Snap Fitness,-37.8546207,145.0123369
Prahran,library,Toorak/South Yarra Library,-37.8402252,144.9994218
Prahran,library,Prahran Library,-37.8496416,144.9931092
Prahran,library,Prahran Square Library,-37.8477282,144.9927141
Prahran,library,Braille and Talking Book Library,-37.8457543,144.9874866
Caulfield North,supermarket,Woolworths,-37.8628805,145.0271098
Caulfield North,supermarket,Shahi India,-37.8646311,145.0281237
Caulfield North,supermarket,Woolworths Metro,-37.8630952,145.0101814
Caulfield North,supermarket,Coles,-37.8849415,145.0068058
Caulfield North,supermarket,Coles,-37.8604328,145.0291228
Caulfield North,supermarket,IGA,-37.8732679,145.0250024
Caulfield North,cafe,Unnamed cafe,-37.8788823,145.013273
Caulfield North,cafe,Woodstock,-37.8562409,145.0255752
Caulfield North,cafe,Fancy Pantry,-37.856186,145.019862
Caulfield North,cafe,Coin Laundry Cafe,-37.8566673,145.018764
Caulfield North,cafe,Le petit lapin,-37.8788165,145.0127183
Caulfield North,cafe,Glovers Station,-37.8782084,145.0078942
Caulfield North,cafe,prickly pear coffee (free wifi),-37.8630645,145.0281356
Caulfield North,cafe,Frank & Ginger Cafe,-37.8640163,145.0104403
Caulfield North,cafe,Mister Baker,-37.885001,145.0073088
Caulfield North,cafe,Coffeefield Café,-37.8825017,145.0167069
Caulfield North,cafe,Einstein 251,-37.8790952,145.0235308
Caulfield North,cafe,Parkside Pantry,-37.8727467,145.0245188
Caulfield North,cafe,Stomach Club,-37.8796823,145.0235597
Caulfield North,cafe,"Nine Yards, Armadale",-37.8562555,145.0278106
Caulfield North,cafe,Common Room Co,-37.8640232,145.01109
Caulfield North,cafe,The Green Goose,-37.8647833,145.0284087
Caulfield North,gym,Healing Delight,-37.8598719,145.0290633
Caulfield North,gym,9Round,-37.8788325,145.0129128
Caulfield North,library,Caulfield Library,-37.8806176,145.0227434
Caulfield North,library,Malvern Library,-37.8566697,145.0319883
Caulfield North,library,Lamm Jewish Library of Australia,-37.8849688,145.0218193
Caulfield East,supermarket,India at home,-37.889776,145.0442041
Caulfield East,supermarket,Coles,-37.8760273,145.0376175
Caulfield East,supermarket,Woolworths,-37.8889215,145.0410268
Caulfield East,supermarket,Woolworths,-37.8876801,145.0564116
Caulfield East,cafe,MamaDuke,-37.8764495,145.0446884
Caulfield East,cafe,Cafe Monsu,-37.8770928,145.0435258
Caulfield East,cafe,St. Zita’s,-37.8893812,145.0428478
Caulfield East,cafe,Momo Ghar,-37.8896383,145.0429578
Caulfield East,cafe,Whyte Cafe,-37.8893911,145.0409564
Caulfield East,cafe,Quality Cafe,-37.8893673,145.0407525
Caulfield East,cafe,Meet at 903,-37.8875305,145.0273606
Caulfield East,cafe,Spilt Milk,-37.8889789,145.0567426
Caulfield East,cafe,Flipside,-37.8769449,145.0450631
Caulfield East,cafe,Boost Juice,-37.877569,145.0444184
Caulfield East,cafe,Standing Room,-37.8776128,145.0459708
Caulfield East,cafe,Flipboard,-37.8773884,145.0443672
Caulfield East,cafe,Unnamed cafe,-37.875825,145.0390391
Caulfield East,cafe,Machi machi,-37.8765231,145.0420538
Caulfield East,cafe,Cora Expresso,-37.8759023,145.0374552
Caulfield East,cafe,The Servery,-37.8900908,145.0426445
Caulfield East,cafe,Rich Tea & Dessert,-37.8862135,145.0565676
Caulfield East,cafe,Remnscnt Cafe,-37.8898198,145.0442613
Caulfield East,cafe,Workshop Glenhuntly,-37.8894803,145.0417852
Caulfield East,cafe,Terminus Ln,-37.8772321,145.0571085
Caulfield East,cafe,Restore Cafe Bar,-37.8760674,145.0422014
Caulfield East,gym,Zap Fitness,-37.8838144,145.0545561
Caulfield East,gym,Anytime Fitness,-37.8896055,145.04495
Caulfield East,gym,Caulfield Judo Club,-37.8892258,145.0418062
Caulfield South,supermarket,Foodworks,-37.8868099,145.0222932
Caulfield South,cafe,Largo Cafe,-37.9078766,145.0247858
Caulfield South,cafe,Unnamed cafe,-37.8940166,145.0207864
Caulfield South,cafe,Meet at 903,-37.8875305,145.0273606
Caulfield South,cafe,Forth Brother,-37.8867129,145.0215325
Caulfield South,cafe,Vern’s,-37.8870552,145.0223373
Caulfield South,cafe,Xposé Cafe,-37.8866662,145.0212247
Caulfield South,cafe,Arboretum,-37.8868649,145.0209505
Caulfield South,cafe,Jam on Glenhunly,-37.8867254,145.0216474
Caulfield South,cafe,Coffeefield Café,-37.8825017,145.0167069
Caulfield South,cafe,Mr Brightside,-37.8965855,145.0360134
Caulfield South,cafe,No Stress Cafe,-37.886739,145.0221597
Caulfield South,cafe,Lottie Expresso,-37.9020847,145.0188893
Caulfield South,gym,Vision Personal Training,-37.8870104,145.0215441
Caulfield South,gym,Australian Fitness Academy,-37.8861911,145.0188042
Caulfield South,gym,Integrate,-37.8864621,145.0195653
Caulfield South,gym,EKK 24/7 Gym,-37.9040797,145.0392589
Caulfield South,gym,EKK Pilates,-37.904125,145.0390545
Caulfield South,library,Caulfield Library,-37.8806176,145.0227434
Caulfield South,library,Lamm Jewish Library of Australia,-37.8849688,145.0218193
Glen Huntly,supermarket,IGA,-37.9036986,145.0407706
Glen Huntly,supermarket,India at home,-37.889776,145.0442041
Glen Huntly,supermarket,Pura Milk,-37.901546,145.054541
Glen Huntly,supermarket,Woolworths,-37.8889215,145.0410268
Glen Huntly,supermarket,Woolworths,-37.8876801,145.0564116
Glen Huntly,cafe,Platform One,-37.90383,145.040483
Glen Huntly,cafe,Gauge Espresso,-37.9035503,145.0399814
Glen Huntly,cafe,St. Zita’s,-37.8893812,145.0428478
Glen Huntly,cafe,Momo Ghar,-37.8896383,145.0429578
Glen Huntly,cafe,Left Field,-37.9016316,145.0548836
Glen Huntly,cafe,Whyte Cafe,-37.8893911,145.0409564
Glen Huntly,cafe,Quality Cafe,-37.8893673,145.0407525
Glen Huntly,cafe,Meet at 903,-37.8875305,145.0273606
Glen Huntly,cafe,Boost Juice,-37.877569,145.0444184
Glen Huntly,cafe,Standing Room,-37.8776128,145.0459708
Glen Huntly,cafe,Flipboard,-37.8773884,145.0443672
Glen Huntly,cafe,Mr Brightside,-37.8965855,145.0360134
Glen Huntly,cafe,The Servery,-37.8900908,145.0426445
Glen Huntly,cafe,Remnscnt Cafe,-37.8898198,145.0442613
Glen Huntly,cafe,Workshop Glenhuntly,-37.8894803,145.0417852
Glen Huntly,gym,Zap Fitness,-37.8838144,145.0545561
Glen Huntly,gym,Anytime Fitness,-37.8896055,145.04495
Glen Huntly,gym,Caulfield Judo Club,-37.8892258,145.0418062
Glen Huntly,gym,EKK 24/7 Gym,-37.9040797,145.0392589
Glen Huntly,gym,EKK Pilates,-37.904125,145.0390545
Berwick,supermarket,Woolworths,-38.0295132,145.3468395
Berwick,supermarket,Coles,-38.0321022,145.3450266
Berwick,cafe,Aroma Hut Cafe,-38.0314145,145.3451401
Berwick,cafe,Gloria Jean's,-38.0310934,145.3472939
Berwick,cafe,Unnamed cafe,-38.0428756,145.3436976
Berwick,cafe,"Student Lounge, Bar & Bistro",-38.0401561,145.3397965
Berwick,cafe,Coffee/Asian food,-38.0403357,145.3406365
Berwick,cafe,Little by Little Cafe,-38.03615,145.3430632
Berwick,cafe,La Baguette,-38.0317595,145.345469
Berwick,cafe,Flour & Fern,-38.0302476,145.3458525
Berwick,cafe,Primary @ Pioneers Park,-38.0287204,145.3476515
Berwick,cafe,"Gather: Food, coffee & Co",-38.0267736,145.3381549
Berwick,cafe,Unnamed cafe,-38.0451963,145.3467659
Berwick,gym,Genesis Fitness - Berwick,-38.0326114,145.3429398
Berwick,gym,Personal Performance Training Centre,-38.0370508,145.3369204
Berwick,gym,Snap Fitness,-38.0305877,145.3481842
Berwick,library,Federation University Library,-38.0406863,145.3404669
Berwick,library,Berwick Library,-38.0308223,145.3453188
North Melbourne,supermarket,North Melbourne IGA X-press,-37.798856,144.953525
North Melbourne,supermarket,Foodworks,-37.80314,144.9490587
North Melbourne,supermarket,Xin Fang Supermarket,-37.808246,144.955088
North Melbourne,supermarket,Foodworks,-37.7844714,144.9381234
North Melbourne,supermarket,IGA,-37.7951171,144.9415256
North Melbourne,supermarket,IGA,-37.784938,144.9385839
North Melbourne,supermarket,Woolworths,-37.7963605,144.940678
North Melbourne,supermarket,Woolworths,-37.8120887,144.9391271
North Melbourne,supermarket,East West Marketplace,-37.8126918,144.9394884
North Melbourne,supermarket,Tiem Tap Hoa Asian Grocer,-37.7948464,144.9415679
North Melbourne,supermarket,Woolworths Metro,-37.8100673,144.9587799
North Melbourne,supermarket,Woolworths Metro,-37.8072174,144.943022
North Melbourne,supermarket,Woolworths Metro,-37.8032025,144.9573621
North Melbourne,supermarket,Royal Supermarket,-37.7945593,144.9498377
North Melbourne,supermarket,KT Mart,-37.8042993,144.9590757
North Melbourne,supermarket,ALDI,-37.8078975,144.9486199
North Melbourne,supermarket,North Melbourne Supa IGA + Liquor,-37.8045841,144.9497888
North Melbourne,supermarket,KFL Supermarkets,-37.7885187,144.9302751
North Melbourne,supermarket,Foodworks,-37.7879973,144.9304459
North Melbourne,supermarket,Cheaper Buy Miles,-37.7885031,144.9301449
North Melbourne,cafe,Books n Bites Cafe,-37.8017523,144.9583162
North Melbourne,cafe,Cafe Commercio,-37.8014283,144.9587685
North Melbourne,cafe,Seven Seeds,-37.8028349,144.9590354
North Melbourne,cafe,Amicus Espresso,-37.8022481,144.9601666
North Melbourne,cafe,Reynolds Street Sandwich Bar,-37.7970342,144.9372333
North Melbourne,cafe,Petty Sessions Cafe,-37.8131093,144.9567905
North Melbourne,cafe,La Stradda Cafe,-37.8115213,144.9565801
North Melbourne,cafe,Xtraction,-37.812214,144.956019
North Melbourne,cafe,Kaèfei,-37.8127335,144.9565904
North Melbourne,cafe,Unnamed cafe,-37.8118469,144.9594788
North Melbourne,cafe,Blaq,-37.8112731,144.9587623
North Melbourne,cafe,Pie Face,-37.8127917,144.9599049
North Melbourne,cafe,The Cheesecake Shop,-37.8135447,144.959816
North Melbourne,cafe,Speck,-37.8133966,144.9597518
North Melbourne,cafe,Nourish Salads,-37.8134535,144.9597726
North Melbourne,cafe,Fresh Sushi,-37.8134975,144.9597934
North Melbourne,cafe,Legals,-37.8131375,144.9587418
North Melbourne,cafe,Segafredo,-37.8132425,144.96013
North Melbourne,cafe,Martinis,-37.8132231,144.958445
North Melbourne,cafe,Octane Espresso Bar,-37.8132592,144.9582051
North Melbourne,cafe,Sandrock,-37.793935,144.948979
North Melbourne,cafe,Aruba Espresso,-37.794022,144.949497
North Melbourne,cafe,Muleta's Cafe,-37.8086072,144.9580796
North Melbourne,cafe,Market Espresso & Trolley Hire,-37.807955,144.957654
North Melbourne,cafe,Café Perri,-37.8041863,144.9581121
North Melbourne,cafe,Zinc,-37.793089,144.948876
North Melbourne,cafe,Supersede,-37.8067341,144.9594107
North Melbourne,cafe,Ho Ho's Canteen,-37.7974144,144.9584924
North Melbourne,cafe,Side Pocket Cafe,-37.8131735,144.9557748
North Melbourne,cafe,Cafenatics,-37.8113734,144.9572301
North Melbourne,cafe,Operator 25,-37.8107145,144.9571233
North Melbourne,cafe,Brother Thomas,-37.811331,144.956443
North Melbourne,cafe,Cafe Bourgeois,-37.8132871,144.9410614
North Melbourne,cafe,Hot Poppy Cafe,-37.8047581,144.9490968
North Melbourne,cafe,Cafe Piccolina,-37.795398,144.955647
North Melbourne,cafe,Twenty & Six,-37.8026618,144.9475391
North Melbourne,cafe,JT's VICE Coffee Bar,-37.8059679,144.9484673
North Melbourne,cafe,Di Bella Coffee,-37.8101565,144.9571385
North Melbourne,cafe,Joe's Eatery,-37.7996061,144.9544576
North Melbourne,cafe,Avist Cafe,-37.7983103,144.9528089
North Melbourne,cafe,Professors Walk Cafe,-37.7981416,144.9595503
North Melbourne,cafe,Moon Mart,-37.805952,144.9422906
North Melbourne,cafe,The Coffee Club,-37.8122596,144.9379903
North Melbourne,cafe,Faces & Places,-37.8049354,144.9494489
North Melbourne,cafe,Auction Rooms,-37.8024964,144.9495169
North Melbourne,cafe,Unnamed cafe,-37.7844386,144.9515139
North Melbourne,cafe,Code Black Coffee,-37.8042375,144.9536691
North Melbourne,cafe,Common Ground,-37.8058124,144.9539573
North Melbourne,cafe,Axil Coffee Roasters,-37.7961211,144.9585747
North Melbourne,cafe,Unnamed cafe,-37.8021662,144.9500184
North Melbourne,cafe,Brick Lane,-37.8114882,144.9598089
North Melbourne,cafe,Boost,-37.7943549,144.9499153
North Melbourne,cafe,Market Lane Coffee,-37.8062752,144.9579591
North Melbourne,cafe,Double Dutch Bakery,-37.7919104,144.9356257
North Melbourne,cafe,Cafe Victoria,-37.8068124,144.9594638
North Melbourne,cafe,Co Lab,-37.7901792,144.9356562
North Melbourne,cafe,Thyme²,-37.7935333,144.9468045
North Melbourne,cafe,Sargon,-37.7997161,144.9557748
North Melbourne,cafe,Sgt. Nelson,-37.7884492,144.9307035
North Melbourne,cafe,Fandango,-37.8026202,144.9494987
North Melbourne,cafe,Airflow Coffee Co,-37.8098639,144.956785
North Melbourne,cafe,Kensington Canteen,-37.7997462,144.9320168
North Melbourne,cafe,Daboba,-37.8086427,144.9596031
North Melbourne,cafe,The Perch Cafe,-37.8123945,144.9549224
North Melbourne,cafe,Market Lane Coffee,-37.8066911,144.9590838
North Melbourne,cafe,Daybreak Cafe,-37.8129813,144.9392926
North Melbourne,cafe,Borghetti,-37.7949808,144.9336384
North Melbourne,cafe,Temple Arden,-37.8006745,144.9456092
North Melbourne,cafe,Lakeside Cafe,-37.7837033,144.9532439
North Melbourne,cafe,Fuumi Fuumi,-37.808816,144.9506766
North Melbourne,cafe,St Cooper Cafe,-37.8008415,144.9553927
North Melbourne,cafe,Le Bajo Milkbar,-37.8050387,144.9540536
North Melbourne,cafe,The League Of Honest Coffee,-37.807659,144.9559533
North Melbourne,cafe,Romape Cibo Da Strada,-37.8076606,144.9568049
North Melbourne,cafe,Original Chai Co,-37.8062626,144.95786
North Melbourne,cafe,Sam Spade,-37.8109952,144.959629
North Melbourne,cafe,Bellboy,-37.806457,144.9585856
North Melbourne,cafe,St Ali And The Queen,-37.8076392,144.9585625
North Melbourne,cafe,Queen Vic Juice,-37.8069945,144.9592155
North Melbourne,cafe,Gilli,-37.8073279,144.9587362
North Melbourne,cafe,Romeo's,-37.8072702,144.9573678
North Melbourne,cafe,Market Espresso,-37.8075546,144.9578912
North Melbourne,cafe,Operator San,-37.8075758,144.9587119
North Melbourne,cafe,Gilbert,-37.8001087,144.9595395
North Melbourne,cafe,Lovey Patisserie,-37.8078828,144.9590807
North Melbourne,cafe,Ichigo,-37.8086376,144.9593948
North Melbourne,cafe,Impresso Cafe,-37.8122817,144.953649
North Melbourne,cafe,Parlance Coffee,-37.8100517,144.9576095
North Melbourne,cafe,Small Batch,-37.804406,144.9543935
North Melbourne,cafe,Cafe Tomi,-37.8007333,144.953381
North Melbourne,cafe,The Flour Melbourne,-37.8059008,144.9547869
North Melbourne,cafe,Moment Coffee,-37.8122619,144.9581735
North Melbourne,cafe,Haymarket Place Cafe,-37.8005151,144.9590042
North Melbourne,cafe,Meercat Manor Cafe,-37.7850593,144.9532017
North Melbourne,cafe,Junie Moon's,-37.808723,144.9485906
North Melbourne,cafe,Embassy Cafe,-37.8080932,144.9478478
North Melbourne,cafe,6six 5fifty 5five,-37.8064205,144.9449095
North Melbourne,cafe,Mr Gonzo,-37.7947096,144.9421009
North Melbourne,cafe,Toasta & Co.,-37.8093369,144.9461003
North Melbourne,cafe,Errol's Cafe,-37.803465,144.9492049
North Melbourne,cafe,Mörk Chocolate Brew House,-37.8015381,144.9501893
North Melbourne,cafe,Rollin 169,-37.7943167,144.9311209
North Melbourne,cafe,Luncheonette,-37.7943925,144.9311078
North Melbourne,cafe,North End Cafe,-37.7955785,144.9381973
North Melbourne,cafe,Westwood,-37.8055306,144.9511039
North Melbourne,cafe,Unnamed cafe,-37.8056375,144.9519801
North Melbourne,cafe,Mer Kapah Cafe,-37.7860814,144.9500021
North Melbourne,cafe,Butcher Shop Cafe,-37.8080149,144.9456153
North Melbourne,gym,Vault Crossfit,-37.8130719,144.9601471
North Melbourne,gym,Fullfitment,-37.791697,144.9356452
North Melbourne,gym,The Underground Fitness Club,-37.803623,144.956669
North Melbourne,gym,Equilibrium Fitness,-37.804461,144.9491602
North Melbourne,gym,Fernwood Fitness,-37.7842723,144.9378206
North Melbourne,gym,Fitnesskick@Flemington,-37.7881223,144.9312268
North Melbourne,gym,Motus Life,-37.7908754,144.9353463
North Melbourne,gym,CorePlus North Melbourne,-37.8033564,144.9508374
North Melbourne,gym,Unnamed gym,-37.8075916,144.948368
North Melbourne,library,Giblin Eunson Library,-37.8011727,144.9593581
North Melbourne,library,Flemington Library,-37.7884344,144.9304587
North Melbourne,library,North Melbourne Library,-37.803565,144.949759
North Melbourne,library,Law Library,-37.8023777,144.9597833
North Melbourne,library,Narrm Ngarrgu,-37.807721,144.9584163
North Melbourne,library,Baillieu Library,-37.7983678,144.9593474
Essendon,supermarket,Coles,-37.7645234,144.9219203
Essendon,supermarket,Foodworks,-37.7544234,144.9155326
Essendon,supermarket,Yahweh,-37.764606,144.9218945
Essendon,supermarket,Boundy's Supa IGA,-37.754983,144.8971477
Essendon,supermarket,IGA,-37.7441591,144.9085712
Essendon,supermarket,Coles,-37.7437412,144.9106915
Essendon,cafe,Hey Jude's,-37.7421671,144.9045718
Essendon,cafe,Cafe,-37.7548528,144.9180207
Essendon,cafe,Mamma Lina's,-37.7390504,144.8966459
Essendon,cafe,Little Fletcher,-37.7553644,144.9196147
Essendon,cafe,Parisian Baker,-37.744175,144.90915
Essendon,cafe,North & Eight,-37.7554221,144.9021397
Essendon,cafe,Ten one ate,-37.7501213,144.9145114
Essendon,cafe,My Goodness Treats,-37.7469372,144.9208871
Essendon,cafe,Convoy,-37.76128,144.9256703
Essendon,cafe,Curators Collective,-37.7618723,144.9230086
Essendon,cafe,Calmer Cafe,-37.7549094,144.8963963
Essendon,gym,ReCreation,-37.7555156,144.90246
Essendon,library,Sam Merrifield Library,-37.7647788,144.9244489
Vermont South,supermarket,Coles,-37.8546883,145.1826622
Vermont South,supermarket,Aldi,-37.8555383,145.1822714
Vermont South,cafe,The Jolimont,-37.8438026,145.1804487
Vermont South,gym,Snap Fitness,-37.8557409,145.1802207
Vermont South,library,Vermont South Library,-37.8544818,145.1813168
Vermont South,library,Unnamed library,-37.8656311,145.1756667
Burwood East,supermarket,Coles,-37.8535375,145.1487011
Burwood East,supermarket,ALDI,-37.853724,145.1510417
Burwood East,cafe,Café 1809,-37.8655163,145.1572964
Burwood East,cafe,Peach Orchard Grove,-37.8435149,145.150126
Burwood East,cafe,Unnamed cafe,-37.8532834,145.1494725
Burwood,supermarket,Andrew Street Grocer,-37.8572274,145.1237031
Burwood,cafe,Sphere,-37.8563666,145.1140894
Burwood,cafe,Stream Cafe,-37.8546233,145.1077917
Burwood,cafe,Fusion Café,-37.845185,145.1110372
Burwood,cafe,Loading Zone,-37.844448,145.1126411
Burwood,cafe,Green & Wood,-37.849717,145.121106
Burwood,cafe,Foodrinkery,-37.8437423,145.0987755
Burwood,cafe,Food For Thought,-37.8487498,145.114877
Burwood,cafe,Cafe Aya,-37.8461618,145.1132156
Burwood,cafe,Corner Cafe,-37.847248,145.114568
Burwood,cafe,Caffeine,-37.8462081,145.1135666
Burwood,cafe,Sage,-37.8461391,145.1133839
Burwood,cafe,Bells and Whistles Cafe,-37.8546239,145.1083547
Burwood,cafe,Unnamed cafe,-37.8378012,145.1112566
Burwood,cafe,Tea House Cafe,-37.8387716,145.1051074
Burwood,gym,Deakin Gym,-37.8461809,145.1138776
Burwood,gym,Training Day,-37.8552677,145.1086764
Burwood,library,Unnamed library,-37.8471254,145.1148559
Burwood,library,Deakin University Library,-37.8470043,145.1147565
Middle Park,supermarket,Fawkner Express Grovery Store,-37.8385464,144.9769345
Middle Park,supermarket,IGA,-37.8506237,144.9645407
Middle Park,supermarket,Gumtree,-37.8507469,144.9637523
Middle Park,supermarket,Foodworks,-37.8473761,144.9490341
Middle Park,supermarket,Gumtree,-37.8413484,144.9555954
Middle Park,supermarket,Foodworks,-37.8415101,144.9539867
Middle Park,cafe,St Kilda Pier Kiosk,-37.8647212,144.9657172
Middle Park,cafe,Beachcomber,-37.8651197,144.9715162
Middle Park,cafe,Il Fornaio,-37.8623922,144.9741675
Middle Park,cafe,Cafe Rosco,-37.83632,144.976226
Middle Park,cafe,Mr Albert Eastern Cafe,-37.837184,144.967455
Middle Park,cafe,Boost Juice,-37.8615267,144.9748186
Middle Park,cafe,Eastern Road Larder,-37.8366192,144.9670105
Middle Park,cafe,Philoçoffee Espresso Bar,-37.8365649,144.9688133
Middle Park,cafe,Miss Colombia,-37.8453047,144.9590164
Middle Park,cafe,Jack The Geezer,-37.8495754,144.9647729
Middle Park,cafe,Mr Percival,-37.8389826,144.9750655
Middle Park,cafe,Unnamed cafe,-37.8368963,144.9752123
Middle Park,cafe,Albert Park Deli,-37.8414375,144.9541058
Middle Park,cafe,Slater St Bench,-37.838756,144.9770146
Middle Park,cafe,Theatre Works Café,-37.86418,144.9759707
Middle Park,cafe,Al Naturale,-37.862565,144.9742874
Middle Park,cafe,Coffee Cart,-37.8379375,144.97565
Middle Park,cafe,Hectors Corner,-37.8507122,144.9644793
Middle Park,cafe,Ned's,-37.8508742,144.963645
Middle Park,cafe,The Armstrong Street Food Store,-37.8503666,144.9640871
Middle Park,cafe,Fat Albert,-37.8434097,144.9571886
Middle Park,cafe,fed,-37.841492,144.9540488
Middle Park,cafe,Dundas & Faussett,-37.841341,144.9546792
Middle Park,cafe,Hapsburg Empire,-37.8407886,144.9560215
Middle Park,cafe,The Avenue Foodstore,-37.8441215,144.951594
Middle Park,cafe,Guilty Moose,-37.8460137,144.9500271
Middle Park,cafe,lenny,-37.8453786,144.9506207
Middle Park,cafe,No. 84,-37.8399316,144.9574362
Middle Park,cafe,the story so far,-37.8406052,144.9553398
Middle Park,cafe,Lavender,-37.8422163,144.9532428
Middle Park,cafe,Montague Park Foodstore,-37.8371803,144.9538942
Middle Park,cafe,Park Lane Cafe,-37.8364732,144.9624991
Middle Park,cafe,Cowderoy's Dairy,-37.856806,144.971359
Middle Park,cafe,Frankie's Top Shop,-37.8579947,144.970349
Middle Park,cafe,Sandbar Beach Cafe,-37.8509538,144.9545739
Middle Park,gym,Albert Park Fitness,-37.8500013,144.96952
Middle Park,gym,Halo Fitness,-37.8425084,144.9529927
Middle Park,library,Middle Park Library,-37.8498967,144.9621219
Middle Park,library,Carmelite Library,-37.8488079,144.9595736
Middle Park,library,Albert Park Library,-37.8413526,144.956341
St Kilda West,supermarket,Woolworths Metro,-37.8591642,144.9777767
St Kilda West,supermarket,Woolworths,-37.8685209,144.978811
St Kilda West,supermarket,Coles,-37.8685845,144.9806027
St Kilda West,supermarket,IGA,-37.8506237,144.9645407
St Kilda West,supermarket,Gumtree,-37.8507469,144.9637523
St Kilda West,cafe,St Kilda Pier Kiosk,-37.8647212,144.9657172
St Kilda West,cafe,Beachcomber,-37.8651197,144.9715162
St Kilda West,cafe,Banff Café,-37.8593259,144.9784517
St Kilda West,cafe,Grocery Bar,-37.8594148,144.9782639
St Kilda West,cafe,Il Fornaio,-37.8623922,144.9741675
St Kilda West,cafe,Dr Jekyll,-37.8640141,144.9813215
St Kilda West,cafe,Inkr7,-37.8642491,144.982124
St Kilda West,cafe,Galleon Café,-37.8670228,144.9790401
St Kilda West,cafe,Irwell's,-37.8672064,144.9805382
St Kilda West,cafe,Le Bon Cake Shop,-37.8679928,144.9790295
St Kilda West,cafe,Boost Juice,-37.8615267,144.9748186
St Kilda West,cafe,Cafe Alfretti,-37.8461087,144.9843756
St Kilda West,cafe,Mister Zen,-37.8456372,144.9858866
St Kilda West,cafe,All Good,-37.8520028,144.9806355
St Kilda West,cafe,Galleria,-37.8480195,144.9791251
St Kilda West,cafe,Wee Bird,-37.8439628,144.9778926
St Kilda West,cafe,Cafe Safi,-37.8433452,144.9776768
St Kilda West,cafe,Monarch Cakes,-37.8681561,144.9792122
St Kilda West,cafe,Europa Cake Shop,-37.8678516,144.9788965
St Kilda West,cafe,Miss Colombia,-37.8453047,144.9590164
St Kilda West,cafe,Jack The Geezer,-37.8495754,144.9647729
St Kilda West,cafe,Dear Liza,-37.860591,144.9837674
St Kilda West,cafe,Unnamed cafe,-37.8468866,144.9789382
St Kilda West,cafe,Beluga,-37.8451369,144.9795493
St Kilda West,cafe,La Calline,-37.8451846,144.9799686
St Kilda West,cafe,Woods,-37.8462292,144.9786964
St Kilda West,cafe,Espresso Riviera,-37.8471474,144.9789686
St Kilda West,cafe,The Studio Beans Coffee Roasters,-37.8641953,144.9819462
St Kilda West,cafe,95 Espresso Bar,-37.8680415,144.9790903
St Kilda West,cafe,Jaggers,-37.8695906,144.9805733
St Kilda West,cafe,Euros Bites Creperia,-37.8690432,144.980357
St Kilda West,cafe,CoCo Fresh Tea & Juice,-37.8599962,144.9779107
St Kilda West,cafe,Prophecy Espresso,-37.8599507,144.9778653
St Kilda West,cafe,Theatre Works Café,-37.86418,144.9759707
St Kilda West,cafe,Al Naturale,-37.862565,144.9742874
St Kilda West,cafe,BENCH COFFEE CO. St Kilda Rd,-37.8489056,144.9793697
St Kilda West,cafe,Hectors Corner,-37.8507122,144.9644793
St Kilda West,cafe,Ned's,-37.8508742,144.963645
St Kilda West,cafe,The Armstrong Street Food Store,-37.8503666,144.9640871
St Kilda West,cafe,Fat Albert,-37.8434097,144.9571886
St Kilda West,cafe,Cowderoy's Dairy,-37.856806,144.971359
St Kilda West,cafe,Frankie's Top Shop,-37.8579947,144.970349
St Kilda West,cafe,Cafe Luna,-37.8676308,144.9766616
St Kilda West,gym,Absolute MMA St Kilda,-37.8636227,144.9829621
St Kilda West,gym,Anytime Fitness,-37.8586527,144.9796408
St Kilda West,gym,Albert Park Fitness,-37.8500013,144.96952
St Kilda West,library,Middle Park Library,-37.8498967,144.9621219
St Kilda West,library,Carmelite Library,-37.8488079,144.9595736
South Melbourne,supermarket,Woolworths,-37.8205606,144.9436054
South Melbourne,supermarket,IGA X-press + Liquor,-37.825805,144.957017
South Melbourne,supermarket,Foodworks,-37.8300256,144.9693817
South Melbourne,supermarket,ALDI,-37.829949,144.9573832
South Melbourne,supermarket,Woolworths,-37.8306564,144.9573651
South Melbourne,supermarket,Woolworths Metro,-37.8268606,144.9593308
South Melbourne,supermarket,Dae Bark Mart,-37.818584,144.963055
South Melbourne,supermarket,IGA,-37.8276939,144.9665201
South Melbourne,supermarket,The Dome Express,-37.819346,144.948342
South Melbourne,supermarket,IGA,-37.8224729,144.9650768
South Melbourne,supermarket,Coles,-37.8319294,144.9609368
South Melbourne,supermarket,Woolworths,-37.8210674,144.9500958
South Melbourne,supermarket,Golden Express,-37.8200723,144.9424484
South Melbourne,supermarket,Foodworks,-37.8240916,144.9620137
South Melbourne,supermarket,Woolworths,-37.82581,144.9635577
South Melbourne,supermarket,Foodworks,-37.8473761,144.9490341
South Melbourne,supermarket,Gumtree,-37.8413484,144.9555954
South Melbourne,supermarket,Foodworks,-37.8415101,144.9539867
South Melbourne,supermarket,Woolworths Metro,-37.8190233,144.953305
South Melbourne,cafe,Puzzle Coffee,-37.8190192,144.953659
South Melbourne,cafe,Caffe Panette,-37.8328055,144.9574554
South Melbourne,cafe,The Bond Store,-37.8217545,144.9639586
South Melbourne,cafe,Wild Bean Cafe,-37.8276047,144.9578222
South Melbourne,cafe,Espresso Bar International,-37.8191459,144.9551442
South Melbourne,cafe,The Original Cafe,-37.830547,144.969795
South Melbourne,cafe,Royal Domain Café,-37.8316581,144.9710687
South Melbourne,cafe,Dock Dot,-37.8315437,144.9710419
South Melbourne,cafe,Bean Seen There,-37.832072,144.969731
South Melbourne,cafe,Mr Albert Eastern Cafe,-37.837184,144.967455
South Melbourne,cafe,Europa Coffee Drive Thru,-37.832889,144.966769
South Melbourne,cafe,Light up Coffee,-37.8334741,144.9638666
South Melbourne,cafe,Emerald Hill Cafe,-37.8344164,144.9606285
South Melbourne,cafe,Cafe Scene,-37.8352632,144.9705418
South Melbourne,cafe,The Port Bake House,-37.8375671,144.9430892
South Melbourne,cafe,Nashi,-37.830015,144.97036
South Melbourne,cafe,Boost Juice,-37.837463,144.943575
South Melbourne,cafe,Chapel Bakery Cafè,-37.8354456,144.9457409
South Melbourne,cafe,In A Rush Kitchen,-37.818494,144.959211
South Melbourne,cafe,Koffee Kings,-37.830973,144.964945
South Melbourne,cafe,Protagonist,-37.821422,144.968849
South Melbourne,cafe,Dead Man Espresso,-37.829522,144.960189
South Melbourne,cafe,Café Cova,-37.8318442,144.9652974
South Melbourne,cafe,Oishii Tokyo,-37.832886,144.970427
South Melbourne,cafe,Burnt Butter,-37.833871,144.9607878
South Melbourne,cafe,The Old Paper Shop Deli,-37.832562,144.96021
South Melbourne,cafe,Brazil Lifestyle Coffee,-37.8310149,144.9570871
South Melbourne,cafe,Gainsville Cafe,-37.8214141,144.9649728
South Melbourne,cafe,Espresso Hub,-37.8195035,144.9537038
South Melbourne,cafe,ST. Ali,-37.8313001,144.9603137
South Melbourne,cafe,Humbaba,-37.830192,144.969781
South Melbourne,cafe,Diors Cafe & Bar,-37.82901,144.960725
South Melbourne,cafe,Smooth E,-37.83133,144.967228
South Melbourne,cafe,o3 Cafe & Coworking,-37.824192,144.960769
South Melbourne,cafe,Mish Cafe,-37.834714,144.970926
South Melbourne,cafe,Sushi Lane,-37.834496,144.9711
South Melbourne,cafe,Eatworx,-37.834394,144.971156
South Melbourne,cafe,Albert Gourmet Deli,-37.833654,144.971429
South Melbourne,cafe,Degani,-37.819121,144.948331
South Melbourne,cafe,Baci,-37.8226426,144.9585822
South Melbourne,cafe,Coffee Minded,-37.8200449,144.9669606
South Melbourne,cafe,Bulldozer Cafe,-37.8301586,144.9622614
South Melbourne,cafe,Happy Corner Cafe,-37.8312793,144.962804
South Melbourne,cafe,Kere Kere,-37.8257083,144.9608905
South Melbourne,cafe,Cottle on Coventry,-37.832243,144.958107
South Melbourne,cafe,In A Rush,-37.821874,144.9447899
South Melbourne,cafe,Altius Coffee Brewers,-37.819714,144.9564536
South Melbourne,cafe,Stand Up Cafe,-37.8201673,144.9566388
South Melbourne,cafe,Cafe 410 at World of Style,-37.8294954,144.9556641
South Melbourne,cafe,Kebab & Gözleme Cafe,-37.8190181,144.9473459
South Melbourne,cafe,The Grain Store,-37.819583,144.9569289
South Melbourne,cafe,St. Brew,-37.8196739,144.9511872
South Melbourne,cafe,Degani Bakery Cafe,-37.8199126,144.9505437
South Melbourne,cafe,Foxtrot Café,-37.8315597,144.9471167
South Melbourne,cafe,EARL Canteen,-37.8191106,144.9558503
South Melbourne,cafe,Cafenatics,-37.821834,144.962369
South Melbourne,cafe,Sidearm,-37.8279891,144.9497198
South Melbourne,cafe,T-Roy Browns,-37.819258,144.9619275
South Melbourne,cafe,Shed Café,-37.824189,144.9556711
South Melbourne,cafe,Plenary Café,-37.8251369,144.9531076
South Melbourne,cafe,Cherry & Twigs Cafe,-37.82004,144.9557185
South Melbourne,cafe,St Ali Coffee Roasters,-37.8313313,144.9604687
South Melbourne,cafe,De Gusto,-37.8186255,144.9473022
South Melbourne,cafe,Ciel,-37.8293898,144.955495
South Melbourne,cafe,Hooks at the Yarra,-37.8240816,144.947699
South Melbourne,cafe,Caffe Di Lido,-37.8450082,144.9420751
South Melbourne,cafe,ACCA coffee cart,-37.8267414,144.9666877
South Melbourne,cafe,Pie Face,-37.8190302,144.953578
South Melbourne,cafe,Eastern Road Larder,-37.8366192,144.9670105
South Melbourne,cafe,Chatime,-37.8200236,144.9665542
South Melbourne,cafe,Hardware Societe,-37.8200942,144.9566093
South Melbourne,cafe,Pietro e Paolo Cafe,-37.8359499,144.9537927
South Melbourne,cafe,Burhan's Espresso Bar,-37.8319833,144.9559589
South Melbourne,cafe,Canteen,-37.8327035,144.9560688
South Melbourne,cafe,D.G. Expresso,-37.8205603,144.9438715
South Melbourne,cafe,Coffee Gauge,-37.8199191,144.9440603
South Melbourne,cafe,Blended Beard,-37.8195432,144.9441992
South Melbourne,cafe,Cafe Bambino,-37.8200506,144.9449768
South Melbourne,cafe,Min The Cafe,-37.8201789,144.9420594
South Melbourne,cafe,365,-37.821841,144.9449468
South Melbourne,cafe,Charlie Bit Me,-37.8207115,144.94503
South Melbourne,cafe,The Other Brother,-37.8219353,144.9437997
South Melbourne,cafe,Caffé ESC,-37.8216918,144.9462505
South Melbourne,cafe,iBean,-37.8212385,144.9453255
South Melbourne,cafe,Rhumba’s,-37.8191324,144.9454241
South Melbourne,cafe,Cafenatics,-37.819662,144.9449607
South Melbourne,cafe,BITO Beans Bourke,-37.8186934,144.9445761
South Melbourne,cafe,Sushi Nori,-37.8210544,144.9498179
South Melbourne,cafe,Upstanding Citizens,-37.8211524,144.9492866
South Melbourne,cafe,The Ambitious Act,-37.8342952,144.9613688
South Melbourne,cafe,Market Lane Coffee,-37.8328479,144.9573083
South Melbourne,cafe,Café Godot,-37.8254083,144.9662497
South Melbourne,cafe,Giddiup Cafe,-37.8324506,144.958748
South Melbourne,cafe,Stokers,-37.8313848,144.9600301
South Melbourne,cafe,The Kettle Black,-37.8341251,144.9713427
South Melbourne,cafe,Mr Summit,-37.8241896,144.9624587
South Melbourne,cafe,Philoçoffee Espresso Bar,-37.8365649,144.9688133
South Melbourne,cafe,Miss Colombia,-37.8453047,144.9590164
South Melbourne,cafe,Pie Face,-37.8287953,144.9639042
South Melbourne,cafe,Ground Cafe,-37.8351649,144.9691457
South Melbourne,cafe,Hunters' Roots,-37.8197581,144.9564578
South Melbourne,cafe,Di Parsia Pasticceria Caffe,-37.8209984,144.9559432
South Melbourne,cafe,Riverside Deli,-37.8199064,144.9582571
South Melbourne,cafe,Malt Kitchen & Pantry,-37.8270209,144.9665969
South Melbourne,cafe,Teej Cafe,-37.8185302,144.9476112
South Melbourne,cafe,Albert Park Deli,-37.8414375,144.9541058
South Melbourne,cafe,Journeys Cafe by ASRC,-37.8250924,144.967694
South Melbourne,cafe,Lionel's Cafe,-37.8251701,144.9693673
South Melbourne,cafe,Aga the French patisserie,-37.8323197,144.9566948
South Melbourne,cafe,Betwixt Cafe & Bar,-37.825612,144.9669081
South Melbourne,cafe,Stockroom 567,-37.818908,144.9553914
South Melbourne,cafe,Namoo Japanese Cafe,-37.8186883,144.956086
South Melbourne,cafe,Schmucks Bagels,-37.8189599,144.9551873
South Melbourne,cafe,Square One,-37.8184404,144.9568979
South Melbourne,cafe,A Treat Of France,-37.8270995,144.9590528
South Melbourne,cafe,Au79,-37.8259255,144.9596887
South Melbourne,cafe,The Lunch Spot,-37.8286531,144.9612087
South Melbourne,cafe,Café Orr,-37.8250565,144.9512029
South Melbourne,cafe,18 Pence Lane,-37.824583,144.9452578
South Melbourne,cafe,The Espressionist,-37.8241747,144.9433559
South Melbourne,cafe,Goldfields Café + Bar,-37.8257505,144.951849
South Melbourne,cafe,Paper Tiger,-37.8185027,144.9626424
South Melbourne,cafe,Boost Juice,-37.8189151,144.9536169
South Melbourne,cafe,Foremost,-37.8291898,144.9708848
South Melbourne,cafe,Groovy Mamas,-37.8212431,144.9431617
South Melbourne,cafe,Unnamed cafe,-37.8185765,144.9448216
South Melbourne,cafe,Meals With Impact,-37.8207203,144.9490086
South Melbourne,cafe,Meister,-37.8211991,144.9499187
South Melbourne,cafe,Pure Pie,-37.821147,144.9498822
South Melbourne,cafe,Neighbours,-37.8230233,144.9506963
South Melbourne,cafe,Ada Grace,-37.8326207,144.9590781
South Melbourne,cafe,Little Black Cafe,-37.8244506,144.970159
South Melbourne,cafe,Fat Albert,-37.8434097,144.9571886
South Melbourne,cafe,fed,-37.841492,144.9540488
South Melbourne,cafe,Dundas & Faussett,-37.841341,144.9546792
South Melbourne,cafe,Hapsburg Empire,-37.8407886,144.9560215
South Melbourne,cafe,The Avenue Foodstore,-37.8441215,144.951594
South Melbourne,cafe,Guilty Moose,-37.8460137,144.9500271
South Melbourne,cafe,lenny,-37.8453786,144.9506207
South Melbourne,cafe,No. 84,-37.8399316,144.9574362
South Melbourne,cafe,the story so far,-37.8406052,144.9553398
South Melbourne,cafe,Lavender,-37.8422163,144.9532428
South Melbourne,cafe,Montague Park Foodstore,-37.8371803,144.9538942
South Melbourne,cafe,Park Lane Cafe,-37.8364732,144.9624991
South Melbourne,cafe,Gasworks Cafe,-37.8432917,144.9463874
South Melbourne,cafe,Balderdash,-37.8368823,144.9435575
South Melbourne,cafe,My Sista Says,-37.8364797,144.9435802
South Melbourne,cafe,Leona,-37.8371382,144.9431078
South Melbourne,cafe,Hurricane Handsome,-37.8360288,144.9443886
South Melbourne,cafe,Station Street Trading Company,-37.8334809,144.9444003
South Melbourne,cafe,Four7Six,-37.8339786,144.9468433
South Melbourne,cafe,Workshop Brothers Southbank,-37.8211618,144.9636124
South Melbourne,gym,Dohertys,-37.819118,144.962587
South Melbourne,gym,Fight Club,-37.8192093,144.962262
South Melbourne,gym,Genesis,-37.8222261,144.9630117
South Melbourne,gym,Melbourne Altitude Training,-37.8285666,144.9611623
South Melbourne,gym,F45 Training,-37.8190748,144.9436147
South Melbourne,gym,Push Fitness,-37.8224,144.9465343
South Melbourne,gym,Anytime Fitness,-37.8210852,144.9494407
South Melbourne,gym,RBT South Melbourne,-37.8327589,144.9493195
South Melbourne,gym,F45 Training,-37.8340675,144.9477182
South Melbourne,gym,Anytime Fitness,-37.8312477,144.9589174
South Melbourne,gym,Unnamed gym,-37.8263132,144.9680462
South Melbourne,gym,The Renovator,-37.8339297,144.9485996
South Melbourne,gym,Halo Fitness,-37.8425084,144.9529927
South Melbourne,library,Southbank Library,-37.8245882,144.9692009
South Melbourne,library,Christian Science Reading Room,-37.830484,144.97086
South Melbourne,library,Emerald Hill Library,-37.8347011,144.9603726
South Melbourne,library,Southbank Library at Boyd,-37.8255777,144.9612198
South Melbourne,library,Port Melbourne Library,-37.835771,144.944496
South Melbourne,library,NGV Library,-37.8232168,144.9682045
South Melbourne,library,Albert Park Library,-37.8413526,144.956341
Toorak,supermarket,Woolworths,-37.8481054,145.0052368
Toorak,supermarket,Woolworths,-37.8405629,145.0081654
Toorak,supermarket,IGA,-37.8545367,145.011674
Toorak,cafe,Nom Nom's,-37.8399312,145.0320471
Toorak,cafe,Ionsky's Bakehouse Cafe,-37.8515093,145.0303152
Toorak,cafe,Kanteen,-37.8340469,145.0047756
Toorak,cafe,Woodstock,-37.8562409,145.0255752
Toorak,cafe,Fancy Pantry,-37.856186,145.019862
Toorak,cafe,Mirror Image,-37.8518463,145.0301339
Toorak,cafe,Serotonin Eatery,-37.8281633,145.0090979
Toorak,cafe,The Stables of Como Cafe,-37.8380151,145.0031876
Toorak,cafe,Unnamed cafe,-37.8270607,145.0092913
Toorak,cafe,Yuca Melbourne,-37.8409355,145.0106326
Toorak,cafe,"Nine Yards, Armadale",-37.8562555,145.0278106
Toorak,cafe,Ink & Co,-37.854539,145.0121904
Toorak,cafe,Streettalk,-37.8545239,145.0118216
Toorak,gym,Wards Gym,-37.8278798,145.0035451
Toorak,gym,Snap Fitness,-37.8546207,145.0123369
Toorak,library,Malvern Library,-37.8566697,145.0319883
Toorak,library,Burnley Library Building (914),-37.8282039,145.0218068
South Yarra,supermarket,Coles,-37.8254909,144.9947938
South Yarra,supermarket,Woolworths,-37.8481054,145.0052368
South Yarra,supermarket,Woolworths,-37.8474492,144.9927111
South Yarra,supermarket,Coles,-37.8479109,144.9935468
South Yarra,supermarket,Woolworths,-37.8371902,144.9969896
South Yarra,supermarket,Aldi,-37.8458636,144.9935728
South Yarra,supermarket,The Source Bulk Foods,-37.8466976,144.991997
South Yarra,supermarket,Lee's Asian Grocery,-37.8459557,144.99234
South Yarra,supermarket,Paddlewheel,-37.8459263,144.99261
South Yarra,supermarket,Fuji Mart,-37.8458546,144.9936826
South Yarra,supermarket,Gum Tree Good Food,-37.8388985,144.9902376
South Yarra,supermarket,Fawkner Express Grovery Store,-37.8385464,144.9769345
South Yarra,supermarket,Claremont Supermarket,-37.8383107,144.9935719
South Yarra,supermarket,IGA Local Grocer Cremorne,-37.8300168,144.990153
South Yarra,cafe,Cafe 117,-37.8252086,144.994992
South Yarra,cafe,Outpost,-37.837392,144.993008
South Yarra,cafe,181 Domain,-37.8342155,144.9820937
South Yarra,cafe,Cafe Domain,-37.8341838,144.9818456
South Yarra,cafe,Café Luca,-37.838791,144.989225
South Yarra,cafe,Kanteen,-37.8340469,145.0047756
South Yarra,cafe,The Terrace,-37.8293863,144.9826001
South Yarra,cafe,Lawson Grove Shop,-37.833552,144.9902571
South Yarra,cafe,Chapelli's,-37.840504,144.995212
South Yarra,cafe,Fat Beans,-37.842751,144.995791
South Yarra,cafe,Aroma Cafe,-37.8384862,144.9899771
South Yarra,cafe,Unnamed cafe,-37.8242051,144.9917605
South Yarra,cafe,Cafe Alfretti,-37.8461087,144.9843756
South Yarra,cafe,Mister Zen,-37.8456372,144.9858866
South Yarra,cafe,All Good,-37.8520028,144.9806355
South Yarra,cafe,Galleria,-37.8480195,144.9791251
South Yarra,cafe,Romano's,-37.8428049,144.995471
South Yarra,cafe,Wee Bird,-37.8439628,144.9778926
South Yarra,cafe,Cafe Safi,-37.8433452,144.9776768
South Yarra,cafe,Cafe Gaia,-37.8382426,144.9892938
South Yarra,cafe,Republic,-37.8390844,144.9915223
South Yarra,cafe,Coffee Geek Brewers,-37.8389948,144.9906419
South Yarra,cafe,Two Birds One Stone,-37.8380714,144.9939255
South Yarra,cafe,Healthy Vibe Gourmet Dumplings,-37.8388216,144.9937056
South Yarra,cafe,Cinque 5,-37.8391499,144.9938105
South Yarra,cafe,Dineamic Food Store,-37.8391554,144.9938655
South Yarra,cafe,Darling Cafe,-37.8385322,144.9914918
South Yarra,cafe,The Stables of Como Cafe,-37.8380151,145.0031876
South Yarra,cafe,Black Gold,-37.8232072,144.9938877
South Yarra,cafe,Dilly Daly,-37.8378754,144.9947871
South Yarra,cafe,7 Grams,-37.8282242,144.997652
South Yarra,cafe,Almost French Patisserie,-37.8254052,144.9943865
South Yarra,cafe,Maker & Monger,-37.8460216,144.992745
South Yarra,cafe,Market Lane Coffee,-37.8458338,144.9929721
South Yarra,cafe,LaManna & Sons,-37.8302944,144.9953838
South Yarra,cafe,Unnamed cafe,-37.8468866,144.9789382
South Yarra,cafe,Beluga,-37.8451369,144.9795493
South Yarra,cafe,La Calline,-37.8451846,144.9799686
South Yarra,cafe,Woods,-37.8462292,144.9786964
South Yarra,cafe,Espresso Riviera,-37.8471474,144.9789686
South Yarra,cafe,Unnamed cafe,-37.8319865,144.9949994
South Yarra,cafe,Cheeky Monkey,-37.8251051,144.9943803
South Yarra,cafe,Laurent,-37.8394747,144.9963818
South Yarra,cafe,Recovery Cafe,-37.8477397,144.9944188
South Yarra,cafe,Sable,-37.8260934,144.9960421
South Yarra,cafe,Journeyman,-37.8522761,144.9932093
South Yarra,cafe,Pillar of salt,-37.8292368,144.9974357
South Yarra,cafe,Saint Thomas,-37.8287591,144.9975049
South Yarra,cafe,Otello,-37.8383922,144.9900029
South Yarra,cafe,Park Pantry,-37.834449,144.9823364
South Yarra,cafe,Tom Dick and Harry,-37.8395211,144.9950977
South Yarra,cafe,Slater St Bench,-37.838756,144.9770146
South Yarra,cafe,Rustica,-37.8425515,144.9948355
South Yarra,cafe,Bakes & Bagels,-37.8260307,144.995437
South Yarra,cafe,Yummy Puff,-37.8467203,144.9943148
South Yarra,cafe,Boy,-37.8447421,144.994399
South Yarra,cafe,Kāya Espresso,-37.8471169,144.9939591
South Yarra,cafe,Pizza & Grill Cafe,-37.8455951,144.9945199
South Yarra,cafe,Tivoli Express,-37.8393375,144.9980742
South Yarra,cafe,Leaf Lane,-37.8451628,145.0021858
South Yarra,cafe,Splash Cafe & Juice Bar,-37.8392649,144.9965715
South Yarra,cafe,Hector's Bakery,-37.8238502,144.9909365
South Yarra,cafe,BENCH COFFEE CO. St Kilda Rd,-37.8489056,144.9793697
South Yarra,cafe,Top Paddock,-37.8327164,144.996373
South Yarra,cafe,Oscar Cooper,-37.8495044,144.992054
South Yarra,cafe,Amsterdam Street Cafe,-37.8309703,144.997477
South Yarra,cafe,Tusk High Bar,-37.8508607,144.9930486
South Yarra,cafe,Husband Cafe,-37.8473438,144.9992431
South Yarra,cafe,Coe & Coe,-37.8280749,144.9938608
South Yarra,cafe,Pardon Coffee,-37.8491146,144.9918769
South Yarra,cafe,Chez Mademoiselle,-37.8490216,144.9909162
South Yarra,cafe,St Edmonds,-37.8496315,144.991785
South Yarra,cafe,pg.2,-37.8256434,144.9990372
South Yarra,gym,Snap Fitness,-37.8378982,144.9936807
South Yarra,gym,Wards Gym,-37.8278798,145.0035451
South Yarra,gym,Edge Training,-37.8506135,144.9951001
South Yarra,gym,Prosport Health & Fitness,-37.8264952,145.0027674
South Yarra,gym,Chapel Street Physique,-37.846624,144.9940355
South Yarra,gym,Kāya Health Clubs,-37.8470764,144.9939645
South Yarra,gym,Vision Personal Training,-37.8479027,144.9941178
South Yarra,gym,Revl Training,-37.848895,144.99398
South Yarra,gym,Core Plus,-37.8488132,144.994005
South Yarra,gym,South Yarra Judo Academy,-37.8446661,144.9997852
South Yarra,library,Richmond Library,-37.8252831,144.9982985
South Yarra,library,Toorak/South Yarra Library,-37.8402252,144.9994218
South Yarra,library,Prahran Library,-37.8496416,144.9931092
South Yarra,library,Prahran Square Library,-37.8477282,144.9927141
South Yarra,library,Braille and Talking Book Library,-37.8457543,144.9874866
Geelong West,supermarket,Woolworths,-38.1370122,144.3477524
Geelong West,supermarket,Coles,-38.1389962,144.3374854
Geelong West,supermarket,Woolworths,-38.1458229,144.3360867
Geelong West,supermarket,ALDI,-38.1398635,144.3377442
Geelong West,supermarket,The Source Bulk Foods,-38.1420781,144.3482659
Geelong West,cafe,Unnamed cafe,-38.138567,144.3366715
Geelong West,cafe,17by4,-38.147658,144.357476
Geelong West,cafe,9 grams,-38.1463384,144.3587758
Geelong West,cafe,Analogue Academy,-38.1488359,144.3563533
Geelong West,cafe,Little M Cafe,-38.1475724,144.3581213
Geelong West,cafe,Welcome Back Cafe,-38.1476446,144.3583667
Geelong West,cafe,Overtime Espresso,-38.1460419,144.3597893
Geelong West,cafe,Cafe Bear & Scoobs,-38.1243933,144.3417558
Geelong West,cafe,Public,-38.1468806,144.356508
Geelong West,cafe,Darling West Cafe,-38.1439631,144.3478745
Geelong West,cafe,Unnamed cafe,-38.1447263,144.3550663
Geelong West,cafe,Tutti,-38.147352,144.356579
Geelong West,cafe,Bean Squeeze,-38.1446749,144.3353538
Geelong West,cafe,Toasty,-38.1484948,144.3575872
Geelong West,cafe,Hucksters & Co,-38.1484917,144.3588443
Geelong West,cafe,Dal,-38.1517815,144.3590617
Geelong West,cafe,"Bean Squeeze, Drive through coffee",-38.1446897,144.3572544
Geelong West,cafe,A Spot For Joe,-38.1494513,144.3579221
Geelong West,cafe,Dal,-38.1491584,144.3545249
Geelong West,cafe,Munchies On Aphrasia,-38.1503441,144.3407558
Geelong West,cafe,Koffie Haus,-38.1434454,144.359087
Geelong West,cafe,Two Sugars,-38.1401427,144.3487159
Geelong West,cafe,House Iberia,-38.1378374,144.3366509
Geelong West,cafe,Sodi,-38.1404702,144.3481206
Geelong West,cafe,The Village Door,-38.1405333,144.3486929
Geelong West,cafe,Box Office,-38.1400683,144.3489936
Geelong West,cafe,Panache,-38.1419305,144.3483102
Geelong West,cafe,King of the Castle,-38.1339381,144.3500955
Geelong West,cafe,Eddy and Wills,-38.1306655,144.3397533
Geelong West,cafe,Cafe Botticelli,-38.1302252,144.3315971
Geelong West,cafe,Manny's Kitchen,-38.1300532,144.3316693
Geelong West,cafe,Soft Cafe,-38.1307486,144.3314684
Geelong West,cafe,Neck of the Woods,-38.1516641,144.3592108
Geelong West,cafe,7 Origins,-38.142005,144.3482804
Geelong West,cafe,At Randy's,-38.1420208,144.3477488
Geelong West,cafe,63 Degrees,-38.1397712,144.3487824
Geelong West,cafe,Pako Bakery Cafe,-38.1395892,144.3483097
Geelong West,cafe,Taste Jamaica,-38.1385196,144.3490779
Geelong West,cafe,Lil Pako,-38.1383916,144.3489533
Geelong West,cafe,Cartel Roasters,-38.1480262,144.3589832
Geelong West,cafe,Cake Cult,-38.1480751,144.3598938
Geelong West,cafe,The Base,-38.1426003,144.3557814
Geelong West,cafe,Cravings,-38.1470477,144.3592958
Geelong West,cafe,Poco,-38.1385114,144.3485973
Geelong West,cafe,Little Green Corner,-38.1500748,144.3580204
Geelong West,cafe,Rosco's Social Club,-38.1425382,144.3475872
Geelong West,cafe,Newfolk,-38.1473445,144.3412199
Geelong West,cafe,The Fox & Hen,-38.1374737,144.3374018
Geelong West,gym,KX Pilates,-38.1414226,144.3485285
Geelong West,gym,Wonder Yoga,-38.1353042,144.349143
Geelong West,gym,Jetts Fitness,-38.1356645,144.3490187
Geelong West,gym,Upstate,-38.1506657,144.3594945
Geelong West,gym,Upstate,-38.1504135,144.3589339
Geelong West,gym,Good Folk Yoga,-38.1517131,144.3592972
Geelong West,gym,Wonder Yoga,-38.1492672,144.3586002
Geelong West,gym,Body Fit Training,-38.1437867,144.3523928
Geelong West,gym,F45 Training,-38.1452119,144.3357718
Geelong West,gym,Krav Maga Global,-38.1424811,144.3557456
Geelong West,gym,Anytime Fitness,-38.1360966,144.3369924
Geelong West,gym,Fit For Living,-38.1398449,144.3553352
Geelong West,gym,Power Fitness,-38.1342023,144.3406847
Geelong West,gym,Geelong Sports Medicine Centre,-38.1304973,144.3429903
Geelong West,library,Geelong Library & Heritage Centre,-38.1469321,144.356591
Geelong West,library,Geelong West Library,-38.1411124,144.3479345
South Geelong,supermarket,Food Factory Sales,-38.1724205,144.3459821
South Geelong,supermarket,Foodworks,-38.1547927,144.3717335
South Geelong,supermarket,Coles,-38.1701863,144.3487229
South Geelong,cafe,Unnamed cafe,-38.1801298,144.351971
South Geelong,cafe,Sweet Adeline,-38.1636891,144.3494222
South Geelong,cafe,The Showman's Bar and Cafe,-38.1712944,144.3732375
South Geelong,cafe,Bean Squeeze,-38.1624695,144.3533942
South Geelong,cafe,Pucci's Caffe,-38.1623593,144.3535131
South Geelong,cafe,Lucy Lockets,-38.1548629,144.3718588
South Geelong,cafe,Black Cup Cafe,-38.1562423,144.3710837
South Geelong,cafe,Kilgour St Grocer,-38.1579042,144.3646167
South Geelong,cafe,Dal,-38.1517815,144.3590617
South Geelong,cafe,[untitled],-38.1564528,144.3596279
South Geelong,cafe,Cafe Belle,-38.1538399,144.3748974
South Geelong,gym,F45 Training,-38.1600134,144.3466007
South Geelong,gym,Minc Fitness,-38.1636252,144.359515
South Geelong,gym,CorePlus,-38.1590681,144.3557944
South Geelong,gym,Geelong's Gym,-38.1597809,144.3491068
South Geelong,gym,Club Lime Belmont,-38.180411,144.3523614
South Geelong,library,Barwon Health Library,-38.1529641,144.3627198
South Geelong,library,Chilwell Library,-38.1571197,144.3468046
Newtown,supermarket,Coles,-38.1389962,144.3374854
Newtown,supermarket,Woolworths,-38.1458229,144.3360867
Newtown,supermarket,Newtown Grocery & Liquor Co.,-38.1555199,144.3360491
Newtown,supermarket,ALDI,-38.1398635,144.3377442
Newtown,supermarket,The Source Bulk Foods,-38.1420781,144.3482659
Newtown,cafe,9 grams,-38.1572389,144.3449146
Newtown,cafe,Darling West Cafe,-38.1439631,144.3478745
Newtown,cafe,Sweet Adeline,-38.1636891,144.3494222
Newtown,cafe,Skinny Dippers Cafe,-38.1599234,144.3396656
Newtown,cafe,Blank Space,-38.1573815,144.345029
Newtown,cafe,Degani Drive Thru Newtown,-38.1578466,144.3335932
Newtown,cafe,Bean Squeeze,-38.1446749,144.3353538
Newtown,cafe,We are the press,-38.1583367,144.3447291
Newtown,cafe,Brioche,-38.1586179,144.3351093
Newtown,cafe,Rosey Joans,-38.1575937,144.3452788
Newtown,cafe,Steampocket Pizzeria & Cafe,-38.154562,144.3454302
Newtown,cafe,Winter's,-38.1564551,144.3455686
Newtown,cafe,Pakington Pantry,-38.1563921,144.3455796
Newtown,cafe,Munchies On Aphrasia,-38.1503441,144.3407558
Newtown,cafe,Two Sugars,-38.1401427,144.3487159
Newtown,cafe,Sodi,-38.1404702,144.3481206
Newtown,cafe,The Village Door,-38.1405333,144.3486929
Newtown,cafe,Box Office,-38.1400683,144.3489936
Newtown,cafe,Panache,-38.1419305,144.3483102
Newtown,cafe,7 Origins,-38.142005,144.3482804
Newtown,cafe,At Randy's,-38.1420208,144.3477488
Newtown,cafe,63 Degrees,-38.1397712,144.3487824
Newtown,cafe,Pako Bakery Cafe,-38.1395892,144.3483097
Newtown,cafe,Rosco's Social Club,-38.1425382,144.3475872
Newtown,cafe,Newfolk,-38.1473445,144.3412199
Newtown,gym,KX Pilates,-38.1414226,144.3485285
Newtown,gym,Kieser,-38.1597787,144.3458391
Newtown,gym,F45 Training,-38.1600134,144.3466007
Newtown,gym,Geelong's Gym,-38.1597809,144.3491068
Newtown,gym,Listen to your body,-38.1574982,144.3453847
Newtown,gym,F45 Training,-38.1452119,144.3357718
Newtown,gym,CrossFit Geelong,-38.1598446,144.3394601
Newtown,library,Chilwell Library,-38.1571197,144.3468046
Newtown,library,Geelong West Library,-38.1411124,144.3479345
Belmont,supermarket,ALDI,-38.1741305,144.3443203
Belmont,supermarket,Best Indian Grocery Store,-38.1728164,144.3455685
Belmont,supermarket,ALDI,-38.193233,144.3435317
Belmont,supermarket,Belmont Convienience,-38.17507,144.3430434
Belmont,supermarket,Coles,-38.1736001,144.3430639
Belmont,supermarket,Food Factory Sales,-38.1724205,144.3459821
Belmont,supermarket,Indo-Asian,-38.1735433,144.3436438
Belmont,supermarket,Coles,-38.1701863,144.3487229
Belmont,supermarket,Valerie's Pantry,-38.1732868,144.344262
Belmont,cafe,Unnamed cafe,-38.1801298,144.351971
Belmont,cafe,Sweet Adeline,-38.1636891,144.3494222
Belmont,cafe,Bean Squeeze,-38.1880197,144.3285967
Belmont,cafe,Bean Squeeze,-38.1843012,144.3540828
Belmont,cafe,Coffee by Design,-38.1741823,144.342508
Belmont,cafe,WoodHouse,-38.1745767,144.3429283
Belmont,cafe,Paddington Cafe,-38.1730228,144.3445825
Belmont,cafe,Full Circle,-38.1752202,144.3421443
Belmont,gym,Club Lime Belmont,-38.180411,144.3523614
Belmont,gym,Geelong Rehabilitation Centre,-38.1720655,144.3454263
Belmont,library,Belmont Library,-38.1748808,144.3437488
Breakwater,cafe,The Showman's Bar and Cafe,-38.1712944,144.3732375
Breakwater,cafe,Winston & Co,-38.1713604,144.3835647
Highton,supermarket,Woolworths,-38.1607658,144.306154
Highton,supermarket,Woolworths,-38.1724143,144.3232461
Highton,cafe,Bon Appetit Highton,-38.1719862,144.3246123
Highton,cafe,Degani Drive Thru Newtown,-38.1578466,144.3335932
Highton,cafe,Hey Porter,-38.1808793,144.3177113
Highton,cafe,Tonton,-38.1716495,144.3246605
Highton,library,Highton Library,-38.1727555,144.322818
Newcomb,supermarket,ALDI,-38.1697376,144.3922925
Newcomb,supermarket,Woolworths,-38.1698198,144.3932902
Newcomb,supermarket,Woolworths,-38.1685801,144.3885481
Newcomb,supermarket,NQR Newcomb,-38.1650473,144.3898935
Newcomb,cafe,Coffee Jet,-38.1728166,144.3985281
Newcomb,cafe,Bean Squeeze,-38.1625283,144.4059096
Newcomb,cafe,Winston & Co,-38.1713604,144.3835647
Newcomb,cafe,Bean Squeeze,-38.1723167,144.3970036
Newcomb,cafe,VN Rolls,-38.1651219,144.39051
Newcomb,library,Newcomb Library,-38.169512,144.3920161
Whittington,supermarket,ALDI,-38.1697376,144.3922925
Whittington,supermarket,Woolworths,-38.1698198,144.3932902
Whittington,supermarket,Woolworths,-38.1685801,144.3885481
Whittington,supermarket,NQR Newcomb,-38.1650473,144.3898935
Whittington,cafe,Coffee Jet,-38.1728166,144.3985281
Whittington,cafe,Bean Squeeze,-38.1625283,144.4059096
Whittington,cafe,Winston & Co,-38.1713604,144.3835647
Whittington,cafe,Bean Squeeze,-38.1723167,144.3970036
Whittington,cafe,VN Rolls,-38.1651219,144.39051
Whittington,library,Newcomb Library,-38.169512,144.3920161
Thomson,supermarket,ALDI,-38.1697376,144.3922925
Thomson,supermarket,Woolworths,-38.1698198,144.3932902
Thomson,supermarket,Woolworths,-38.1685801,144.3885481
Thomson,supermarket,NQR Newcomb,-38.1650473,144.3898935
Thomson,supermarket,Foodworks,-38.1547927,144.3717335
Thomson,cafe,The Showman's Bar and Cafe,-38.1712944,144.3732375
Thomson,cafe,Lucy Lockets,-38.1548629,144.3718588
Thomson,cafe,Black Cup Cafe,-38.1562423,144.3710837
Thomson,cafe,Kilgour St Grocer,-38.1579042,144.3646167
Thomson,cafe,Winston & Co,-38.1713604,144.3835647
Thomson,cafe,VN Rolls,-38.1651219,144.39051
Thomson,library,Newcomb Library,-38.169512,144.3920161
East Geelong,supermarket,ALDI,-38.1697376,144.3922925
East Geelong,supermarket,Woolworths,-38.1698198,144.3932902
East Geelong,supermarket,Woolworths,-38.1685801,144.3885481
East Geelong,supermarket,NQR Newcomb,-38.1650473,144.3898935
East Geelong,supermarket,Foodworks,-38.1547927,144.3717335
East Geelong,cafe,Teahouse @ gbg,-38.1499134,144.3772495
East Geelong,cafe,The Yot,-38.1451844,144.3661733
East Geelong,cafe,Pavilion Geelong,-38.1472421,144.3733174
East Geelong,cafe,Orchid & Co,-38.150522,144.3731134
East Geelong,cafe,Lucy Lockets,-38.1548629,144.3718588
East Geelong,cafe,Black Cup Cafe,-38.1562423,144.3710837
East Geelong,cafe,Cafe GO,-38.1498691,144.365465
East Geelong,cafe,Cafe Belle,-38.1538399,144.3748974
East Geelong,cafe,VN Rolls,-38.1651219,144.39051
East Geelong,library,Newcomb Library,-38.169512,144.3920161
Charlemont,cafe,Cottage@Iona,-38.2194238,144.3563868
Charlemont,library,Unnamed library,-38.2197256,144.3556086
Marshall,supermarket,Champions IGA Grovedale East,-38.1967461,144.347245
Marshall,supermarket,ALDI,-38.193233,144.3435317
Marshall,cafe,Cafe 24/7,-38.1937715,144.3422769
Marshall,cafe,Bean Squeeze,-38.1843012,144.3540828
Marshall,gym,Anytime Fitness,-38.1994171,144.34645
Marshall,gym,CrossFit Raven,-38.1965395,144.3451682
Marshall,gym,F45 Training,-38.199378,144.3461492
Hamlyn Heights,supermarket,Newlanders IGA,-38.1110418,144.3341236
Hamlyn Heights,cafe,Moorabool Valley Cafe & Chocolaterie,-38.1065776,144.3174527
Hamlyn Heights,cafe,Cafe Botticelli,-38.1302252,144.3315971
Hamlyn Heights,cafe,Manny's Kitchen,-38.1300532,144.3316693
Hamlyn Heights,cafe,Soft Cafe,-38.1307486,144.3314684
Hamlyn Heights,cafe,Canteen 3215,-38.1213821,144.328404
Hamlyn Heights,cafe,Bumble Bee Eatery,-38.121798,144.3282923
Hamlyn Heights,cafe,Bean Squeeze,-38.1159146,144.3307927
Hamlyn Heights,gym,Anytime Fitness,-38.1360966,144.3369924
Hamlyn Heights,library,Western Heights College Library,-38.1234654,144.3283482
North Geelong,supermarket,NQR,-38.1105634,144.3405441
North Geelong,supermarket,Hugsiam Asian Grocery,-38.1108869,144.342109
North Geelong,cafe,Jimmy'Z,-38.1110096,144.3429212
North Geelong,cafe,Routley's Bakery Cafe,-38.1096624,144.3526058
North Geelong,cafe,Cafe Bear & Scoobs,-38.1243933,144.3417558
North Geelong,cafe,Anchors Rest Cafe,-38.1071511,144.3623725
North Geelong,cafe,Bean & Base,-38.1235564,144.3531081
North Geelong,cafe,Food Boutique,-38.1229128,144.3532483
North Geelong,cafe,Bean Squeeze,-38.1007411,144.354285
North Geelong,cafe,The Paddock Bakery,-38.114328,144.3565706
North Geelong,cafe,Bean Squeeze,-38.1072547,144.3444528
North Geelong,cafe,The Pickers Union Cafe,-38.1147807,144.3555366
North Geelong,gym,The Training Room,-38.1137234,144.3567961
North Geelong,gym,Geelong Sports Medicine Centre,-38.1304973,144.3429903
Bell Park,supermarket,NQR,-38.1105634,144.3405441
Bell Park,supermarket,Hugsiam Asian Grocery,-38.1108869,144.342109
Bell Park,supermarket,Newlanders IGA,-38.1110418,144.3341236
Bell Park,supermarket,ALDI,-38.0967275,144.3350659
Bell Park,cafe,Jimmy'Z,-38.1110096,144.3429212
Bell Park,cafe,Routley's Bakery Cafe,-38.1096624,144.3526058
Bell Park,cafe,Canteen 3215,-38.1213821,144.328404
Bell Park,cafe,Bumble Bee Eatery,-38.121798,144.3282923
Bell Park,cafe,Bean Squeeze,-38.1159146,144.3307927
Bell Park,cafe,Bean Squeeze,-38.1072547,144.3444528
North Shore,cafe,Anchors Rest Cafe,-38.1071511,144.3623725
North Shore,cafe,Ellen's Cafe,-38.0994118,144.371692
North Shore,gym,Max Effort Fitness,-38.0919686,144.36678
Norlane,supermarket,Foodworks,-38.0861344,144.3519234
Norlane,cafe,Forestry Cafe,-38.096654,144.3548264
Norlane,cafe,Bean Squeeze,-38.1007411,144.354285
Norlane,gym,Max Effort Fitness,-38.0919686,144.36678
Norlane,library,John Drysdale Library,-38.0842277,144.3556611
Corio,supermarket,Woolworths,-38.0744592,144.3574169
Corio,supermarket,Coles,-38.0759456,144.3556949
Corio,supermarket,Foodworks,-38.0861344,144.3519234
Corio,library,John Drysdale Library,-38.0842277,144.3556611
Moolap,cafe,Unnamed cafe,-38.1761021,144.4125873
Brooklyn,supermarket,ALDI,-37.8284837,144.8476986
Brooklyn,supermarket,Stan Cash,-37.8164766,144.852429
Brooklyn,supermarket,Coles,-37.8282395,144.8480047
Brooklyn,cafe,Tico's Coffee,-37.816586,144.8510165
Brooklyn,cafe,Cafe Cubin,-37.8300366,144.8395605
Tottenham,supermarket,ALDI,-37.7930599,144.8607906
Tottenham,supermarket,Coles,-37.7936568,144.8603614
Tottenham,supermarket,Stan Cash,-37.8164766,144.852429
Tottenham,cafe,Cafe Centro,-37.7953863,144.8619664
Tottenham,cafe,Sunrise Deli Cafe,-37.7983222,144.839669
Tottenham,cafe,Nick's Takeaway,-37.8003945,144.8387758
Tottenham,cafe,Tico's Coffee,-37.816586,144.8510165
Braybrook,supermarket,ALDI,-37.7930599,144.8607906
Braybrook,supermarket,Coles,-37.7936568,144.8603614
Braybrook,supermarket,Coles,-37.7781318,144.8514648
Braybrook,supermarket,Unnamed supermarket,-37.8007293,144.8685916
Braybrook,supermarket,KFL Supermarkets,-37.7826517,144.8643071
Braybrook,cafe,Cafe Centro,-37.7953863,144.8619664
Braybrook,cafe,Bean Lab,-37.7779783,144.8507463
Braybrook,cafe,French Cafe,-37.7781815,144.8507132
Braybrook,gym,Derrimut 24:7 Gym Braybrook,-37.7822883,144.8638736
South Kingsville,supermarket,Local Grocer IGA,-37.8296604,144.8858342
South Kingsville,supermarket,Woolworths,-37.8318024,144.8831375
South Kingsville,supermarket,Coles,-37.816873,144.8810662
South Kingsville,cafe,Crème de la Crème,-37.8297009,144.8844213
South Kingsville,cafe,Candied Bakery,-37.8346993,144.8853758
South Kingsville,cafe,Unnamed cafe,-37.8297346,144.885279
South Kingsville,cafe,Unnamed cafe,-37.829633,144.8855713
South Kingsville,cafe,Routleys Bakery,-37.8424186,144.8810925
South Kingsville,cafe,Antpasti Deli Cafe,-37.8171865,144.8818864
South Kingsville,cafe,Newport 1881,-37.8419772,144.8796803
South Kingsville,cafe,Indi Kitch,-37.8408909,144.8827701
South Kingsville,cafe,The Backyard,-37.8426387,144.8816162
South Kingsville,cafe,Leroys,-37.8430242,144.8825096
South Kingsville,cafe,Stepping Stone,-37.8403469,144.8805286
South Kingsville,cafe,Hart of Hall Cookery School & Cafe,-37.8430908,144.8840462
South Kingsville,cafe,Pango Coffee,-37.8426834,144.8839273
South Kingsville,gym,Yoga Path,-37.843904,144.8843456
South Kingsville,library,Newport Library,-37.8429846,144.8816779
Williamstown North,supermarket,Woolworths,-37.8577633,144.8825866
Williamstown North,cafe,Routleys Bakery,-37.8424186,144.8810925
Williamstown North,cafe,Newport 1881,-37.8419772,144.8796803
Williamstown North,cafe,Indi Kitch,-37.8408909,144.8827701
Williamstown North,cafe,Elephant Cafe,-37.8464809,144.8688911
Williamstown North,cafe,Coffeeism,-37.8577669,144.8820796
Williamstown North,cafe,The Backyard,-37.8426387,144.8816162
Williamstown North,cafe,Leroys,-37.8430242,144.8825096
Williamstown North,cafe,Stepping Stone,-37.8403469,144.8805286
Williamstown North,cafe,Pango Coffee,-37.8426834,144.8839273
Williamstown North,cafe,Searz Cafe,-37.8457715,144.8725188
Williamstown North,gym,Bayfit Leisure Centre,-37.8400742,144.8558253
Williamstown North,library,Newport Library,-37.8429846,144.8816779
Melton South,supermarket,Coles,-37.7017311,144.574255
Melton South,gym,Genesis Fitness,-37.7011607,144.5642057
Melton West,supermarket,Coles,-37.6856825,144.5657612
Melton West,supermarket,Woolworths,-37.6858086,144.5666064
Melton West,supermarket,Woolworths,-37.6868858,144.5610829
Melton West,supermarket,Aldi,-37.6868586,144.5604697
Melton West,cafe,PM's Coffee,-37.6852146,144.5669726
Melton West,cafe,The Coffee Club,-37.6864068,144.5618445
Melton West,cafe,Chatime,-37.6856888,144.5630608
Melton West,cafe,Muffin Break,-37.686065,144.5629522
Maddingley,gym,Bacchus Marsh Gym,-37.6844382,144.432366
Broadmeadows,supermarket,Woolworths,-37.6803737,144.9182109
Broadmeadows,supermarket,Coles,-37.679686,144.9186507
Broadmeadows,supermarket,Aldi,-37.6783544,144.9195292
Broadmeadows,supermarket,Foodworks,-37.6735405,144.9302559
Broadmeadows,supermarket,Fresh Plus ,-37.6721412,144.9313375
Broadmeadows,cafe,Pie Face,-37.687321,144.9412685
Broadmeadows,cafe,Indulge Waffles and Desserts,-37.6791824,144.9241079
Broadmeadows,cafe,Batter Bros Creperie (Broadmeadows),-37.6795125,144.9246366
Broadmeadows,library,Hume Global Learning Centre - Broadmeadows,-37.6825152,144.9184904
Gladstone Park,supermarket,Woolworths,-37.6875423,144.8849079
Gladstone Park,supermarket,ALDI,-37.6875338,144.8843357
Gladstone Park,supermarket,IGA,-37.6764357,144.8865555
Gladstone Park,cafe,Mayflour Cafe & Cupcake Shop,-37.676342,144.8870529
Gladstone Park,cafe,West Espresso Brewers,-37.6764861,144.8862872
Gladstone Park,cafe,Koffy,-37.6838736,144.8958176
Gladstone Park,gym,Fernwood Health Club,-37.702089,144.8840389
Gladstone Park,library,Gladstone Park Library,-37.6889032,144.8907654
Gladstone Park,library,Library,-37.6757234,144.8960286
Tullamarine,supermarket,Coles,-37.7149789,144.88468
Tullamarine,supermarket,Aldi,-37.7151535,144.8842921
Tullamarine,cafe,Noodle Sushi Bar,-37.7050524,144.8584193
Tullamarine,cafe,Unnamed cafe,-37.7173626,144.8616051
Tullamarine,cafe,Jorge's Cafe,-37.7130505,144.8601378
Tullamarine,cafe,Grinders Cafe,-37.7118153,144.8769751
Tullamarine,cafe,Ella James Cafe,-37.7136328,144.8599019
Tullamarine,cafe,Jetstream Cafe Express,-37.7011962,144.856842
Tullamarine,cafe,Adina Corner Cafe,-37.7111067,144.8770082
Tullamarine,cafe,Cafe 747,-37.7112126,144.8592544
Tullamarine,gym,Fernwood Health Club,-37.702089,144.8840389
Tullamarine,library,Tullamarine Library,-37.7021617,144.8741442
Melbourne Airport,cafe,Coffee Grinder,-37.673224,144.8491689
Melbourne Airport,cafe,Unnamed cafe,-37.668405,144.8459907
Melbourne Airport,cafe,Brunetti,-37.6722216,144.8483706
Melbourne Airport,cafe,Hanna's Cafe,-37.6735015,144.8498373
Melbourne Airport,cafe,Hudsons Coffee,-37.6706365,144.8485585
Melbourne Airport,cafe,Pickett's,-37.6703913,144.8484282
Melbourne Airport,cafe,Axil,-37.6703086,144.8485062
Melbourne Airport,cafe,Proud Mary Coffee,-37.6708025,144.8482735
Melbourne Airport,cafe,Earl,-37.6708053,144.847072
Melbourne Airport,cafe,Brasserie Bread,-37.6726,144.8484104
Melbourne Airport,cafe,Liv Eat Green,-37.6689621,144.850601
Melbourne Airport,cafe,Rustica,-37.6688406,144.8509444
Melbourne Airport,cafe,St. Ali Coffee,-37.6688268,144.8507935
Melbourne Airport,cafe,Veneziano Coffee Roasters,-37.6688708,144.8506493
Jacana,supermarket,Woolworths,-37.6803737,144.9182109
Jacana,supermarket,Coles,-37.679686,144.9186507
Jacana,supermarket,Aldi,-37.6783544,144.9195292
Jacana,cafe,Degani,-37.6845202,144.9126947
Jacana,cafe,Coffebaby,-37.6983853,144.9096128
Jacana,cafe,Indulge Waffles and Desserts,-37.6791824,144.9241079
Jacana,cafe,Batter Bros Creperie (Broadmeadows),-37.6795125,144.9246366
Jacana,library,Hume Global Learning Centre - Broadmeadows,-37.6825152,144.9184904
Jacana,library,Library,-37.6757234,144.8960286
Glenroy,supermarket,Woolworths,-37.7070041,144.9387874
Glenroy,supermarket,Coles,-37.7052592,144.9167752
Glenroy,supermarket,IGA,-37.7071083,144.9186123
Glenroy,supermarket,Coles,-37.7052372,144.9167744
Glenroy,cafe,Unnamed cafe,-37.7073796,144.9385511
Glenroy,cafe,Rose water,-37.7166048,144.9360246
Glenroy,cafe,The Acai Company,-37.7164606,144.934683
Glenroy,cafe,Chestnut Grove,-37.7177576,144.9219952
Glenroy,library,Glenroy Library,-37.7081237,144.9234364
Gowanbrae,supermarket,Coles,-37.7149789,144.88468
Gowanbrae,supermarket,Woolworths,-37.7146375,144.887236
Gowanbrae,supermarket,Aldi,-37.7151535,144.8842921
Gowanbrae,cafe,Coffebaby,-37.6983853,144.9096128
Gowanbrae,gym,Fernwood Health Club,-37.702089,144.8840389
Gowanbrae,library,Gladstone Park Library,-37.6889032,144.8907654
Hadfield,supermarket,Woolworths,-37.7070041,144.9387874
Hadfield,supermarket,Friendly Grocer,-37.7201757,144.9599829
Hadfield,supermarket,Foodworks,-37.7237903,144.9469242
Hadfield,supermarket,IGA,-37.7200923,144.9405948
Hadfield,supermarket,Fawkner Mini mart,-37.7026596,144.9652668
Hadfield,supermarket,ALDI,-37.723371,144.9623695
Hadfield,cafe,Icarus Coffee,-37.7207184,144.9598939
Hadfield,cafe,Poppy Cafe & Pantry,-37.7240388,144.946884
Hadfield,cafe,Unnamed cafe,-37.7073796,144.9385511
Hadfield,cafe,That Coffee Shop,-37.7202819,144.959963
Hadfield,cafe,st. derby,-37.7242951,144.9468858
Hadfield,cafe,Feast On East Cafe,-37.7101094,144.9505104
Hadfield,cafe,Carson,-37.7250036,144.9394127
Hadfield,cafe,The Pantry,-37.7201384,144.9410001
Hadfield,cafe,Rose water,-37.7166048,144.9360246
Hadfield,cafe,Tarboosh,-37.7171253,144.944998
Hadfield,cafe,Pascoed coffee,-37.7203156,144.9512427
Hadfield,cafe,Unnamed cafe,-37.6983991,144.9538124
Hadfield,cafe,Sam's East Street Bakehouse,-37.7093179,144.9506595
Hadfield,cafe,Station 38,-37.7214882,144.9602883
Hadfield,cafe,Fawkner Memorial Park Tearooms,-37.7147207,144.9598657
Hadfield,cafe,Pho Noodle House,-37.7213293,144.9630643
Hadfield,cafe,Sussex Street Coffee,-37.7218149,144.9513387
Hadfield,gym,Jetts,-37.7249986,144.9396936
Hadfield,gym,Fitness Studio,-37.7220847,144.951269
Hadfield,gym,Studio 47 Reformer Pilates,-37.7219744,144.9512811
Hadfield,gym,Hytech Boxing,-37.7093153,144.9508768
Hadfield,gym,PVH fitness,-37.7094219,144.9506441
Hadfield,library,Merlo little library,-37.7206137,144.9602268
Attwood,supermarket,IGA,-37.6764357,144.8865555
Attwood,cafe,Mayflour Cafe & Cupcake Shop,-37.676342,144.8870529
Attwood,cafe,West Espresso Brewers,-37.6764861,144.8862872
Attwood,library,Library,-37.6757234,144.8960286
Dallas,supermarket,Foodworks,-37.6735405,144.9302559
Dallas,supermarket,Fresh Plus ,-37.6721412,144.9313375
Dallas,cafe,Manti Cafe,-37.6662523,144.9421252
Dallas,cafe,Indulge Waffles and Desserts,-37.6791824,144.9241079
Dallas,cafe,Batter Bros Creperie (Broadmeadows),-37.6795125,144.9246366
Dallas,cafe,Starbucks,-37.6630262,144.9229616
Campbellfield,supermarket,Campbellfield Welcome Mart,-37.6754564,144.9647311
Campbellfield,cafe,Three Links Cafe,-37.6511206,144.9467107
Campbellfield,cafe,The Smokestack Cafe,-37.6638954,144.9644502
Campbellfield,cafe,Unnamed cafe,-37.650641,144.9690142
Campbellfield,cafe,Yalla! Yalla! Bakery and Cafe,-37.670592,144.966661
Somerton,cafe,Somerton Kebab & Cafe,-37.6437401,144.9468251
Somerton,cafe,Industry Cafe,-37.6481327,144.9438189
Fawkner,supermarket,IGA Fawkner,-37.7025033,144.9657419
Fawkner,supermarket,Friendly Grocer,-37.7201757,144.9599829
Fawkner,supermarket,Family Supermarket,-37.695967,144.96855
Fawkner,supermarket,Anderson Road Fruit Market,-37.695906,144.967925
Fawkner,supermarket,Fawkner Mini mart,-37.7026596,144.9652668
Fawkner,cafe,Bonwick Street Bakery & Cafe,-37.7022195,144.965373
Fawkner,cafe,Pasticceria Padova,-37.7020865,144.9657409
Fawkner,cafe,Acropol,-37.7175464,144.9820679
Fawkner,cafe,Corner Take Away,-37.7165826,144.9833481
Fawkner,cafe,TJ's Cafe,-37.7195009,144.9801293
Fawkner,cafe,Fawkner Memorial Park Tearooms,-37.7147207,144.9598657
Fawkner,cafe,Chorba,-37.7070798,144.9834379
Fawkner,library,Fawkner Library,-37.7024932,144.969974
Meadow Heights,supermarket,Coles,-37.638387,144.9323564
Meadow Heights,supermarket,Aldi,-37.6379203,144.9328875
Meadow Heights,supermarket,Supa IGA,-37.6505966,144.9224592
Meadow Heights,cafe,Starbucks,-37.6486084,144.9320455
Meadow Heights,cafe,Coffee Escape,-37.6467178,144.9325558
Meadow Heights,cafe,Starbucks,-37.6630262,144.9229616
Meadow Heights,gym,Anytime Fitness,-37.6391528,144.9330949
Meadow Heights,gym,Derrimut 24:7 Gym - Coolaroo,-37.6473778,144.9328049
Roxburgh Park,supermarket,Coles,-37.638387,144.9323564
Roxburgh Park,supermarket,Aldi,-37.6379203,144.9328875
Roxburgh Park,supermarket,Woolworths,-37.6161622,144.9153001
Roxburgh Park,supermarket,Foodworks,-37.6326011,144.91845
Roxburgh Park,gym,Anytime Fitness,-37.6391528,144.9330949
Coolaroo,supermarket,Supa IGA,-37.6505966,144.9224592
Coolaroo,cafe,Manti Cafe,-37.6662523,144.9421252
Coolaroo,cafe,Three Links Cafe,-37.6511206,144.9467107
Coolaroo,cafe,Somerton Kebab & Cafe,-37.6437401,144.9468251
Coolaroo,cafe,Starbucks,-37.6486084,144.9320455
Coolaroo,cafe,Coffee Escape,-37.6467178,144.9325558
Coolaroo,cafe,Starbucks,-37.6630262,144.9229616
Coolaroo,cafe,Industry Cafe,-37.6481327,144.9438189
Coolaroo,gym,Derrimut 24:7 Gym - Coolaroo,-37.6473778,144.9328049
Taylors Lakes,supermarket,Woolworths,-37.699412,144.7778007
Taylors Lakes,supermarket,ALDI,-37.699312,144.7785142
Taylors Lakes,supermarket,Woolworths,-37.7024047,144.7994466
Taylors Lakes,cafe,Carbone's Cafe,-37.7023517,144.7999365
Taylors Lakes,cafe,Station Street Cafe,-37.7004104,144.7741532
Taylors Lakes,cafe,Boost Juice,-37.6990392,144.7760479
Taylors Lakes,cafe,Ferguson Plarre,-37.6990138,144.7780285
Taylors Lakes,cafe,Calavera,-37.6990844,144.7783786
Taylors Lakes,cafe,Chatime,-37.6990922,144.7758829
Taylors Lakes,cafe,W'Gardens Coffee Co. Drive Thru Coffee,-37.6957882,144.7760171
Taylors Lakes,gym,Goodlife,-37.7007264,144.7745536
Taylors Lakes,gym,Anytime Fitness,-37.6972067,144.7731441
Taylors Lakes,gym,The Lakes Gym,-37.7030874,144.8008763
Taylors Lakes,library,Brimbank Library,-37.7001729,144.7742526
Keilor Lodge,supermarket,Woolworths,-37.7024047,144.7994466
Keilor Lodge,cafe,Carbone's Cafe,-37.7023517,144.7999365
Keilor Lodge,gym,The Lakes Gym,-37.7030874,144.8008763
Caroline Springs,supermarket,Coles,-37.7323759,144.7425236
Caroline Springs,supermarket,ALDI,-37.7315698,144.7427972
Caroline Springs,supermarket,Woolworths,-37.7230371,144.7516
Caroline Springs,supermarket,Woolworths,-37.7301438,144.7430619
Caroline Springs,cafe,Red Beetle Cafe,-37.7335953,144.7416481
Caroline Springs,cafe,Brew Brothers,-37.7326778,144.7415137
Caroline Springs,cafe,Caffe Di Famiglia,-37.7233948,144.7517187
Caroline Springs,cafe,Boost Juice,-37.7312794,144.7431882
Caroline Springs,cafe,Chatime,-37.7324237,144.7429128
Caroline Springs,cafe,The Coffee Club,-37.7323756,144.743196
Caroline Springs,cafe,Gloria Jean's,-37.7327317,144.7431114
Caroline Springs,cafe,john's Nuts & Coffee,-37.7311476,144.7430743
Caroline Springs,cafe,The Jolly Miller Cafe,-37.7302887,144.7437361
Caroline Springs,cafe,New Oriental Cafe,-37.7317659,144.7432107
Caroline Springs,gym,Anytime Fitness,-37.7342276,144.7414847
Caroline Springs,library,Caroline Springs Library,-37.7332875,144.7402989
Sydenham,supermarket,Woolworths,-37.699412,144.7778007
Sydenham,supermarket,ALDI,-37.699312,144.7785142
Sydenham,supermarket,Foodworks,-37.6938639,144.7545298
Sydenham,supermarket,Overton Lea Indian Groceries,-37.6954331,144.7655507
Sydenham,cafe,Station Street Cafe,-37.7004104,144.7741532
Sydenham,cafe,Boost Juice,-37.6990392,144.7760479
Sydenham,cafe,Ferguson Plarre,-37.6990138,144.7780285
Sydenham,cafe,Calavera,-37.6990844,144.7783786
Sydenham,cafe,Chatime,-37.6990922,144.7758829
Sydenham,cafe,W'Gardens Coffee Co. Drive Thru Coffee,-37.6957882,144.7760171
Sydenham,gym,Goodlife,-37.7007264,144.7745536
Sydenham,gym,Anytime Fitness,-37.6972067,144.7731441
Sydenham,gym,Fernwood Fitness,-37.695268,144.7669873
Sydenham,library,Brimbank Library,-37.7001729,144.7742526
Hillside,supermarket,Foodworks,-37.6938639,144.7545298
Hillside,supermarket,Woolworths,-37.6915795,144.7478699
Hillside,cafe,Baked since 95,-37.6863141,144.7387509
Hillside,cafe,Coffee Town,-37.6916477,144.7478589
Delahey,supermarket,Morgan's IGA,-37.7260976,144.7809164
Wattle Glen,cafe,Peppers Paddock General Store,-37.6665555,145.1833534
Hurstbridge,cafe,The Hurstbridge Post Cafe,-37.6397841,145.1930128
Hurstbridge,cafe,Wild Wombat,-37.6404804,145.192419
Hurstbridge,cafe,Hurstbridge Deli & Larder,-37.6406226,145.192775
Hurstbridge,cafe,Heart & Soul Cafe,-37.6378012,145.1947459
Hurstbridge,cafe,Bridge 2 Eden Cafe,-37.6373855,145.1954173
Hurstbridge,cafe,Hurstbridge Fine Foods & Deli,-37.6369329,145.1957227
Hurstbridge,cafe,Black Vice,-37.637212,145.1966155
Wonga Park,supermarket,IGA,-37.7356853,145.2722906
Maidstone,supermarket,ALDI,-37.7930599,144.8607906
Maidstone,supermarket,Coles,-37.7936568,144.8603614
Maidstone,supermarket,Coles,-37.7752157,144.8866386
Maidstone,supermarket,Coles,-37.7674337,144.863378
Maidstone,supermarket,KFL Supermarkets,-37.7826517,144.8643071
Maidstone,cafe,Cafe Centro,-37.7953863,144.8619664
Maidstone,cafe,Brother Nancy,-37.7930338,144.8728987
Maidstone,cafe,Latin Foods & Wines,-37.7787989,144.8764727
Maidstone,cafe,Particle,-37.7685938,144.8644829
Maidstone,cafe,Stateline Melbourne,-37.7678591,144.8638638
Maidstone,cafe,Dahlak,-37.7917563,144.8892318
Maidstone,cafe,West 48,-37.795709,144.8835446
Maidstone,cafe,Dumbo,-37.7940284,144.8753873
Maidstone,cafe,Cornerstone Espresso,-37.7705037,144.8658433
Maidstone,gym,Derrimut 24:7 Gym Braybrook,-37.7822883,144.8638736
Maidstone,library,Highpoint Library,-37.7733628,144.8863975
Sunshine,supermarket,Woolworths,-37.7803951,144.8319234
Sunshine,supermarket,Sunshine Fruit Market,-37.7848052,144.8331028
Sunshine,supermarket,Đại Phát Supermarket,-37.78391,144.832682
Sunshine,supermarket,Hong Hung,-37.7836812,144.8326149
Sunshine,supermarket,ALDI,-37.7828586,144.8341988
Sunshine,supermarket,Bestow,-37.7824013,144.8335996
Sunshine,supermarket,Bình Hưng,-37.7842255,144.8324614
Sunshine,supermarket,Vạn Hưng,-37.7841742,144.8324769
Sunshine,supermarket,Little India Groceries,-37.7824154,144.8336851
Sunshine,supermarket,Tài Phát,-37.7844741,144.8324182
Sunshine,supermarket,Sunshine Fresh Fruit Market,-37.7849129,144.8336095
Sunshine,supermarket,Roshan,-37.7861841,144.8327165
Sunshine,supermarket,African Groceries,-37.7878333,144.8309159
Sunshine,supermarket,Thuận Hưng,-37.7843373,144.8325582
Sunshine,supermarket,Tân Đại,-37.7839029,144.8318715
Sunshine,cafe,Sunrise Deli Cafe,-37.7983222,144.839669
Sunshine,cafe,Nick's Takeaway,-37.8003945,144.8387758
Sunshine,cafe,Walia Ibex,-37.7864685,144.8329251
Sunshine,cafe,Muffin Break,-37.7819194,144.8313344
Sunshine,cafe,Harmony Cafe,-37.7863345,144.8319755
Sunshine,cafe,Walia Ibex,-37.7860761,144.8317217
Sunshine,cafe,The Granary Cafe,-37.7848855,144.8311889
Sunshine,cafe,Da Lat Hill,-37.7819638,144.8328932
Sunshine,cafe,Kent's,-37.7822191,144.8340269
Sunshine,cafe,Little Rays,-37.783115,144.8322367
Sunshine,cafe,iCafe,-37.7851162,144.8331762
Sunshine,cafe,Flora Juice,-37.7851218,144.833251
Sunshine,cafe,Detour Cafe,-37.7793293,144.8287178
Sunshine,cafe,Karibu African Coffee Club,-37.7885601,144.8310282
Sunshine,gym,Anytime Fitness,-37.7810921,144.8331244
Sunshine,library,Sunshine Library,-37.783421,144.8320559
Sunshine West,supermarket,Coles,-37.7976134,144.8061424
Sunshine West,supermarket,Cam Ngoc Asian Grocery,-37.7985575,144.8172299
Sunshine West,supermarket,IGA,-37.7985236,144.8177624
Sunshine West,cafe,Joe's Milkbar & Coffee,-37.7907371,144.8173321
Albion,supermarket,African Groceries,-37.7878333,144.8309159
Albion,cafe,Detour Cafe,-37.7793293,144.8287178
Albion,cafe,Karibu African Coffee Club,-37.7885601,144.8310282
Albion,cafe,Sadie Black,-37.7769544,144.814961
Albion,cafe,The Usual Joint,-37.7622167,144.8287936
Albion,cafe,Joe's Milkbar & Coffee,-37.7907371,144.8173321
Ardeer,cafe,Sadie Black,-37.7769544,144.814961
Laverton North,cafe,Cherry's Cafe,-37.8415638,144.7836762
Laverton North,cafe,Unnamed cafe,-37.8415879,144.7836514
Deer Park,cafe,Cherry’s Bake Shop & Cafe,-37.7700721,144.7718705
Deer Park,cafe,Deer Park Munchies,-37.7703676,144.7733974
Deer Park,cafe,Pie Face,-37.7697553,144.7752712
Deer Park,cafe,Shisha Cafe,-37.7703681,144.7730386
Deer Park,gym,Derrimut 24:7 Gym,-37.7836304,144.7750809
Ravenhall,cafe,Raffies,-37.7661473,144.7366817
Kealba,cafe,Nineteen 91,-37.7395508,144.8241726
Kealba,cafe,Leaping Lizard Cafe,-37.7276486,144.8338445
Keilor,cafe,Sweet Lulu's,-37.7193067,144.8354923
Keilor,cafe,Caffe Dolce,-37.7192022,144.835238
Keilor,library,Keilor Village Library,-37.719253,144.8335079
Keilor Park,cafe,Lee's Cafe,-37.7327976,144.8558487
Keilor Park,cafe,Sweet Lulu's,-37.7193067,144.8354923
Keilor Park,cafe,Caffe Dolce,-37.7192022,144.835238
Keilor Park,cafe,Lambeck Cafe,-37.708959,144.8513597
Keilor Park,cafe,Mosiacs Deli,-37.709532,144.855493
Keilor Park,cafe,Noodle Sushi Bar,-37.7050524,144.8584193
Keilor Park,cafe,Unnamed cafe,-37.7173626,144.8616051
Keilor Park,cafe,Jorge's Cafe,-37.7130505,144.8601378
Keilor Park,cafe,Eat@James,-37.7189021,144.8468596
Keilor Park,cafe,Ella James Cafe,-37.7136328,144.8599019
Keilor Park,cafe,T.C. Cafe,-37.7300371,144.8608441
Keilor Park,cafe,Cafe 747,-37.7112126,144.8592544
Keilor Park,gym,The Body Mill,-37.7227024,144.8464782
Niddrie,supermarket,Coles,-37.7272917,144.895358
Niddrie,supermarket,La Manna Supermarket,-37.7262703,144.8937304
Niddrie,supermarket,IGA Xpress,-37.725327,144.8811644
Niddrie,supermarket,Woolworths,-37.7381316,144.8928873
Niddrie,supermarket,Woolworths,-37.7381501,144.8928594
Niddrie,cafe,Two Minutes Turkish,-37.72693,144.8952874
Niddrie,cafe,LaManna Cafe,-37.7268472,144.8938799
Niddrie,cafe,Mamma Lina's,-37.7390504,144.8966459
Niddrie,cafe,Unnamed cafe,-37.743779,144.8912362
Niddrie,cafe,Strudels Cafe,-37.7369137,144.8909864
Niddrie,gym,Unnamed gym,-37.738923,144.8709189
Niddrie,gym,Unnamed gym,-37.739108,144.8709874
Niddrie,library,Unnamed library,-37.7361952,144.8889183
Aberfeldie,supermarket,Woolworths,-37.7732859,144.8896964
Aberfeldie,supermarket,Boundy's Supa IGA,-37.754983,144.8971477
Aberfeldie,cafe,middle child,-37.7703158,144.9021958
Aberfeldie,cafe,North & Eight,-37.7554221,144.9021397
Aberfeldie,cafe,Darling Street Espresso,-37.7690685,144.9105119
Aberfeldie,cafe,The Boathouse,-37.7680672,144.9027808
Aberfeldie,cafe,Calmer Cafe,-37.7549094,144.8963963
Aberfeldie,gym,ReCreation,-37.7555156,144.90246
Aberfeldie,library,Little library,-37.7644597,144.8930959
Aberfeldie,library,Highpoint Library,-37.7733628,144.8863975
Airport West,supermarket,Coles,-37.7272917,144.895358
Airport West,supermarket,Coles,-37.7149789,144.88468
Airport West,supermarket,Woolworths,-37.7146375,144.887236
Airport West,supermarket,La Manna Supermarket,-37.7262703,144.8937304
Airport West,supermarket,IGA Xpress,-37.725327,144.8811644
Airport West,supermarket,Aldi,-37.7151535,144.8842921
Airport West,cafe,Two Minutes Turkish,-37.72693,144.8952874
Airport West,cafe,LaManna Cafe,-37.7268472,144.8938799
Airport West,cafe,Grinders Cafe,-37.7118153,144.8769751
Airport West,cafe,Adina Corner Cafe,-37.7111067,144.8770082
Airport West,cafe,Unnamed cafe,-37.7244354,144.8813213
Airport West,cafe,Strudels Cafe,-37.7369137,144.8909864
Airport West,cafe,Bola Bake,-37.7244396,144.8890619
Airport West,gym,Unified Fitness Systems,-37.7238343,144.8887635
Airport West,library,Unnamed library,-37.7361952,144.8889183
Essendon North,supermarket,Coles,-37.7272917,144.895358
Essendon North,supermarket,La Manna Supermarket,-37.7262703,144.8937304
Essendon North,supermarket,Woolworths,-37.7381316,144.8928873
Essendon North,supermarket,IGA,-37.7441591,144.9085712
Essendon North,supermarket,Woolworths,-37.7381501,144.8928594
Essendon North,supermarket,Coles,-37.7437412,144.9106915
Essendon North,cafe,Hey Jude's,-37.7421671,144.9045718
Essendon North,cafe,Two Minutes Turkish,-37.72693,144.8952874
Essendon North,cafe,LaManna Cafe,-37.7268472,144.8938799
Essendon North,cafe,Mamma Lina's,-37.7390504,144.8966459
Essendon North,cafe,Parisian Baker,-37.744175,144.90915
Essendon North,cafe,Unnamed cafe,-37.743779,144.8912362
Essendon North,cafe,Ten one ate,-37.7501213,144.9145114
Essendon North,cafe,Strudels Cafe,-37.7369137,144.8909864
Essendon North,cafe,Bola Bake,-37.7244396,144.8890619
Essendon North,gym,Unified Fitness Systems,-37.7238343,144.8887635
Essendon North,library,Unnamed library,-37.7361952,144.8889183
Williamstown,supermarket,Woolworths,-37.8577633,144.8825866
Williamstown,supermarket,Coles,-37.8576259,144.8974163
Williamstown,cafe,Tick Tok,-37.8628862,144.9033974
Williamstown,cafe,Parade Deli,-37.8585792,144.8981101
Williamstown,cafe,Crowded House,-37.858918,144.8993079
Williamstown,cafe,Scwabs Galley,-37.8630553,144.903892
Williamstown,cafe,Coffeeism,-37.8577669,144.8820796
Williamstown,cafe,The Kiosk,-37.867408,144.8891163
Williamstown,library,Williamstown Library,-37.858278,144.896436
Seaholme,supermarket,Coles,-37.8689178,144.8299879
Seaholme,cafe,Bezirk,-37.8706746,144.8380499
Seaholme,cafe,Velvet Bean Altona,-37.8659092,144.8309545
Seaholme,cafe,Norfolk Cafe,-37.8704744,144.8310457
Seaholme,cafe,Pier 71 Bar e Cucina,-37.8679771,144.8301691
Seaholme,cafe,Salt n Pepa Cafe,-37.868572,144.8301794
Seaholme,cafe,Da Moose Cafe,-37.8513527,144.8332147
Seaholme,gym,Strive Active Altona,-37.8655255,144.8307735
Seaholme,gym,Anytime Fitness,-37.8677988,144.8308727
Seaholme,library,Altona Library,-37.869017,144.8292555
Altona North,supermarket,ALDI,-37.8284837,144.8476986
Altona North,supermarket,Aldi,-37.8447747,144.8454614
Altona North,supermarket,Woolworths,-37.8427366,144.8448831
Altona North,supermarket,Coles,-37.8282395,144.8480047
Altona North,cafe,Pinnacle Cafe,-37.8388549,144.8245671
Altona North,cafe,Pitstop Cafe,-37.8444881,144.8435787
Altona North,cafe,Wolf Cafe and Eatery,-37.8448451,144.8422057
Altona North,cafe,"The General Cafe, Altona North",-37.8347238,144.8398631
Altona North,cafe,Jolly Miller,-37.8430491,144.8452323
Altona North,cafe,Da Moose Cafe,-37.8513527,144.8332147
Altona North,cafe,Cafe Cubin,-37.8300366,144.8395605
Altona North,gym,BFT,-37.8430755,144.8424231
Altona North,library,Altona North Community Library,-37.8360447,144.8468987
Strathmore Heights,supermarket,Coles,-37.7272917,144.895358
Strathmore Heights,supermarket,Coles,-37.7149789,144.88468
Strathmore Heights,supermarket,Woolworths,-37.7146375,144.887236
Strathmore Heights,supermarket,La Manna Supermarket,-37.7262703,144.8937304
Strathmore Heights,supermarket,Aldi,-37.7151535,144.8842921
Strathmore Heights,supermarket,IGA,-37.7191287,144.9071953
Strathmore Heights,cafe,Unnamed cafe,-37.7191736,144.9073237
Strathmore Heights,cafe,Two Minutes Turkish,-37.72693,144.8952874
Strathmore Heights,cafe,LaManna Cafe,-37.7268472,144.8938799
Strathmore Heights,cafe,Coffebaby,-37.6983853,144.9096128
Strathmore Heights,cafe,Bola Bake,-37.7244396,144.8890619
Strathmore Heights,gym,Unified Fitness Systems,-37.7238343,144.8887635
Strathmore Heights,gym,Fernwood Health Club,-37.702089,144.8840389
Doncaster,supermarket,Coles,-37.786708,145.1257784
Doncaster,supermarket,Woolworths,-37.7867173,145.1262784
Doncaster,supermarket,Woolworths,-37.7729494,145.1136659
Doncaster,supermarket,ALDI,-37.7731793,145.1118816
Doncaster,supermarket,No 1 Asian Supermarket,-37.7883844,145.1181299
Doncaster,cafe,Cafe Macchiato,-37.7723587,145.1122379
Doncaster,cafe,Dolce Espresso,-37.7866493,145.125762
Doncaster,cafe,The Coffee Club,-37.7853814,145.1258992
Doncaster,cafe,Laurent,-37.7841025,145.1266971
Doncaster,cafe,Sharetea,-37.786526,145.1263349
Doncaster,cafe,Starbucks,-37.7852236,145.1257292
Doncaster,cafe,AU79,-37.7842367,145.1256755
Doncaster,gym,Genesis,-37.7858726,145.1240771
Doncaster,gym,Anytime Fitness,-37.787577,145.12646
Doncaster,gym,Unnamed gym,-37.7870799,145.1261098
Doncaster,gym,Unnamed gym,-37.7872093,145.1131487
Doncaster,library,Doncaster Library,-37.7870877,145.1311791
Doncaster East,supermarket,Coles,-37.7914336,145.1718422
Doncaster East,supermarket,KFL Supermarkets,-37.7887106,145.1610286
Doncaster East,supermarket,Persian Halal Butchery & Grocery,-37.7883914,145.149426
Doncaster East,supermarket,Woolworths,-37.7894683,145.15829
Doncaster East,cafe,La'Affogato Cafe,-37.7903383,145.1701303
Doncaster East,cafe,Home of Delicacies,-37.7906668,145.1700478
Doncaster East,cafe,Dolce Mio Pasticceria & Gelateria,-37.7917173,145.1698554
Doncaster East,cafe,Evangeline's Cafe,-37.7912898,145.1699398
Doncaster East,cafe,Cube Cafe Bar,-37.7919091,145.1700928
Doncaster East,cafe,Black Stag Cafe,-37.7918942,145.1705588
Doncaster East,cafe,Grainstore Bakery,-37.7823841,145.1635597
Doncaster East,cafe,Bob's Your Uncle,-37.7888941,145.1499401
Doncaster East,cafe,Cafe Clarinna's,-37.788853,145.1494173
Doncaster East,cafe,Zero95,-37.7879194,145.1496633
Doncaster East,cafe,Wind Chimes Cafe,-37.7826886,145.1635478
Doncaster East,cafe,Handorf's Chocolates,-37.7814001,145.1637104
Doncaster East,cafe,Rooster Rock,-37.7814484,145.1636923
Doncaster East,cafe,Up The Road,-37.7816011,145.1636295
Doncaster East,cafe,Espresso Lane Tunstall,-37.7908506,145.172368
Doncaster East,cafe,Unnamed cafe,-37.788959,145.150145
Doncaster East,gym,Sixtwo Pilates & Yoga,-37.7889124,145.1493996
Templestowe,cafe,Down The Rabbit Hole,-37.752672,145.1523901
Bulleen,supermarket,Coles,-37.7652693,145.0918512
Bulleen,supermarket,Smart Supermarket,-37.7656708,145.0919275
Bulleen,library,Bulleen Library,-37.7653673,145.0915807
Bulleen,library,Manningham Toy Library,-37.7619229,145.0986198
Balwyn North,supermarket,ALDI,-37.7912353,145.0947384
Balwyn North,supermarket,Foodworks,-37.7915665,145.0938599
Balwyn North,supermarket,IGA,-37.8034488,145.0841241
Balwyn North,supermarket,ABC Supermarket,-37.7928056,145.0710362
Balwyn North,supermarket,Balwyn North Asian Supermarket,-37.7930241,145.0721899
Balwyn North,cafe,Sylvia's Cafe and Larder,-37.8034204,145.0839945
Balwyn North,cafe,Little Nonna,-37.8033657,145.0834097
Balwyn North,cafe,Jolly Miller Cafe,-37.790971,145.0952714
Balwyn North,cafe,Travelling Bandit,-37.7916567,145.0936385
Balwyn North,cafe,The Village Cafe,-37.7929622,145.0718249
Balwyn North,cafe,Good Neighbours,-37.7868978,145.0861557
Balwyn North,cafe,Olive Lane,-37.7925919,145.0711365
Balwyn North,cafe,Tesoro,-37.7920439,145.0935581
Balwyn North,cafe,Via Roma,-37.7926959,145.071711
Balwyn North,cafe,Caffe Romeo,-37.7908047,145.0954068
Balwyn North,gym,KX Pilates,-37.7916826,145.0946781
Balwyn North,gym,Health Club,-37.7875517,145.0865054
Balwyn North,library,Greythorn Library Lounge,-37.7904636,145.0954371
Mernda,supermarket,Woolworths,-37.5940251,145.0899513
Mernda,supermarket,Coles,-37.6000034,145.0952382
Mernda,cafe,Ferguson Plarre,-37.593763,145.0898843
Mernda,cafe,Split Bean Cafe,-37.5943065,145.0903006
Mernda,cafe,Degani,-37.6000793,145.0947115
Mernda,gym,SuperGym,-37.6004771,145.096402
South Morang,supermarket,Coles,-37.6296479,145.0794343
South Morang,cafe,Miss V Espresso & Pizza Bar,-37.6294417,145.0830872
Pascoe Vale South,supermarket,Piedemonte's IGA,-37.7392053,144.9467635
Pascoe Vale South,supermarket,IGA,-37.758154,144.9393573
Pascoe Vale South,supermarket,Foodworks,-37.7304013,144.9278959
Pascoe Vale South,supermarket,Coles,-37.7315658,144.9503452
Pascoe Vale South,supermarket,Pascoe Vale Mini Mart,-37.7307393,144.9387095
Pascoe Vale South,supermarket,Sacca's Fine Foods,-37.7321843,144.9516322
Pascoe Vale South,cafe,LoLo & Wren,-37.758199,144.939661
Pascoe Vale South,cafe,Sussex Sandwich Bar,-37.7331855,144.9493642
Pascoe Vale South,cafe,Plank Espresso,-37.7303194,144.9285688
Pascoe Vale South,cafe,Hangar Cafe Restaurant,-37.7324449,144.9502136
Pascoe Vale South,cafe,Good Times,-37.7459973,144.9446594
Pascoe Vale South,cafe,O'Heas Bakey & Deli,-37.7362427,144.9498731
Pascoe Vale South,cafe,N'Joy Cafe on Cumberland,-37.7319527,144.9385237
Pascoe Vale South,cafe,Anthropology Specialty Coffee and Concept Store,-37.7315429,144.9377482
Pascoe Vale South,cafe,Coffico Coffee,-37.7300622,144.9505432
Pascoe Vale South,cafe,Bagels Baby,-37.7321861,144.9459883
Pascoe Vale South,cafe,Ferrovia,-37.7299572,144.9283996
Pascoe Vale South,cafe,Monza Carspa & Cafe,-37.7526605,144.9454812
Pascoe Vale South,cafe,Dope Donuts,-37.7537847,144.9491734
Pascoe Vale South,cafe,Unnamed cafe,-37.752778,144.9427128
Pascoe Vale South,cafe,The Little Cardboard Cafe,-37.743798,144.9282766
Pascoe Vale South,cafe,Unnamed cafe,-37.7581666,144.9448053
Pascoe Vale South,cafe,Mr Walker,-37.7566096,144.9300412
Pascoe Vale South,cafe,Unnamed cafe,-37.7302434,144.9242605
Pascoe Vale South,cafe,MaCo Cafe,-37.7535248,144.9461995
Pascoe Vale South,cafe,Lady Melville Cafe & Courtyard,-37.7539005,144.9456088
Pascoe Vale South,cafe,Gaffney Brew,-37.731872,144.9389875
Pascoe Vale South,cafe,Marlen's Warehouse,-37.7438892,144.928426
Pascoe Vale South,gym,Fitness In Sussex,-37.7294184,144.9496938
Pascoe Vale South,gym,Body Wellness Centre,-37.7324146,144.9497225
Pascoe Vale South,gym,Hybrid Strength Studio,-37.7303474,144.9275016
Pascoe Vale South,gym,Snap Fitness,-37.7323212,144.9496382
Pascoe Vale South,gym,Snap Fitness,-37.732322,144.9497391
Pascoe Vale South,library,Campbell Turnbull Library,-37.754305,144.9459513
Pascoe Vale,supermarket,Piedemonte's IGA,-37.7392053,144.9467635
Pascoe Vale,supermarket,Foodworks,-37.7304013,144.9278959
Pascoe Vale,supermarket,Foodworks,-37.7237903,144.9469242
Pascoe Vale,supermarket,Coles,-37.7315658,144.9503452
Pascoe Vale,supermarket,Pascoe Vale Mini Mart,-37.7307393,144.9387095
Pascoe Vale,supermarket,IGA,-37.7200923,144.9405948
Pascoe Vale,supermarket,Sacca's Fine Foods,-37.7321843,144.9516322
Pascoe Vale,cafe,Sussex Sandwich Bar,-37.7331855,144.9493642
Pascoe Vale,cafe,Poppy Cafe & Pantry,-37.7240388,144.946884
Pascoe Vale,cafe,Plank Espresso,-37.7303194,144.9285688
Pascoe Vale,cafe,Hangar Cafe Restaurant,-37.7324449,144.9502136
Pascoe Vale,cafe,O'Heas Bakey & Deli,-37.7362427,144.9498731
Pascoe Vale,cafe,N'Joy Cafe on Cumberland,-37.7319527,144.9385237
Pascoe Vale,cafe,Anthropology Specialty Coffee and Concept Store,-37.7315429,144.9377482
Pascoe Vale,cafe,Coffico Coffee,-37.7300622,144.9505432
Pascoe Vale,cafe,st. derby,-37.7242951,144.9468858
Pascoe Vale,cafe,Jack & Daisy,-37.727857,144.9391911
Pascoe Vale,cafe,Feast On East Cafe,-37.7101094,144.9505104
Pascoe Vale,cafe,Bagels Baby,-37.7321861,144.9459883
Pascoe Vale,cafe,Ferrovia,-37.7299572,144.9283996
Pascoe Vale,cafe,Carson,-37.7250036,144.9394127
Pascoe Vale,cafe,The Pantry,-37.7201384,144.9410001
Pascoe Vale,cafe,Rose water,-37.7166048,144.9360246
Pascoe Vale,cafe,The Acai Company,-37.7164606,144.934683
Pascoe Vale,cafe,Tarboosh,-37.7171253,144.944998
Pascoe Vale,cafe,Pascoed coffee,-37.7203156,144.9512427
Pascoe Vale,cafe,Black Penguin Cafe,-37.7261169,144.9505285
Pascoe Vale,cafe,Unnamed cafe,-37.7302434,144.9242605
Pascoe Vale,cafe,Gaffney Brew,-37.731872,144.9389875
Pascoe Vale,cafe,Sussex Street Coffee,-37.7218149,144.9513387
Pascoe Vale,gym,Fitness In Sussex,-37.7294184,144.9496938
Pascoe Vale,gym,Jetts,-37.7249986,144.9396936
Pascoe Vale,gym,Body Wellness Centre,-37.7324146,144.9497225
Pascoe Vale,gym,Hybrid Strength Studio,-37.7303474,144.9275016
Pascoe Vale,gym,Snap Fitness,-37.7323212,144.9496382
Pascoe Vale,gym,Fitness Studio,-37.7220847,144.951269
Pascoe Vale,gym,Studio 47 Reformer Pilates,-37.7219744,144.9512811
Pascoe Vale,gym,Snap Fitness,-37.732322,144.9497391
Westmeadows,supermarket,Woolworths,-37.6875423,144.8849079
Westmeadows,supermarket,ALDI,-37.6875338,144.8843357
Westmeadows,supermarket,IGA,-37.6764357,144.8865555
Westmeadows,cafe,Mayflour Cafe & Cupcake Shop,-37.676342,144.8870529
Westmeadows,cafe,West Espresso Brewers,-37.6764861,144.8862872
Westmeadows,cafe,Koffy,-37.6838736,144.8958176
Westmeadows,library,Gladstone Park Library,-37.6889032,144.8907654
Westmeadows,library,Library,-37.6757234,144.8960286
Ivanhoe East,supermarket,Woolworths,-37.7590857,145.0686273
Ivanhoe East,supermarket,Foodworks,-37.7729379,145.0584401
Ivanhoe East,cafe,Eaglemont Dish,-37.7635989,145.0543888
Ivanhoe East,cafe,Aniseed Cafe,-37.763843,145.0541544
Ivanhoe East,cafe,Aisle Seventeen,-37.7587648,145.0688624
Ivanhoe,supermarket,Woolworths,-37.7701721,145.0416219
Ivanhoe,supermarket,Bivihome,-37.7662487,145.0299719
Ivanhoe,supermarket,Coles,-37.7681531,145.0418563
Ivanhoe,cafe,Eaglemont Dish,-37.7635989,145.0543888
Ivanhoe,cafe,The Alphington Foodstore,-37.7780786,145.0307394
Ivanhoe,cafe,The Cornerstore,-37.771939,145.0456399
Ivanhoe,cafe,Docasa,-37.7716644,145.0465519
Ivanhoe,cafe,The Foreigner,-37.7664626,145.0445918
Ivanhoe,cafe,Lip Cafe,-37.7593628,145.0443093
Ivanhoe,cafe,Unnamed cafe,-37.7688318,145.0425316
Ivanhoe,cafe,Laurent,-37.7685994,145.0424133
Ivanhoe,cafe,Laurent,-37.7686373,145.0423582
Ivanhoe,cafe,Artiga Specialty Coffee,-37.7592231,145.0286774
Ivanhoe,cafe,Pinkie,-37.7681835,145.0440114
Ivanhoe,cafe,Tre Fontane,-37.7672369,145.0445173
Ivanhoe,cafe,Aniseed Cafe,-37.763843,145.0541544
Ivanhoe,cafe,Extracted,-37.7669341,145.0443302
Ivanhoe,cafe,Artiga Specialty Coffee,-37.7592181,145.0287116
Ivanhoe,cafe,Unnamed cafe,-37.7558195,145.0478111
Ivanhoe,gym,Melbourne Gym Sports,-37.7669651,145.0287004
Ivanhoe,gym,Core Principles Personal And Group Training,-37.7716817,145.0458851
Ivanhoe,library,Ivanhoe Libary,-37.7660627,145.0449974
Epping,supermarket,Woolworths,-37.6278019,145.0274063
Epping,cafe,Henry's Cafe,-37.6527251,145.0148378
Epping,cafe,Degani's,-37.6530762,145.0168369
Epping,cafe,Zoli Cafe,-37.6486899,145.0254666
Epping,cafe,Kafemana,-37.6470888,145.0197458
Epping,cafe,Millers Cafe,-37.6500453,145.0198412
Epping,cafe,DK,-37.6539739,145.0189489
Epping,cafe,Spuntino,-37.6540585,145.0188795
Epping,cafe,Ferguson Plarre,-37.6540189,145.0186365
Epping,cafe,Cafe lelunar,-37.6530637,145.0210818
Epping,gym,Snap Fitness,-37.6536486,145.022943
Lalor,supermarket,Coles,-37.6543378,145.0188275
Lalor,supermarket,ALDI,-37.6550131,145.0163052
Lalor,supermarket,Woolworths,-37.6541932,145.0175181
Lalor,supermarket,Supa IGA Thomastown,-37.6777574,144.9989322
Lalor,supermarket,Coles,-37.6730186,145.0169622
Lalor,supermarket,Zahra Grocery,-37.6730468,145.0161862
Lalor,supermarket,Fortune IGA,-37.6778323,145.0139671
Lalor,supermarket,Woolworths,-37.6723358,145.0145459
Lalor,supermarket,Kim Oanh,-37.6724064,145.0170739
Lalor,supermarket,Thiện Liên,-37.6736578,145.0168675
Lalor,supermarket,Đông Tiến,-37.6738163,145.0167885
Lalor,supermarket,Dandy Mart,-37.6739551,145.0167977
Lalor,supermarket,Santino Continental Grocery,-37.673998,145.0162019
Lalor,supermarket,Zahra Grocery,-37.6730412,145.0163624
Lalor,supermarket,Global Coffee & Niuts,-37.6728847,145.0163933
Lalor,cafe,Henry's Cafe,-37.6527251,145.0148378
Lalor,cafe,Degani's,-37.6530762,145.0168369
Lalor,cafe,Candoo Confectionary,-37.6736329,145.0160603
Lalor,cafe,Ferguson Plarre,-37.67327,145.0170799
Lalor,cafe,DK,-37.6539739,145.0189489
Lalor,cafe,Spuntino,-37.6540585,145.0188795
Lalor,cafe,Ferguson Plarre,-37.6540189,145.0186365
Lalor,cafe,Muffin Break,-37.6549871,145.0167899
Lalor,cafe,Green Bag Cafe,-37.6541653,145.0150982
Lalor,cafe,The Cake Box,-37.6735342,145.0162272
Lalor,gym,The Fitness Workshop - Lalor Gym,-37.665791,144.9914051
Lalor,library,Lalor Library,-37.6730807,145.0181803
Thomastown,supermarket,Supa IGA Thomastown,-37.6777574,144.9989322
Thomastown,supermarket,Pickles and Spices,-37.6951892,145.012757
Thomastown,supermarket,Coles,-37.6730186,145.0169622
Thomastown,supermarket,Zahra Grocery,-37.6730468,145.0161862
Thomastown,supermarket,Fortune IGA,-37.6778323,145.0139671
Thomastown,supermarket,Woolworths,-37.6723358,145.0145459
Thomastown,supermarket,Kim Oanh,-37.6724064,145.0170739
Thomastown,supermarket,Thiện Liên,-37.6736578,145.0168675
Thomastown,supermarket,Đông Tiến,-37.6738163,145.0167885
Thomastown,supermarket,Dandy Mart,-37.6739551,145.0167977
Thomastown,supermarket,Santino Continental Grocery,-37.673998,145.0162019
Thomastown,supermarket,Zahra Grocery,-37.6730412,145.0163624
Thomastown,supermarket,Global Coffee & Niuts,-37.6728847,145.0163933
Thomastown,cafe,Unnamed cafe,-37.6786351,145.0064618
Thomastown,cafe,Bean and Gone,-37.6950321,145.0105644
Thomastown,cafe,Sue's Sandwich Deli,-37.6894119,144.9943561
Thomastown,cafe,Candoo Confectionary,-37.6736329,145.0160603
Thomastown,cafe,Ferguson Plarre,-37.67327,145.0170799
Thomastown,cafe,Station Street Coffee Club,-37.6781346,145.0153177
Thomastown,cafe,Johnson Street Cafe,-37.6952196,145.0120867
Thomastown,cafe,The Cake Box,-37.6735342,145.0162272
Thomastown,gym,Anytime Fitness,-37.6781827,145.0144135
Thomastown,library,Thomastown Library,-37.6789316,145.0067845
Thomastown,library,Lalor Library,-37.6730807,145.0181803
Mill Park,supermarket,Coles,-37.6508313,145.0687423
Mill Park,supermarket,Woolworths,-37.6520545,145.0741496
Mill Park,supermarket,ALDI,-37.650551,145.0691768
Mill Park,supermarket,Woolworths,-37.6666811,145.060937
Mill Park,cafe,Chatime,-37.6508698,145.069536
Mill Park,cafe,The Coffee Club,-37.6508101,145.0699105
Mill Park,cafe,Soul Origin,-37.6514636,145.072059
Mill Park,cafe,Boost Juice,-37.6513432,145.0721356
Mill Park,library,Mill Park Library,-37.6603979,145.0748797
Bundoora,supermarket,ALDI,-37.6998024,145.058831
Bundoora,supermarket,Woolworths,-37.7128214,145.0475954
Bundoora,supermarket,Coles,-37.6972847,145.0579698
Bundoora,supermarket,Foodworks,-37.7011658,145.0720957
Bundoora,supermarket,Woolworths,-37.6950185,145.0585251
Bundoora,supermarket,Psarakos Market,-37.694299,145.0593965
Bundoora,cafe,Dairy Bell,-37.700844,145.0654488
Bundoora,cafe,Nat's place,-37.6993795,145.0586687
Bundoora,cafe,Gloria Jean's,-37.7130591,145.0476688
Bundoora,cafe,Vorea,-37.7122869,145.0477419
Bundoora,cafe,Cafe Lucio,-37.6971364,145.0584442
Bundoora,cafe,Unnamed cafe,-37.6971376,145.058073
Bundoora,cafe,Hudsons Coffee,-37.6912765,145.0623295
Bundoora,cafe,8th Nerve Cafe,-37.6962575,145.0584323
Bundoora,gym,Gym on Grimshaw,-37.7017508,145.0709745
Bundoora,library,Nash Resouce Centre - Library,-37.6914556,145.0699594
Yallambie,supermarket,IGA,-37.7126927,145.0925869
Yallambie,supermarket,Yallambie Food Mart,-37.7262906,145.1041276
Yallambie,cafe,Mr Martins Cafe,-37.712135,145.0820314
Yallambie,cafe,Wish Upon a Cupcake,-37.7125605,145.0817991
Yallambie,library,Watsonia Library,-37.7104001,145.083534
Lower Plenty,supermarket,L' Plenty food,-37.7271506,145.113013
Lower Plenty,supermarket,Yallambie Food Mart,-37.7262906,145.1041276
Lower Plenty,supermarket,ALDI,-37.7279736,145.1110688
Lower Plenty,cafe,The Manx Cafe,-37.724282,145.1237599
Kingsville,supermarket,Foodworks,-37.8067458,144.8913566
Kingsville,supermarket,Woolworths Metro,-37.81666,144.8916701
Kingsville,supermarket,IGA,-37.8166274,144.8913811
Kingsville,supermarket,Bharat Traders,-37.7972367,144.877092
Kingsville,supermarket,Unnamed supermarket,-37.8007293,144.8685916
Kingsville,supermarket,Coles,-37.816873,144.8810662
Kingsville,supermarket,IGA,-37.798141,144.8802126
Kingsville,supermarket,The Happy Apple,-37.8060054,144.8915718
Kingsville,cafe,Dad & Dave's,-37.8163041,144.8895681
Kingsville,cafe,Alfa Bakehouse,-37.8164954,144.8901059
Kingsville,cafe,Somerville Road Seafood & Chippery,-37.812325,144.8799835
Kingsville,cafe,Lola,-37.8067865,144.8917421
Kingsville,cafe,Common Galaxia,-37.8041902,144.8920822
Kingsville,cafe,Willis & Anderson,-37.8169062,144.8920915
Kingsville,cafe,Woven Cafe,-37.8204915,144.8938036
Kingsville,cafe,Little J Cafe,-37.8163691,144.8889212
Kingsville,cafe,Java Cafe,-37.8160946,144.8908872
Kingsville,cafe,Antpasti Deli Cafe,-37.8171865,144.8818864
Kingsville,cafe,Little Advi,-37.8163361,144.8908907
Kingsville,cafe,Cafe Barkly,-37.7992134,144.8937961
Kingsville,cafe,Le Vo,-37.7992167,144.8937478
Kingsville,cafe,Josephine,-37.7992787,144.8943653
Kingsville,cafe,Westerly,-37.8123011,144.8798735
Kingsville,cafe,Wee Jeanie,-37.8164713,144.8899389
Kingsville,cafe,Chatime,-37.8165455,144.8906586
Kingsville,cafe,The Little Man Cafe,-37.8051987,144.8918816
Kingsville,cafe,Miss An'am,-37.8064444,144.890849
Kingsville,cafe,Tee & Coffee,-37.8064922,144.8912606
Kingsville,cafe,Seddon Deadly Sins,-37.8047818,144.8919571
Kingsville,cafe,Tailor Made,-37.8103071,144.8895614
Kingsville,cafe,Advieh,-37.8094133,144.8901692
Kingsville,cafe,Boma Coffee,-37.8171639,144.8944731
Kingsville,cafe,Cornershop,-37.8161152,144.89118
Kingsville,cafe,West 48,-37.795709,144.8835446
Kingsville,cafe,Dumbo,-37.7940284,144.8753873
Kingsville,cafe,Unnamed cafe,-37.8124482,144.8780231
Kingsville,gym,Art of Cycling,-37.8207495,144.8937525
Kingsville,gym,Pilates and Yoga Shed,-37.8131566,144.8879125
Kingsville,gym,Big 5 Fitness,-37.8121779,144.8795253
Kingsville,library,West Footscray Library,-37.7976543,144.8781317
Seddon,supermarket,Foodworks,-37.8067458,144.8913566
Seddon,supermarket,Tân Mỹ,-37.799386,144.8998
Seddon,supermarket,Woolworths Metro,-37.81666,144.8916701
Seddon,supermarket,IGA,-37.8166274,144.8913811
Seddon,supermarket,Coles,-37.8013978,144.897529
Seddon,supermarket,Bharat Traders,-37.7972367,144.877092
Seddon,supermarket,KFL Supermarkets,-37.7994862,144.8985563
Seddon,supermarket,Ecopact Groceries,-37.8029415,144.8988455
Seddon,supermarket,Coles,-37.816873,144.8810662
Seddon,supermarket,IGA,-37.798141,144.8802126
Seddon,supermarket,D&K,-37.798678,144.9009904
Seddon,supermarket,Thành Phát,-37.7998502,144.9024005
Seddon,supermarket,Alligator Brand Pasta,-37.8213474,144.8962221
Seddon,supermarket,Western Halal Meat,-37.8011993,144.9012307
Seddon,supermarket,Salaam Namasthe,-37.801132,144.9012427
Seddon,supermarket,Famous Halal Quality,-37.8006262,144.8991833
Seddon,supermarket,The Happy Apple,-37.8060054,144.8915718
Seddon,cafe,The Whitehall Cafe,-37.8020343,144.9053523
Seddon,cafe,Dad & Dave's,-37.8163041,144.8895681
Seddon,cafe,Alfa Bakehouse,-37.8164954,144.8901059
Seddon,cafe,Somerville Road Seafood & Chippery,-37.812325,144.8799835
Seddon,cafe,Central Cafe,-37.792959,144.899093
Seddon,cafe,Vu Bar,-37.793141,144.899436
Seddon,cafe,Lola,-37.8067865,144.8917421
Seddon,cafe,Common Galaxia,-37.8041902,144.8920822
Seddon,cafe,Scarlett Corner,-37.800281,144.901256
Seddon,cafe,Maples,-37.800755,144.899536
Seddon,cafe,Willis & Anderson,-37.8169062,144.8920915
Seddon,cafe,Cafe Lalibella,-37.8021827,144.8980455
Seddon,cafe,Footscray Milking Station,-37.8030304,144.9038807
Seddon,cafe,Woven Cafe,-37.8204915,144.8938036
Seddon,cafe,Little J Cafe,-37.8163691,144.8889212
Seddon,cafe,Java Cafe,-37.8160946,144.8908872
Seddon,cafe,Roadhaven Cafe,-37.8084519,144.9018378
Seddon,cafe,Antpasti Deli Cafe,-37.8171865,144.8818864
Seddon,cafe,Little Advi,-37.8163361,144.8908907
Seddon,cafe,CoCo Fresh Tea & Juice,-37.8000277,144.9008245
Seddon,cafe,Jazeera Cafe,-37.8007888,144.899959
Seddon,cafe,Unnamed cafe,-37.801479,144.8991037
Seddon,cafe,Footscray Royal Cafe,-37.7995281,144.8993329
Seddon,cafe,Da Net Cafe,-37.7994488,144.898145
Seddon,cafe,Ollie's Deli,-37.7994805,144.8992995
Seddon,cafe,Upsize,-37.7992772,144.8965347
Seddon,cafe,Mehretina Cafe,-37.799799,144.8970619
Seddon,cafe,Footscray Shisha,-37.7991709,144.8955412
Seddon,cafe,Cafe Barkly,-37.7992134,144.8937961
Seddon,cafe,The Theatre Society Cafe,-37.7993549,144.8947309
Seddon,cafe,Le Vo,-37.7992167,144.8937478
Seddon,cafe,Josephine,-37.7992787,144.8943653
Seddon,cafe,The Little Rabbit Cafe,-37.7993585,144.8947935
Seddon,cafe,Westerly,-37.8123011,144.8798735
Seddon,cafe,Wee Jeanie,-37.8164713,144.8899389
Seddon,cafe,The Morning Rush,-37.8033406,144.8997633
Seddon,cafe,Mason and Eric Cafe,-37.8075474,144.9042924
Seddon,cafe,Chatime,-37.8165455,144.8906586
Seddon,cafe,Counterweight Vinyl & Espresso,-37.8004413,144.899786
Seddon,cafe,The Little Man Cafe,-37.8051987,144.8918816
Seddon,cafe,Miss An'am,-37.8064444,144.890849
Seddon,cafe,Tee & Coffee,-37.8064922,144.8912606
Seddon,cafe,The Local Cafe,-37.7976656,144.9036732
Seddon,cafe,Cafe Bulldog,-37.8002151,144.8997944
Seddon,cafe,Popping&Tea,-37.7998265,144.9021021
Seddon,cafe,Seddon Deadly Sins,-37.8047818,144.8919571
Seddon,cafe,Rudimentary,-37.7981687,144.901086
Seddon,cafe,Tailor Made,-37.8103071,144.8895614
Seddon,cafe,Advieh,-37.8094133,144.8901692
Seddon,cafe,Boma Coffee,-37.8171639,144.8944731
Seddon,cafe,Cornershop,-37.8161152,144.89118
Seddon,cafe,Cafe Asmara,-37.8000419,144.8997302
Seddon,cafe,Dahlak,-37.7917563,144.8892318
Seddon,cafe,West 48,-37.795709,144.8835446
Seddon,cafe,Addis cafe and roastery,-37.80354,144.898589
Seddon,cafe,"Queen of Sheba restaurant, bar & cafe",-37.8034933,144.8985849
Seddon,cafe,Luuq Food Cafe,-37.8034487,144.898623
Seddon,cafe,Unnamed cafe,-37.8124482,144.8780231
Seddon,cafe,Fig & Walnut Cafe,-37.8097499,144.8954391
Seddon,gym,The Exercise Room,-37.803324,144.8947601
Seddon,gym,Hot Bikram Yoga,-37.8162615,144.8979333
Seddon,gym,Fusion Martial Arts,-37.8210999,144.8962333
Seddon,gym,Art of Cycling,-37.8207495,144.8937525
Seddon,gym,Pilates and Yoga Shed,-37.8131566,144.8879125
Seddon,gym,Snap Fitness,-37.8000493,144.8993755
Seddon,gym,Dragon,-37.7989534,144.9009403
Seddon,gym,Anytime Fitness,-37.800852,144.8974742
Seddon,gym,The Gym Yarraville,-37.8203744,144.8957768
Seddon,gym,Fernwood,-37.8199146,144.8984966
Seddon,gym,Focus Health & Fitness,-37.8099768,144.8993495
Seddon,gym,Big 5 Fitness,-37.8121779,144.8795253
Seddon,gym,Fit 24 X 7,-37.7999663,144.9023241
Seddon,library,Unnamed library,-37.7932678,144.9013832
Seddon,library,West Footscray Library,-37.7976543,144.8781317
Seddon,library,Footscray Library,-37.8001297,144.895876
Seddon,library,Footscray Mechanics' Institute Library,-37.8034945,144.8991883
Yarraville,supermarket,Foodworks,-37.8067458,144.8913566
Yarraville,supermarket,Woolworths Metro,-37.81666,144.8916701
Yarraville,supermarket,IGA,-37.8166274,144.8913811
Yarraville,supermarket,Local Grocer IGA,-37.8296604,144.8858342
Yarraville,supermarket,Woolworths,-37.8318024,144.8831375
Yarraville,supermarket,Coles,-37.816873,144.8810662
Yarraville,supermarket,Alligator Brand Pasta,-37.8213474,144.8962221
Yarraville,supermarket,The Happy Apple,-37.8060054,144.8915718
Yarraville,cafe,Dad & Dave's,-37.8163041,144.8895681
Yarraville,cafe,Alfa Bakehouse,-37.8164954,144.8901059
Yarraville,cafe,Crème de la Crème,-37.8297009,144.8844213
Yarraville,cafe,Somerville Road Seafood & Chippery,-37.812325,144.8799835
Yarraville,cafe,Lola,-37.8067865,144.8917421
Yarraville,cafe,Common Galaxia,-37.8041902,144.8920822
Yarraville,cafe,Willis & Anderson,-37.8169062,144.8920915
Yarraville,cafe,Unnamed cafe,-37.8297346,144.885279
Yarraville,cafe,Unnamed cafe,-37.829633,144.8855713
Yarraville,cafe,Woven Cafe,-37.8204915,144.8938036
Yarraville,cafe,Little J Cafe,-37.8163691,144.8889212
Yarraville,cafe,Java Cafe,-37.8160946,144.8908872
Yarraville,cafe,Antpasti Deli Cafe,-37.8171865,144.8818864
Yarraville,cafe,Little Advi,-37.8163361,144.8908907
Yarraville,cafe,Westerly,-37.8123011,144.8798735
Yarraville,cafe,Wee Jeanie,-37.8164713,144.8899389
Yarraville,cafe,Chatime,-37.8165455,144.8906586
Yarraville,cafe,The Little Man Cafe,-37.8051987,144.8918816
Yarraville,cafe,Miss An'am,-37.8064444,144.890849
Yarraville,cafe,Tee & Coffee,-37.8064922,144.8912606
Yarraville,cafe,Seddon Deadly Sins,-37.8047818,144.8919571
Yarraville,cafe,Tailor Made,-37.8103071,144.8895614
Yarraville,cafe,Advieh,-37.8094133,144.8901692
Yarraville,cafe,Boma Coffee,-37.8171639,144.8944731
Yarraville,cafe,Cornershop,-37.8161152,144.89118
Yarraville,cafe,Unnamed cafe,-37.8124482,144.8780231
Yarraville,cafe,Fig & Walnut Cafe,-37.8097499,144.8954391
Yarraville,gym,The Exercise Room,-37.803324,144.8947601
Yarraville,gym,Fusion Martial Arts,-37.8210999,144.8962333
Yarraville,gym,Art of Cycling,-37.8207495,144.8937525
Yarraville,gym,Pilates and Yoga Shed,-37.8131566,144.8879125
Yarraville,gym,Body Fit Training,-37.8280915,144.8869416
Yarraville,gym,F45 Training,-37.8282532,144.8868779
Yarraville,gym,The Gym Yarraville,-37.8203744,144.8957768
Yarraville,gym,Big 5 Fitness,-37.8121779,144.8795253
Spotswood,supermarket,Woolworths Metro,-37.81666,144.8916701
Spotswood,supermarket,IGA,-37.8166274,144.8913811
Spotswood,supermarket,Local Grocer IGA,-37.8296604,144.8858342
Spotswood,supermarket,Woolworths,-37.8318024,144.8831375
Spotswood,supermarket,Coles,-37.816873,144.8810662
Spotswood,supermarket,Alligator Brand Pasta,-37.8213474,144.8962221
Spotswood,cafe,Dad & Dave's,-37.8163041,144.8895681
Spotswood,cafe,Alfa Bakehouse,-37.8164954,144.8901059
Spotswood,cafe,Crème de la Crème,-37.8297009,144.8844213
Spotswood,cafe,Willis & Anderson,-37.8169062,144.8920915
Spotswood,cafe,Candied Bakery,-37.8346993,144.8853758
Spotswood,cafe,Unnamed cafe,-37.8297346,144.885279
Spotswood,cafe,Unnamed cafe,-37.829633,144.8855713
Spotswood,cafe,Routleys Bakery,-37.8424186,144.8810925
Spotswood,cafe,Woven Cafe,-37.8204915,144.8938036
Spotswood,cafe,Little J Cafe,-37.8163691,144.8889212
Spotswood,cafe,Java Cafe,-37.8160946,144.8908872
Spotswood,cafe,Antpasti Deli Cafe,-37.8171865,144.8818864
Spotswood,cafe,Newport 1881,-37.8419772,144.8796803
Spotswood,cafe,Little Advi,-37.8163361,144.8908907
Spotswood,cafe,Indi Kitch,-37.8408909,144.8827701
Spotswood,cafe,Wee Jeanie,-37.8164713,144.8899389
Spotswood,cafe,Chatime,-37.8165455,144.8906586
Spotswood,cafe,The Backyard,-37.8426387,144.8816162
Spotswood,cafe,Leroys,-37.8430242,144.8825096
Spotswood,cafe,Stepping Stone,-37.8403469,144.8805286
Spotswood,cafe,Hart of Hall Cookery School & Cafe,-37.8430908,144.8840462
Spotswood,cafe,Boma Coffee,-37.8171639,144.8944731
Spotswood,cafe,Cornershop,-37.8161152,144.89118
Spotswood,cafe,Pango Coffee,-37.8426834,144.8839273
Spotswood,gym,Hot Bikram Yoga,-37.8162615,144.8979333
Spotswood,gym,Fusion Martial Arts,-37.8210999,144.8962333
Spotswood,gym,Art of Cycling,-37.8207495,144.8937525
Spotswood,gym,Yoga Path,-37.843904,144.8843456
Spotswood,gym,Body Fit Training,-37.8280915,144.8869416
Spotswood,gym,F45 Training,-37.8282532,144.8868779
Spotswood,gym,The Gym Yarraville,-37.8203744,144.8957768
Spotswood,gym,Fernwood,-37.8199146,144.8984966
Spotswood,library,Newport Library,-37.8429846,144.8816779
Newport,supermarket,Woolworths,-37.8577633,144.8825866
Newport,supermarket,Local Grocer IGA,-37.8296604,144.8858342
Newport,supermarket,Woolworths,-37.8318024,144.8831375
Newport,cafe,The Pint of Milk,-37.845333,144.8923868
Newport,cafe,Crème de la Crème,-37.8297009,144.8844213
Newport,cafe,Candied Bakery,-37.8346993,144.8853758
Newport,cafe,Unnamed cafe,-37.8297346,144.885279
Newport,cafe,Unnamed cafe,-37.829633,144.8855713
Newport,cafe,Routleys Bakery,-37.8424186,144.8810925
Newport,cafe,Newport 1881,-37.8419772,144.8796803
Newport,cafe,Indi Kitch,-37.8408909,144.8827701
Newport,cafe,Elephant Cafe,-37.8464809,144.8688911
Newport,cafe,Coffeeism,-37.8577669,144.8820796
Newport,cafe,The Backyard,-37.8426387,144.8816162
Newport,cafe,Leroys,-37.8430242,144.8825096
Newport,cafe,Stepping Stone,-37.8403469,144.8805286
Newport,cafe,Hart of Hall Cookery School & Cafe,-37.8430908,144.8840462
Newport,cafe,Pango Coffee,-37.8426834,144.8839273
Newport,cafe,Searz Cafe,-37.8457715,144.8725188
Newport,gym,Yoga Path,-37.843904,144.8843456
Newport,library,Newport Library,-37.8429846,144.8816779
Research,cafe,Unnamed cafe,-37.7070718,145.2033806
North Warrandyte,cafe,CoCoa Moon,-37.7378546,145.2193541
North Warrandyte,cafe,Now and Not Yet,-37.7381087,145.2190194
North Warrandyte,library,Warrandyte Library,-37.7376851,145.2196474
Warrandyte,cafe,CoCoa Moon,-37.7378546,145.2193541
Warrandyte,cafe,Now and Not Yet,-37.7381087,145.2190194
Warrandyte,cafe,Warrandyte Cafe,-37.7410624,145.2120871
Warrandyte,cafe,Warrandyte Stonehouse Cafe,-37.7392646,145.2296912
Warrandyte,cafe,Warran Glen Cafe,-37.7450008,145.2361359
Warrandyte,library,Warrandyte Library,-37.7376851,145.2196474
Warranwood,cafe,Common Room,-37.7861667,145.2552042
Ringwood North,supermarket,Ritchies,-37.7941495,145.2357555
Ringwood North,cafe,Little Buddy Cafe,-37.8087476,145.2191354
Ringwood North,cafe,23 Cafe Restaurant Bar.,-37.7946099,145.2355304
Ringwood North,cafe,Rubiki,-37.79461,145.2363067
Ringwood North,cafe,Leaf & Vine,-37.7986137,145.240599
Ringwood North,cafe,Vanille Blanche Cafe,-37.7955638,145.2353602
Ringwood North,gym,Total Fitness For Life,-37.7939984,145.2359664
Ringwood North,gym,Anytime Fitness,-37.7942781,145.2362841
Park Orchards,cafe,Blue Dog Café,-37.7791422,145.2170398
Park Orchards,cafe,Lorenti Cafe & Deli,-37.7791965,145.2173161
Croydon North,supermarket,Coles,-37.7710664,145.2940313
Croydon Hills,supermarket,Jefferies | Your Local Provedore,-37.783285,145.2692902
Croydon Hills,cafe,Rumour Mill,-37.7837204,145.2685623
Croydon Hills,cafe,Common Room,-37.7861667,145.2552042
Croydon Hills,cafe,The Scented Garden Cafe,-37.7838197,145.2693292
Croydon,supermarket,Coles,-37.794199,145.2791738
Croydon,supermarket,Woolworths,-37.8001309,145.2830309
Croydon,supermarket,Rangoon City Mart,-37.7985307,145.2810421
Croydon,supermarket,ALDI,-37.7934467,145.2785468
Croydon,supermarket,Jefferies | Your Local Provedore,-37.783285,145.2692902
Croydon,cafe,Rumour Mill,-37.7837204,145.2685623
Croydon,cafe,The Full Pantry,-37.7901276,145.266826
Croydon,cafe,The Scented Garden Cafe,-37.7838197,145.2693292
Croydon,cafe,Miss Lacey Cafe and Wine Bar,-37.7951579,145.2820116
Croydon,cafe,Blackwork,-37.7963072,145.2822679
Croydon,cafe,CF,-37.8016916,145.2852527
Croydon,gym,Anytime Fitness,-37.7992807,145.2805145
Croydon,gym,Snap Fitness,-37.7991393,145.2835027
Croydon,library,CD,-37.8015875,145.286095
Croydon,library,Croydon Library,-37.8006106,145.2817446
Ringwood East,supermarket,ABC Supermarket,-37.8266695,145.2561383
Ringwood East,supermarket,IGA,-37.8120235,145.2516228
Ringwood East,supermarket,Chinland Asian Grocery,-37.812436,145.2499075
Ringwood East,cafe,Car City Cafe,-37.801046,145.2485038
Ringwood East,cafe,The Fortunate Son Cafe,-37.8194402,145.2444832
Ringwood East,cafe,Leaf & Vine,-37.7986137,145.240599
Ringwood East,cafe,Th!nk.cafe.,-37.8120343,145.2512851
Ringwood East,cafe,Cafe Emjay,-37.8124989,145.2496647
Ringwood East,cafe,Oliru Cafe,-37.8123423,145.2502368
Ringwood East,cafe,The Younger Brother,-37.8130203,145.2478351
Ringwood East,cafe,Juliette Coffee & Bread,-37.80165,145.2594508
Ringwood East,cafe,Roxy's Kitchen,-37.8044402,145.2538569
Ringwood East,gym,Tone and Trim Zone,-37.8130772,145.2477101
Plenty,cafe,Plentiful General Store,-37.6695579,145.123235
Yarrambat,cafe,Tanck’s Corner,-37.6399784,145.1342279
Diamond Creek,supermarket,Coles,-37.6735307,145.159387
Diamond Creek,supermarket,IGA,-37.6746392,145.1588555
Diamond Creek,cafe,Platters Cafe,-37.673949,145.1596766
Diamond Creek,cafe,8.8oz,-37.6748732,145.159641
Diamond Creek,cafe,Bridies,-37.6744112,145.1579601
Diamond Creek,cafe,The Vines Cafe,-37.6724207,145.1512341
Diamond Creek,cafe,Diamond Creek Tram Cafe,-37.6779039,145.1517359
Diamond Creek,gym,Anytime Fitness,-37.6739815,145.1599857
Diamond Creek,gym,VivaLife Pilates Studio,-37.6731417,145.1512609
Diamond Creek,gym,Infinity 360,-37.6747744,145.1591457
Diamond Creek,gym,F45 Training,-37.6730642,145.1562111
Oakleigh East,supermarket,Woolworths,-37.9009686,145.0910073
Oakleigh East,supermarket,Golden Groceries,-37.9003419,145.090747
Oakleigh East,supermarket,Huntingdale IGA X-press,-37.9099644,145.1035576
Oakleigh East,supermarket,Friendly Cellars,-37.8987131,145.0908689
Oakleigh East,cafe,Stanley,-37.894657,145.1142505
Oakleigh East,cafe,Cafe Du Coin,-37.9005958,145.1044402
Oakleigh East,cafe,Toshlina’s Coffee & Food,-37.8991643,145.0941194
Oakleigh East,cafe,Cosmic Bear Cafe,-37.8989404,145.0908399
Oakleigh East,cafe,Ambrosiary,-37.9005231,145.0917191
Oakleigh East,cafe,Mykonos,-37.9003997,145.0909924
Oakleigh East,cafe,Botaniko,-37.9001047,145.0909395
Oakleigh East,cafe,Queen of The Roast,-37.9092739,145.1041935
Oakleigh East,cafe,Burgled,-37.9095909,145.1035261
Oakleigh East,cafe,Balila Lebanese Cuisine and Cafe,-37.9101967,145.1034839
Oakleigh East,cafe,Ambrosia Cafe,-37.9103146,145.1034029
Oakleigh East,cafe,A.1.Nibbles Sandwiches,-37.9099934,145.1039463
Oakleigh East,cafe,Main Street Cafe,-37.9098332,145.1040023
Oakleigh East,cafe,Basil & Macrina,-37.8982503,145.1150722
Oakleigh East,gym,Jetts Fitness,-37.90137,145.091077
Oakleigh East,gym,Zap Fitness,-37.9099972,145.1191352
Oakleigh East,gym,Anytime Fitness,-37.8991186,145.0936711
Oakleigh East,gym,KC Pilates,-37.8989469,145.0927674
Oakleigh East,gym,Taketani Judo Academy,-37.9097682,145.1097988
Oakleigh East,gym,Phoenix Weightlifting Club,-37.908945,145.1021578
Oakleigh East,gym,Oakleigh Indoor Sports and Inflatable World,-37.9090855,145.1005427
Oakleigh East,gym,Rec Express,-37.9085534,145.1036375
Huntingdale,supermarket,Huntingdale IGA X-press,-37.9099644,145.1035576
Huntingdale,cafe,Stanley,-37.894657,145.1142505
Huntingdale,cafe,zouki,-37.9206886,145.1231377
Huntingdale,cafe,Gigil,-37.9196005,145.1233919
Huntingdale,cafe,Cafe Du Coin,-37.9005958,145.1044402
Huntingdale,cafe,Toshlina’s Coffee & Food,-37.8991643,145.0941194
Huntingdale,cafe,Café Soho,-37.9112762,145.1228626
Huntingdale,cafe,Sweet Bites Lunch Bar,-37.9155158,145.1055898
Huntingdale,cafe,Queen of The Roast,-37.9092739,145.1041935
Huntingdale,cafe,Burgled,-37.9095909,145.1035261
Huntingdale,cafe,Balila Lebanese Cuisine and Cafe,-37.9101967,145.1034839
Huntingdale,cafe,Ambrosia Cafe,-37.9103146,145.1034029
Huntingdale,cafe,A.1.Nibbles Sandwiches,-37.9099934,145.1039463
Huntingdale,cafe,Main Street Cafe,-37.9098332,145.1040023
Huntingdale,cafe,Basil & Macrina,-37.8982503,145.1150722
Huntingdale,gym,Zap Fitness,-37.9099972,145.1191352
Huntingdale,gym,Anytime Fitness,-37.8991186,145.0936711
Huntingdale,gym,Taketani Judo Academy,-37.9097682,145.1097988
Huntingdale,gym,Phoenix Weightlifting Club,-37.908945,145.1021578
Huntingdale,gym,Oakleigh Indoor Sports and Inflatable World,-37.9090855,145.1005427
Huntingdale,gym,Rec Express,-37.9085534,145.1036375
Hughesdale,supermarket,Coles,-37.8855399,145.0845484
Hughesdale,supermarket,Woolworths,-37.887188,145.0842821
Hughesdale,supermarket,ALDI,-37.8863767,145.0839366
Hughesdale,supermarket,Woolworths,-37.9009686,145.0910073
Hughesdale,supermarket,Coles,-37.901233,145.0903717
Hughesdale,supermarket,Golden Groceries,-37.9003419,145.090747
Hughesdale,supermarket,Friendly Cellars,-37.8987131,145.0908689
Hughesdale,supermarket,Asian Supermarket,-37.8999943,145.0904213
Hughesdale,cafe,Gloria Jean's,-37.8861032,145.0838791
Hughesdale,cafe,Vanilla Lounge and Cakes,-37.8993547,145.0898381
Hughesdale,cafe,Muffin Break,-37.900804,145.090371
Hughesdale,cafe,Coffee to Go,-37.9003067,145.0880771
Hughesdale,cafe,Brew Bar,-37.8951395,145.0765394
Hughesdale,cafe,Masala Chai Cafe,-37.8985902,145.0869409
Hughesdale,cafe,Chez Maria,-37.8992542,145.0899317
Hughesdale,cafe,Risk,-37.8991591,145.0902011
Hughesdale,cafe,Aristo Cafe,-37.8986595,145.0884697
Hughesdale,cafe,Retsi Cafe & Bar,-37.899222,145.0901919
Hughesdale,cafe,St. Gerry's Dessert Bar,-37.8993831,145.0901668
Hughesdale,cafe,Bakaliko,-37.900198,145.0894976
Hughesdale,cafe,Pagoto Gelato & Waffle House,-37.900182,145.0893482
Hughesdale,cafe,Cafe Omnia,-37.8900237,145.0681408
Hughesdale,cafe,Temperance Society,-37.9001489,145.0810983
Hughesdale,cafe,Starbucks,-37.8868658,145.0838351
Hughesdale,cafe,Perasma,-37.8947148,145.0875109
Hughesdale,cafe,Dosa One,-37.8942417,145.0769887
Hughesdale,cafe,Pepperills Cafe,-37.9011096,145.0884937
Hughesdale,cafe,Toshlina’s Coffee & Food,-37.8991643,145.0941194
Hughesdale,cafe,Cosmic Bear Cafe,-37.8989404,145.0908399
Hughesdale,cafe,Gotcha X Brioche,-37.8852325,145.0836327
Hughesdale,cafe,Boost Juice,-37.8850347,145.0837263
Hughesdale,cafe,Little Sparrow,-37.8847107,145.0839221
Hughesdale,cafe,Godiva,-37.8848043,145.0838227
Hughesdale,cafe,The Little Spot,-37.8908723,145.0664364
Hughesdale,cafe,The Alleyway Cartel,-37.8896906,145.0679071
Hughesdale,cafe,Gong Cha,-37.8859719,145.0832539
Hughesdale,cafe,Machi machi,-37.8871193,145.0811644
Hughesdale,cafe,Dalgety's Cafe,-37.8919653,145.0894109
Hughesdale,cafe,Cote Terra,-37.8992062,145.0884074
Hughesdale,cafe,Nikos Oakleigh Quality Cakes,-37.8999297,145.089816
Hughesdale,cafe,Nikos,-37.8999258,145.0897393
Hughesdale,cafe,Express Cafe,-37.8997931,145.0883637
Hughesdale,cafe,Ambrosiary,-37.9005231,145.0917191
Hughesdale,cafe,Mykonos,-37.9003997,145.0909924
Hughesdale,cafe,The Last Piece,-37.9002708,145.0899934
Hughesdale,cafe,Botaniko,-37.9001047,145.0909395
Hughesdale,cafe,Aroma,-37.8998137,145.0902089
Hughesdale,cafe,Levi,-37.8907605,145.0671243
Hughesdale,cafe,Daniel Son,-37.8900292,145.0675703
Hughesdale,cafe,Chichi House Cafe,-37.8943796,145.0773818
Hughesdale,gym,Jetts Fitness,-37.90137,145.091077
Hughesdale,gym,Pivotal Health & Fitness,-37.8932192,145.0771748
Hughesdale,gym,Anytime Fitness,-37.8991186,145.0936711
Hughesdale,gym,KC Pilates,-37.8989469,145.0927674
Hughesdale,gym,Sweat Nation,-37.8894162,145.0670886
Hughesdale,library,Oakleigh Library (City Of Monash),-37.8973303,145.0903144
Notting Hill,supermarket,Coles,-37.8915244,145.14381
Notting Hill,supermarket,The Monash Merchant,-37.9118936,145.1359711
Notting Hill,supermarket,Monash Mini Merchant,-37.911962,145.1330597
Notting Hill,cafe,Uni Park Cafe,-37.9159446,145.1483704
Notting Hill,cafe,Monash Snack Bar,-37.9095973,145.1514536
Notting Hill,cafe,Emporium Seven,-37.9003097,145.1435948
Notting Hill,cafe,Kafe Mument,-37.9101277,145.1420044
Notting Hill,cafe,Perfect Choice,-37.8913487,145.1427666
Notting Hill,cafe,Pinewood Sandwich Bar,-37.8909704,145.1438161
Notting Hill,cafe,Jackman Eatery,-37.8915398,145.1435277
Notting Hill,cafe,Meeting Point,-37.9114896,145.1329461
Notting Hill,cafe,Artichoke and Whitebait,-37.9119072,145.1328326
Notting Hill,cafe,JP's Cafe,-37.9070967,145.1376457
Notting Hill,cafe,Saporo,-37.9078492,145.132316
Notting Hill,cafe,Overflow Cafe Wine Bar,-37.893232,145.1440423
Notting Hill,cafe,XS Roasting Kitchen,-37.9089519,145.1588272
Notting Hill,cafe,Church of Secular Coffee,-37.9114985,145.1343235
Notting Hill,cafe,Wholefoods,-37.9117568,145.1332253
Notting Hill,cafe,Cafe Axxess,-37.8981315,145.1337951
Notting Hill,cafe,Grafali's Coffee Roasters,-37.911816,145.133102
Notting Hill,cafe,Unnamed cafe,-37.9205237,145.1437637
Notting Hill,cafe,Maryam's Cafe,-37.9171433,145.1392892
Notting Hill,cafe,Boost Juice,-37.911517,145.1331962
Notting Hill,cafe,Pi Café,-37.9174161,145.153981
Notting Hill,cafe,lizzie P,-37.9099473,145.146071
Notting Hill,cafe,Swift's Cafe,-37.9128232,145.1340817
Notting Hill,cafe,Secret Garden Eatery,-37.9098385,145.1323381
Notting Hill,cafe,Cafelito,-37.9136303,145.132763
Notting Hill,cafe,Cafe Nesso,-37.9138418,145.1328837
Notting Hill,cafe,Little Big Shot 3,-37.9136303,145.1327632
Notting Hill,cafe,Script @ Jazz Club,-37.9131416,145.1336302
Notting Hill,cafe,Little Collins Cafe,-37.9006673,145.1346427
Notting Hill,cafe,E&J Cafe,-37.9028716,145.1321806
Notting Hill,cafe,Four Point Grind,-37.8998289,145.1426168
Notting Hill,cafe,Wicked Cafe,-37.9009483,145.1312993
Notting Hill,cafe,Ricketts Cafe,-37.8954808,145.1427327
Notting Hill,cafe,Poacher & Hound Cafe & Catering,-37.8944145,145.1342746
Notting Hill,cafe,The Little Birdie Cafee,-37.8948811,145.132646
Notting Hill,cafe,Podium Cafe,-37.9196083,145.1594642
Notting Hill,cafe,Sentosa,-37.9191126,145.1547885
Notting Hill,cafe,Sunny Lane,-37.9124679,145.1395759
Notting Hill,cafe,The Meating House,-37.9166715,145.1507517
Notting Hill,cafe,Little V Cafe,-37.9159603,145.1513643
Notting Hill,cafe,Sharetea,-37.9114064,145.13442
Notting Hill,cafe,Gilby's Cafe,-37.8953652,145.137424
Notting Hill,gym,Training Day,-37.9190182,145.135523
Notting Hill,gym,Monash Sport Fitness Centre,-37.9133436,145.1360148
Notting Hill,library,Law Library,-37.913008,145.1319215
Notting Hill,library,Manga Library,-37.9134344,145.1306135
Notting Hill,library,Hargrave-Andrew Library,-37.9096726,145.1320945
Notting Hill,library,Sir Louis Matheson Library,-37.9129916,145.1344006
Oakleigh,supermarket,Woolworths,-37.887188,145.0842821
Oakleigh,supermarket,ALDI,-37.8863767,145.0839366
Oakleigh,supermarket,Woolworths,-37.9009686,145.0910073
Oakleigh,supermarket,Coles,-37.901233,145.0903717
Oakleigh,supermarket,Golden Groceries,-37.9003419,145.090747
Oakleigh,supermarket,Huntingdale IGA X-press,-37.9099644,145.1035576
Oakleigh,supermarket,Friendly Cellars,-37.8987131,145.0908689
Oakleigh,supermarket,Asian Supermarket,-37.8999943,145.0904213
Oakleigh,cafe,Gloria Jean's,-37.8861032,145.0838791
Oakleigh,cafe,Vanilla Lounge and Cakes,-37.8993547,145.0898381
Oakleigh,cafe,Muffin Break,-37.900804,145.090371
Oakleigh,cafe,Coffee to Go,-37.9003067,145.0880771
Oakleigh,cafe,Masala Chai Cafe,-37.8985902,145.0869409
Oakleigh,cafe,Chez Maria,-37.8992542,145.0899317
Oakleigh,cafe,Risk,-37.8991591,145.0902011
Oakleigh,cafe,Aristo Cafe,-37.8986595,145.0884697
Oakleigh,cafe,Retsi Cafe & Bar,-37.899222,145.0901919
Oakleigh,cafe,St. Gerry's Dessert Bar,-37.8993831,145.0901668
Oakleigh,cafe,Bakaliko,-37.900198,145.0894976
Oakleigh,cafe,Pagoto Gelato & Waffle House,-37.900182,145.0893482
Oakleigh,cafe,Temperance Society,-37.9001489,145.0810983
Oakleigh,cafe,Cafe Du Coin,-37.9005958,145.1044402
Oakleigh,cafe,Starbucks,-37.8868658,145.0838351
Oakleigh,cafe,Perasma,-37.8947148,145.0875109
Oakleigh,cafe,Pepperills Cafe,-37.9011096,145.0884937
Oakleigh,cafe,Toshlina’s Coffee & Food,-37.8991643,145.0941194
Oakleigh,cafe,Cosmic Bear Cafe,-37.8989404,145.0908399
Oakleigh,cafe,Gong Cha,-37.8859719,145.0832539
Oakleigh,cafe,Machi machi,-37.8871193,145.0811644
Oakleigh,cafe,Sweet Bites Lunch Bar,-37.9155158,145.1055898
Oakleigh,cafe,Dalgety's Cafe,-37.8919653,145.0894109
Oakleigh,cafe,Cote Terra,-37.8992062,145.0884074
Oakleigh,cafe,Nikos Oakleigh Quality Cakes,-37.8999297,145.089816
Oakleigh,cafe,Nikos,-37.8999258,145.0897393
Oakleigh,cafe,Express Cafe,-37.8997931,145.0883637
Oakleigh,cafe,Ambrosiary,-37.9005231,145.0917191
Oakleigh,cafe,Mykonos,-37.9003997,145.0909924
Oakleigh,cafe,The Last Piece,-37.9002708,145.0899934
Oakleigh,cafe,Botaniko,-37.9001047,145.0909395
Oakleigh,cafe,Aroma,-37.8998137,145.0902089
Oakleigh,cafe,Queen of The Roast,-37.9092739,145.1041935
Oakleigh,cafe,Burgled,-37.9095909,145.1035261
Oakleigh,cafe,Balila Lebanese Cuisine and Cafe,-37.9101967,145.1034839
Oakleigh,cafe,Ambrosia Cafe,-37.9103146,145.1034029
Oakleigh,cafe,A.1.Nibbles Sandwiches,-37.9099934,145.1039463
Oakleigh,cafe,Main Street Cafe,-37.9098332,145.1040023
Oakleigh,gym,Jetts Fitness,-37.90137,145.091077
Oakleigh,gym,Anytime Fitness,-37.8991186,145.0936711
Oakleigh,gym,KC Pilates,-37.8989469,145.0927674
Oakleigh,gym,Taketani Judo Academy,-37.9097682,145.1097988
Oakleigh,gym,Phoenix Weightlifting Club,-37.908945,145.1021578
Oakleigh,gym,Oakleigh Indoor Sports and Inflatable World,-37.9090855,145.1005427
Oakleigh,gym,Rec Express,-37.9085534,145.1036375
Oakleigh,library,Oakleigh Library (City Of Monash),-37.8973303,145.0903144
Murrumbeena,supermarket,Coles,-37.8855399,145.0845484
Murrumbeena,supermarket,Woolworths,-37.887188,145.0842821
Murrumbeena,supermarket,ALDI,-37.8863767,145.0839366
Murrumbeena,supermarket,Woolworths,-37.8845285,145.0587077
Murrumbeena,supermarket,ALDI,-37.8846726,145.0588846
Murrumbeena,supermarket,OK Asian Supermarket,-37.8853827,145.0575483
Murrumbeena,supermarket,Indian Grocery,-37.885233,145.0575882
Murrumbeena,supermarket,IGA,-37.8857274,145.0586068
Murrumbeena,supermarket,MVJ,-37.8877722,145.0570956
Murrumbeena,supermarket,Woolworths,-37.8876801,145.0564116
Murrumbeena,cafe,Gloria Jean's,-37.8861032,145.0838791
Murrumbeena,cafe,Brew Bar,-37.8951395,145.0765394
Murrumbeena,cafe,Cafe Omnia,-37.8900237,145.0681408
Murrumbeena,cafe,Slave 2 The Bean,-37.8875283,145.0572406
Murrumbeena,cafe,Tailored,-37.8854254,145.0575412
Murrumbeena,cafe,Spilt Milk,-37.8889789,145.0567426
Murrumbeena,cafe,Temperance Society,-37.9001489,145.0810983
Murrumbeena,cafe,Starbucks,-37.8868658,145.0838351
Murrumbeena,cafe,Dosa One,-37.8942417,145.0769887
Murrumbeena,cafe,Grouse,-37.8854899,145.0580208
Murrumbeena,cafe,Gotcha X Brioche,-37.8852325,145.0836327
Murrumbeena,cafe,Boost Juice,-37.8850347,145.0837263
Murrumbeena,cafe,Little Sparrow,-37.8847107,145.0839221
Murrumbeena,cafe,Godiva,-37.8848043,145.0838227
Murrumbeena,cafe,The Little Spot,-37.8908723,145.0664364
Murrumbeena,cafe,The Alleyway Cartel,-37.8896906,145.0679071
Murrumbeena,cafe,Gong Cha,-37.8859719,145.0832539
Murrumbeena,cafe,Machi machi,-37.8871193,145.0811644
Murrumbeena,cafe,Rich Tea & Dessert,-37.8862135,145.0565676
Murrumbeena,cafe,Levi,-37.8907605,145.0671243
Murrumbeena,cafe,Daniel Son,-37.8900292,145.0675703
Murrumbeena,cafe,Romape,-37.8859178,145.0574848
Murrumbeena,cafe,Fig Jam Café,-37.8885001,145.0574518
Murrumbeena,cafe,Huff Bagelry,-37.8881589,145.0575137
Murrumbeena,cafe,Cafe Metro,-37.886239,145.0579858
Murrumbeena,cafe,Nude Duck,-37.8865787,145.057319
Murrumbeena,cafe,Chichi House Cafe,-37.8943796,145.0773818
Murrumbeena,gym,Pivotal Health & Fitness,-37.8932192,145.0771748
Murrumbeena,gym,Sweat Nation,-37.8894162,145.0670886
Murrumbeena,library,Carnegie Library,-37.8877736,145.0581604
Carnegie,supermarket,Woolworths,-37.8845285,145.0587077
Carnegie,supermarket,India at home,-37.889776,145.0442041
Carnegie,supermarket,Pura Milk,-37.901546,145.054541
Carnegie,supermarket,ALDI,-37.8846726,145.0588846
Carnegie,supermarket,OK Asian Supermarket,-37.8853827,145.0575483
Carnegie,supermarket,Indian Grocery,-37.885233,145.0575882
Carnegie,supermarket,IGA,-37.8857274,145.0586068
Carnegie,supermarket,MVJ,-37.8877722,145.0570956
Carnegie,supermarket,Woolworths,-37.8889215,145.0410268
Carnegie,supermarket,Woolworths,-37.8876801,145.0564116
Carnegie,supermarket,East Malvern IGA Xpress Plus Liquor,-37.8788336,145.0680024
Carnegie,cafe,St. Zita’s,-37.8893812,145.0428478
Carnegie,cafe,Momo Ghar,-37.8896383,145.0429578
Carnegie,cafe,Left Field,-37.9016316,145.0548836
Carnegie,cafe,Whyte Cafe,-37.8893911,145.0409564
Carnegie,cafe,Satsuki,-37.8784429,145.0677447
Carnegie,cafe,Cafe Omnia,-37.8900237,145.0681408
Carnegie,cafe,Slave 2 The Bean,-37.8875283,145.0572406
Carnegie,cafe,Tailored,-37.8854254,145.0575412
Carnegie,cafe,Spilt Milk,-37.8889789,145.0567426
Carnegie,cafe,Grouse,-37.8854899,145.0580208
Carnegie,cafe,The Little Spot,-37.8908723,145.0664364
Carnegie,cafe,The Alleyway Cartel,-37.8896906,145.0679071
Carnegie,cafe,The Servery,-37.8900908,145.0426445
Carnegie,cafe,Rich Tea & Dessert,-37.8862135,145.0565676
Carnegie,cafe,Remnscnt Cafe,-37.8898198,145.0442613
Carnegie,cafe,Workshop Glenhuntly,-37.8894803,145.0417852
Carnegie,cafe,Levi,-37.8907605,145.0671243
Carnegie,cafe,Daniel Son,-37.8900292,145.0675703
Carnegie,cafe,Jake & the Beans Talk,-37.8796993,145.06935
Carnegie,cafe,Romape,-37.8859178,145.0574848
Carnegie,cafe,Fig Jam Café,-37.8885001,145.0574518
Carnegie,cafe,Huff Bagelry,-37.8881589,145.0575137
Carnegie,cafe,Cafe Metro,-37.886239,145.0579858
Carnegie,cafe,Nude Duck,-37.8865787,145.057319
Carnegie,gym,Zap Fitness,-37.8838144,145.0545561
Carnegie,gym,Anytime Fitness,-37.8896055,145.04495
Carnegie,gym,Caulfield Judo Club,-37.8892258,145.0418062
Carnegie,gym,Sweat Nation,-37.8894162,145.0670886
Carnegie,library,Carnegie Library,-37.8877736,145.0581604
Malvern East,supermarket,Woolworths,-37.8845285,145.0587077
Malvern East,supermarket,Fresh Central,-37.8630062,145.0772974
Malvern East,supermarket,IGA,-37.8630603,145.0777897
Malvern East,supermarket,ALDI,-37.8846726,145.0588846
Malvern East,supermarket,OK Asian Supermarket,-37.8853827,145.0575483
Malvern East,supermarket,Indian Grocery,-37.885233,145.0575882
Malvern East,supermarket,IGA,-37.8857274,145.0586068
Malvern East,supermarket,MVJ,-37.8877722,145.0570956
Malvern East,supermarket,Woolworths,-37.8876801,145.0564116
Malvern East,supermarket,East Malvern IGA Xpress Plus Liquor,-37.8788336,145.0680024
Malvern East,cafe,Fussy Pots,-37.86293,145.0766188
Malvern East,cafe,Miss Ash Cafe,-37.8633528,145.0804553
Malvern East,cafe,The Resident,-37.8636356,145.0803452
Malvern East,cafe,e'Latte Cafe,-37.8634653,145.0789599
Malvern East,cafe,Panineria,-37.8633425,145.0781869
Malvern East,cafe,Taylor Made Eatery,-37.8633056,145.0779068
Malvern East,cafe,Two Seeds,-37.8633586,145.078289
Malvern East,cafe,Satsuki,-37.8784429,145.0677447
Malvern East,cafe,Cafe Omnia,-37.8900237,145.0681408
Malvern East,cafe,Slave 2 The Bean,-37.8875283,145.0572406
Malvern East,cafe,Tailored,-37.8854254,145.0575412
Malvern East,cafe,Spilt Milk,-37.8889789,145.0567426
Malvern East,cafe,Grouse,-37.8854899,145.0580208
Malvern East,cafe,The Little Spot,-37.8908723,145.0664364
Malvern East,cafe,The Alleyway Cartel,-37.8896906,145.0679071
Malvern East,cafe,Rich Tea & Dessert,-37.8862135,145.0565676
Malvern East,cafe,Levi,-37.8907605,145.0671243
Malvern East,cafe,Daniel Son,-37.8900292,145.0675703
Malvern East,cafe,Terminus Ln,-37.8772321,145.0571085
Malvern East,cafe,Clancy's Bakehouse,-37.8773135,145.0572341
Malvern East,cafe,Bamboo Bean,-37.8770238,145.0586003
Malvern East,cafe,Jake & the Beans Talk,-37.8796993,145.06935
Malvern East,cafe,Romape,-37.8859178,145.0574848
Malvern East,cafe,Fig Jam Café,-37.8885001,145.0574518
Malvern East,cafe,Huff Bagelry,-37.8881589,145.0575137
Malvern East,cafe,Cafe Metro,-37.886239,145.0579858
Malvern East,cafe,Nude Duck,-37.8865787,145.057319
Malvern East,cafe,Unnamed cafe,-37.8698562,145.0605605
Malvern East,gym,Zap Fitness,-37.8838144,145.0545561
Malvern East,gym,Sweat Nation,-37.8894162,145.0670886
Malvern East,library,Ashburton Library,-37.8633305,145.0768371
Malvern East,library,Carnegie Library,-37.8877736,145.0581604
Chadstone,supermarket,Srini's Ceylon Madura,-37.8821544,145.1092559
Chadstone,supermarket,Coles,-37.8784912,145.0923339
Chadstone,cafe,Stanley,-37.894657,145.1142505
Chadstone,cafe,Perasma,-37.8947148,145.0875109
Chadstone,cafe,Lets Bab,-37.8746334,145.0919615
Chadstone,cafe,Aliza's place Cafe,-37.8750608,145.1003278
Chadstone,cafe,Dalgety's Cafe,-37.8919653,145.0894109
Chadstone,gym,Crunch Fitness,-37.8774085,145.0919028
Ashburton,supermarket,Fresh Central,-37.8630062,145.0772974
Ashburton,supermarket,IGA,-37.8630603,145.0777897
Ashburton,supermarket,Coles,-37.8784912,145.0923339
Ashburton,supermarket,Woolworths,-37.8664371,145.0937478
Ashburton,supermarket,East Malvern IGA Xpress Plus Liquor,-37.8788336,145.0680024
Ashburton,cafe,Unnamed cafe,-37.8641694,145.0928761
Ashburton,cafe,Glen Iris Pantry,-37.8530685,145.067269
Ashburton,cafe,Fussy Pots,-37.86293,145.0766188
Ashburton,cafe,Miss Ash Cafe,-37.8633528,145.0804553
Ashburton,cafe,Oak Room,-37.8635952,145.0824851
Ashburton,cafe,Thymes Five,-37.8635826,145.082418
Ashburton,cafe,Unnamed cafe,-37.8667644,145.0853288
Ashburton,cafe,The Resident,-37.8636356,145.0803452
Ashburton,cafe,e'Latte Cafe,-37.8634653,145.0789599
Ashburton,cafe,Panineria,-37.8633425,145.0781869
Ashburton,cafe,Taylor Made Eatery,-37.8633056,145.0779068
Ashburton,cafe,Two Seeds,-37.8633586,145.078289
Ashburton,cafe,Satsuki,-37.8784429,145.0677447
Ashburton,cafe,Lets Bab,-37.8746334,145.0919615
Ashburton,cafe,Jake & the Beans Talk,-37.8796993,145.06935
Ashburton,gym,Curves,-37.8635064,145.0814578
Ashburton,gym,Unnamed gym,-37.8666203,145.0855084
Ashburton,gym,Crunch Fitness,-37.8774085,145.0919028
Ashburton,library,Ashburton Library,-37.8633305,145.0768371
Ashburton,library,Phoenix Park Library,-37.879715,145.0816495
Glen Iris,supermarket,Leo's Fine Food & Wine,-37.8488155,145.0766461
Glen Iris,supermarket,Fresh Central,-37.8630062,145.0772974
Glen Iris,supermarket,IGA,-37.8630603,145.0777897
Glen Iris,supermarket,Serendipity,-37.8430583,145.0543907
Glen Iris,cafe,Unnamed cafe,-37.8644424,145.0502691
Glen Iris,cafe,Cannoli & Co,-37.8655751,145.0502852
Glen Iris,cafe,Our Kitchen Table,-37.86552,145.0502986
Glen Iris,cafe,Unnamed cafe,-37.8649217,145.0497495
Glen Iris,cafe,Glen Iris Pantry,-37.8530685,145.067269
Glen Iris,cafe,Fussy Pots,-37.86293,145.0766188
Glen Iris,cafe,e'Latte Cafe,-37.8634653,145.0789599
Glen Iris,cafe,Panineria,-37.8633425,145.0781869
Glen Iris,cafe,Taylor Made Eatery,-37.8633056,145.0779068
Glen Iris,cafe,Two Seeds,-37.8633586,145.078289
Glen Iris,cafe,Fordham Milk Bar,-37.8445369,145.0768065
Glen Iris,cafe,Lulabelles,-37.8484849,145.0777587
Glen Iris,cafe,Courtyard,-37.8460212,145.0540626
Glen Iris,cafe,Bakery Café,-37.8601469,145.0579507
Glen Iris,cafe,Platform Espresso,-37.8599482,145.0577856
Glen Iris,cafe,Blakes Feast,-37.8592045,145.0606696
Glen Iris,cafe,One Little Place,-37.865265,145.0506214
Glen Iris,cafe,Monaco's Continental Delicatessen & Food Store,-37.8421671,145.0694522
Glen Iris,cafe,Unnamed cafe,-37.8698562,145.0605605
Glen Iris,library,Ashburton Library,-37.8633305,145.0768371
Kooyong,supermarket,Coles,-37.8458418,145.0452563
Kooyong,supermarket,IGA,-37.8532747,145.0414858
Kooyong,supermarket,Woolworths,-37.8456299,145.0422777
Kooyong,supermarket,Ritches IGA,-37.8282513,145.0346305
Kooyong,cafe,Riversdale Gourmet,-37.829686,145.043441
Kooyong,cafe,Nom Nom's,-37.8399312,145.0320471
Kooyong,cafe,Ionsky's Bakehouse Cafe,-37.8515093,145.0303152
Kooyong,cafe,Woodstock,-37.8562409,145.0255752
Kooyong,cafe,Saint Helen Cafe,-37.8294195,145.0409839
Kooyong,cafe,Zia's Cafe,-37.8285512,145.0339597
Kooyong,cafe,Where Is Henry?,-37.853009,145.041383
Kooyong,cafe,Café Violina,-37.853301,145.041678
Kooyong,cafe,Neon Tiger,-37.8526016,145.0363693
Kooyong,cafe,Mirror Image,-37.8518463,145.0301339
Kooyong,cafe,Unnamed cafe,-37.8494263,145.04093
Kooyong,cafe,Hall St. Provider,-37.8443762,145.0426063
Kooyong,cafe,Mr & Mrs Andersons,-37.8406355,145.0461119
Kooyong,cafe,Shanklin,-37.8330621,145.0473785
Kooyong,cafe,Thread,-37.8528138,145.0399317
Kooyong,cafe,"Nine Yards, Armadale",-37.8562555,145.0278106
Kooyong,cafe,Finders Keepers Cafe,-37.8285459,145.0338599
Kooyong,cafe,River Glen Kitchen,-37.8285427,145.0344436
Kooyong,cafe,Michelle's Rolls & Coffee,-37.8285855,145.0344357
Kooyong,library,Burnley Library Building (914),-37.8282039,145.0218068
Armadale,supermarket,Woolworths,-37.8628805,145.0271098
Armadale,supermarket,Shahi India,-37.8646311,145.0281237
Armadale,supermarket,Woolworths Metro,-37.8630952,145.0101814
Armadale,supermarket,Coles,-37.8604328,145.0291228
Armadale,supermarket,IGA,-37.8545367,145.011674
Armadale,cafe,Ionsky's Bakehouse Cafe,-37.8515093,145.0303152
Armadale,cafe,Woodstock,-37.8562409,145.0255752
Armadale,cafe,Fancy Pantry,-37.856186,145.019862
Armadale,cafe,Coin Laundry Cafe,-37.8566673,145.018764
Armadale,cafe,Mirror Image,-37.8518463,145.0301339
Armadale,cafe,prickly pear coffee (free wifi),-37.8630645,145.0281356
Armadale,cafe,Frank & Ginger Cafe,-37.8640163,145.0104403
Armadale,cafe,"Nine Yards, Armadale",-37.8562555,145.0278106
Armadale,cafe,Common Room Co,-37.8640232,145.01109
Armadale,cafe,Ink & Co,-37.854539,145.0121904
Armadale,cafe,Streettalk,-37.8545239,145.0118216
Armadale,cafe,The Green Goose,-37.8647833,145.0284087
Armadale,gym,Healing Delight,-37.8598719,145.0290633
Armadale,gym,Snap Fitness,-37.8546207,145.0123369
Armadale,library,Malvern Library,-37.8566697,145.0319883
Ashwood,supermarket,Coles,-37.8784912,145.0923339
Ashwood,supermarket,Woolworths,-37.8664371,145.0937478
Ashwood,cafe,Unnamed cafe,-37.8641694,145.0928761
Ashwood,cafe,Sphere,-37.8563666,145.1140894
Ashwood,cafe,Stream Cafe,-37.8546233,145.1077917
Ashwood,cafe,Lets Bab,-37.8746334,145.0919615
Ashwood,cafe,Bells and Whistles Cafe,-37.8546239,145.1083547
Ashwood,cafe,Aliza's place Cafe,-37.8750608,145.1003278
Ashwood,gym,Crunch Fitness,-37.8774085,145.0919028
Ashwood,gym,Training Day,-37.8552677,145.1086764
Mount Waverley,supermarket,Woolworths,-37.8784183,145.1276618
Mount Waverley,supermarket,Ritchies,-37.8763513,145.1285091
Mount Waverley,cafe,Cafe Vermeer,-37.8757886,145.1275886
Mount Waverley,cafe,Purple Orange Cafe,-37.8758384,145.1279212
Mount Waverley,cafe,Perfect Choice,-37.8913487,145.1427666
Mount Waverley,cafe,Son of Tuccii,-37.8769483,145.1273583
Mount Waverley,library,Mt Waverley Library,-37.8747234,145.1272563
Mount Waverley,library,Mount Waverley Secondary College Senior Library,-37.8692706,145.1329628
Bentleigh East,supermarket,Foodworks,-37.9360111,145.0612301
Bentleigh East,supermarket,Ritchies,-37.9204777,145.0581977
Bentleigh East,cafe,Chesterville Road Bakery,-37.935515,145.0613335
Bentleigh East,cafe,Caffetteria 295,-37.9359593,145.061237
Bentleigh East,cafe,Jerry’s Cafe,-37.9206917,145.0565452
Bentleigh East,cafe,Creatures,-37.9291558,145.0705461
Bentleigh East,cafe,Pauls Milk Bar,-37.9356812,145.0612918
Bentleigh East,cafe,Astroluxe,-37.9357319,145.0612879
Bentleigh East,cafe,Valentinos Fish & Chips,-37.9356293,145.0613079
Bentleigh East,cafe,Boosa,-37.9212204,145.0579527
Bentleigh East,cafe,Cafe 3165,-37.921081,145.0573288
Bentleigh East,cafe,Cafe & Bar,-37.9211206,145.0572543
Bentleigh East,cafe,Espresso Affair,-37.9210909,145.0570657
Bentleigh East,cafe,Merchants Guild,-37.9210653,145.0567976
Bentleigh East,cafe,Bakers Delicious,-37.9207258,145.0575945
Bentleigh East,cafe,Adam’s Deli,-37.9208082,145.0582127
Bentleigh East,cafe,Saul's Sandwiches,-37.922637,145.0734865
Bentleigh East,gym,Jetts Fitness,-37.9208292,145.0555541
Bentleigh East,gym,9Round,-37.9209414,145.0564651
Bentleigh East,gym,Spin,-37.9207505,145.0571455
Bentleigh East,gym,Fit 247,-37.9206784,145.0572958
Clarinda,supermarket,Woolworths,-37.9403963,145.1037428
Clarinda,supermarket,Alishaan India,-37.9284428,145.119416
Clarinda,cafe,Chris's Take Away,-37.9308617,145.0974245
Clarinda,cafe,Unnamed cafe,-37.9434455,145.1186738
Clarinda,cafe,Sports Bar,-37.9287781,145.1198641
Clarinda,cafe,Kez,-37.9283415,145.1156526
Clarinda,cafe,Mercury Inn,-37.9282638,145.1151304
Clarinda,library,Clarinda Library,-37.9402769,145.1022687
Clayton South,supermarket,Coles,-37.9259993,145.1185924
Clayton South,supermarket,Coles,-37.9280896,145.1181472
Clayton South,supermarket,India At Home,-37.9240319,145.1204953
Clayton South,supermarket,Hong Kong Supermarket,-37.9262583,145.119094
Clayton South,supermarket,Top Mart,-37.9276154,145.1189253
Clayton South,supermarket,Sarawan Spices & Home Entertainment,-37.9250199,145.1194237
Clayton South,supermarket,Alishaan India,-37.9284428,145.119416
Clayton South,cafe,Clayton food Hut,-37.9307892,145.1356949
Clayton South,cafe,Jumbo Cafe,-37.9229501,145.1345721
Clayton South,cafe,zouki,-37.9206886,145.1231377
Clayton South,cafe,Maryam's Cafe,-37.9171433,145.1392892
Clayton South,cafe,Lunch Hour Cafe,-37.9385687,145.1228766
Clayton South,cafe,Unnamed cafe,-37.9434455,145.1186738
Clayton South,cafe,Unnamed cafe,-37.9418503,145.1215797
Clayton South,cafe,Sports Bar,-37.9287781,145.1198641
Clayton South,cafe,Pegasus Cafe,-37.9268982,145.1189033
Clayton South,cafe,Cafe Simply Tea,-37.9253335,145.1192299
Clayton South,cafe,Gigil,-37.9196005,145.1233919
Clayton South,cafe,Kez,-37.9283415,145.1156526
Clayton South,cafe,Health Link Cafe,-37.9276227,145.1176301
Clayton South,cafe,Mercury Inn,-37.9282638,145.1151304
Clayton South,cafe,Chayō,-37.9259218,145.1192041
Clayton South,cafe,Twosome Story,-37.9256619,145.1199301
Clayton South,cafe,Caffè Corso,-37.9256152,145.119938
Clayton South,cafe,Bombay Juice Bar,-37.9245911,145.1196426
Clayton South,gym,Fernwood Fitness,-37.9215231,145.1367787
Clayton South,gym,Training Day,-37.9190182,145.135523
Clayton South,gym,Unnamed gym,-37.9273119,145.1175749
Clayton South,library,Unnamed library,-37.928041,145.1175361
Clayton,supermarket,Coles,-37.9259993,145.1185924
Clayton,supermarket,Coles,-37.9280896,145.1181472
Clayton,supermarket,Science Store,-37.9109319,145.1302193
Clayton,supermarket,The Monash Merchant,-37.9118936,145.1359711
Clayton,supermarket,India At Home,-37.9240319,145.1204953
Clayton,supermarket,Woolworths,-37.9212208,145.1399271
Clayton,supermarket,Monash Mini Merchant,-37.911962,145.1330597
Clayton,supermarket,Hong Kong Supermarket,-37.9262583,145.119094
Clayton,supermarket,Top Mart,-37.9276154,145.1189253
Clayton,supermarket,Sarawan Spices & Home Entertainment,-37.9250199,145.1194237
Clayton,supermarket,Alishaan India,-37.9284428,145.119416
Clayton,cafe,Café Cinque Lire,-37.9103098,145.1294505
Clayton,cafe,Meeting Point,-37.9114896,145.1329461
Clayton,cafe,Jumbo Cafe,-37.9229501,145.1345721
Clayton,cafe,Artichoke and Whitebait,-37.9119072,145.1328326
Clayton,cafe,JP's Cafe,-37.9070967,145.1376457
Clayton,cafe,zouki,-37.9206886,145.1231377
Clayton,cafe,Saporo,-37.9078492,145.132316
Clayton,cafe,Church of Secular Coffee,-37.9114985,145.1343235
Clayton,cafe,Wholefoods,-37.9117568,145.1332253
Clayton,cafe,Grafali's Coffee Roasters,-37.911816,145.133102
Clayton,cafe,Maryam's Cafe,-37.9171433,145.1392892
Clayton,cafe,Boost Juice,-37.911517,145.1331962
Clayton,cafe,Swift's Cafe,-37.9128232,145.1340817
Clayton,cafe,Sports Bar,-37.9287781,145.1198641
Clayton,cafe,Pegasus Cafe,-37.9268982,145.1189033
Clayton,cafe,Cafe Simply Tea,-37.9253335,145.1192299
Clayton,cafe,Secret Garden Eatery,-37.9098385,145.1323381
Clayton,cafe,Gigil,-37.9196005,145.1233919
Clayton,cafe,Cafelito,-37.9136303,145.132763
Clayton,cafe,Cafe Nesso,-37.9138418,145.1328837
Clayton,cafe,Little Big Shot 3,-37.9136303,145.1327632
Clayton,cafe,Kez,-37.9283415,145.1156526
Clayton,cafe,Health Link Cafe,-37.9276227,145.1176301
Clayton,cafe,Script @ Jazz Club,-37.9131416,145.1336302
Clayton,cafe,Little Collins Cafe,-37.9006673,145.1346427
Clayton,cafe,E&J Cafe,-37.9028716,145.1321806
Clayton,cafe,Wicked Cafe,-37.9009483,145.1312993
Clayton,cafe,Café Soho,-37.9112762,145.1228626
Clayton,cafe,Mercury Inn,-37.9282638,145.1151304
Clayton,cafe,Sunny Lane,-37.9124679,145.1395759
Clayton,cafe,Sharetea,-37.9114064,145.13442
Clayton,cafe,Chayō,-37.9259218,145.1192041
Clayton,cafe,Twosome Story,-37.9256619,145.1199301
Clayton,cafe,Caffè Corso,-37.9256152,145.119938
Clayton,cafe,Bombay Juice Bar,-37.9245911,145.1196426
Clayton,gym,Fernwood Fitness,-37.9215231,145.1367787
Clayton,gym,Zap Fitness,-37.9099972,145.1191352
Clayton,gym,Training Day,-37.9190182,145.135523
Clayton,gym,Unnamed gym,-37.9273119,145.1175749
Clayton,gym,Monash Sport Fitness Centre,-37.9133436,145.1360148
Clayton,library,Law Library,-37.913008,145.1319215
Clayton,library,Unnamed library,-37.928041,145.1175361
Clayton,library,Manga Library,-37.9134344,145.1306135
Clayton,library,Hargrave-Andrew Library,-37.9096726,145.1320945
Clayton,library,Sir Louis Matheson Library,-37.9129916,145.1344006
Heatherton,supermarket,ALDI,-37.9706192,145.0907731
Heatherton,supermarket,Bakaloumas Fresh Fruit & Vegetable Market,-37.9608754,145.1027624
Heatherton,cafe,Degani,-37.9701439,145.0892247
Heatherton,cafe,Muffin Break,-37.9701562,145.0890363
Heatherton,cafe,Hangar 4 Cafe,-37.9708881,145.0910948
Heatherton,cafe,Serina Cafe,-37.970116,145.0889741
Heatherton,cafe,Muzz Buzz,-37.9698386,145.0878848
Heatherton,gym,Revo Fitness,-37.9708964,145.0915041
Moorabbin Airport,supermarket,ALDI,-37.9706192,145.0907731
Moorabbin Airport,cafe,Cessna Espresso Cafe,-37.9728894,145.1087328
Moorabbin Airport,cafe,Degani,-37.9701439,145.0892247
Moorabbin Airport,cafe,Muffin Break,-37.9701562,145.0890363
Moorabbin Airport,cafe,Lunch Matters,-37.9842838,145.1112263
Moorabbin Airport,cafe,Korner Cafe & Takeaway,-37.989229,145.104403
Moorabbin Airport,cafe,Garden Boulevard Cafe,-37.9830967,145.114067
Moorabbin Airport,cafe,Gloria Jean's,-37.9721042,145.0887139
Moorabbin Airport,cafe,Hangar 4 Cafe,-37.9708881,145.0910948
Moorabbin Airport,cafe,Serina Cafe,-37.970116,145.0889741
Moorabbin Airport,cafe,Mrs. Fields,-37.9712584,145.0888542
Moorabbin Airport,cafe,Muzz Buzz,-37.9698386,145.0878848
Moorabbin Airport,cafe,La Penini Cafe,-37.9905475,145.1115913
Moorabbin Airport,gym,Revo Fitness,-37.9708964,145.0915041
Moorabbin,supermarket,IGA Cheltenham,-37.9531772,145.0633289
Moorabbin,supermarket,USA Foods,-37.9431586,145.0713505
Moorabbin,supermarket,Foodworks,-37.9360111,145.0612301
Moorabbin,cafe,Chesterville Road Bakery,-37.935515,145.0613335
Moorabbin,cafe,Caffetteria 295,-37.9359593,145.061237
Moorabbin,cafe,Deli Works Cafe,-37.9489133,145.0616901
Moorabbin,cafe,Cool Bean Kitchen Burger bar,-37.9372508,145.0655151
Moorabbin,cafe,Creatures,-37.9291558,145.0705461
Moorabbin,cafe,G Days Cafe,-37.9506235,145.0588327
Moorabbin,cafe,Pauls Milk Bar,-37.9356812,145.0612918
Moorabbin,cafe,Astroluxe,-37.9357319,145.0612879
Moorabbin,cafe,Valentinos Fish & Chips,-37.9356293,145.0613079
Moorabbin,cafe,Unnamed cafe,-37.942489,145.0672019
Moorabbin,cafe,Drip,-37.9562069,145.0576828
Moorabbin,gym,The Sports Clinic of Football,-37.941896,145.0654516
Brighton,supermarket,Coles,-37.913326,144.9927645
Brighton,supermarket,Coles,-37.9060865,145.0051856
Brighton,supermarket,Dockendorf Grocer,-37.9043418,144.9982759
Brighton,supermarket,Woolworths,-37.9154629,144.99538
Brighton,cafe,Two Many Chefs,-37.905337,145.0023136
Brighton,cafe,The Baths,-37.9100535,144.9854448
Brighton,cafe,North Point Cafe,-37.8977326,144.986409
Brighton,cafe,Brighton Schoolhouse,-37.9120422,144.9928294
Brighton,cafe,Wild Bean Cafe,-37.9006615,145.0071149
Brighton,cafe,Dumpling Parlour,-37.9057808,145.0061773
Brighton,cafe,Ro,-37.905749,145.0055873
Brighton,cafe,rocksalt,-37.9058439,145.0040434
Brighton,cafe,Zeppelin,-37.9058567,145.0041512
Brighton,cafe,Little Sister,-37.9058312,145.0039154
Brighton,cafe,Back 2 Nature,-37.905704,145.0052138
Brighton,cafe,Hecho En Mexico,-37.9053252,145.0021802
Brighton,cafe,Le Cinque Terre,-37.9052955,145.0019979
Brighton,cafe,Pearl on Bay,-37.9056067,145.0021212
Brighton,cafe,Bay Street Grill and Paste,-37.9055982,145.0020488
Brighton,cafe,Superrandom,-37.8959839,144.9948871
Brighton,cafe,Bowl Me Over,-37.8960853,144.9948771
Brighton,cafe,Bright 'N' Fresh,-37.9147099,144.9950038
Brighton,cafe,Mylk,-37.9139568,144.9946784
Brighton,cafe,The Beanery,-37.9140191,144.9947505
Brighton,cafe,Raw Galore,-37.9139385,144.9947855
Brighton,cafe,Holy Grounds Cafe,-37.9150374,144.9952682
Brighton,cafe,Beach House Brighton,-37.9174011,144.9866672
Brighton,gym,Ideal Personal Fitness,-37.9056219,145.0046175
Brighton,library,Brighton Library,-37.9107305,144.9978032
Elwood,supermarket,Woolworths,-37.8685209,144.978811
Elwood,supermarket,Coles,-37.8685845,144.9806027
Elwood,supermarket,Coles,-37.8679128,144.9919849
Elwood,supermarket,Woolworths,-37.868243,144.991277
Elwood,supermarket,IGA,-37.8765871,144.9965585
Elwood,supermarket,Elwood Supermarket,-37.8808894,144.9915674
Elwood,supermarket,Aldi,-37.8650285,144.9877554
Elwood,supermarket,Foodworks,-37.8854272,144.9879436
Elwood,cafe,Beachcomber,-37.8651197,144.9715162
Elwood,cafe,Unnamed cafe,-37.8821158,144.9828431
Elwood,cafe,Turtle Café,-37.8823497,144.982876
Elwood,cafe,Dr Jekyll,-37.8640141,144.9813215
Elwood,cafe,Inkr7,-37.8642491,144.982124
Elwood,cafe,Galleon Café,-37.8670228,144.9790401
Elwood,cafe,Irwell's,-37.8672064,144.9805382
Elwood,cafe,Presse Cafe,-37.8733544,144.9899586
Elwood,cafe,Babble on Babylon,-37.8729891,144.9897735
Elwood,cafe,Wall Two80,-37.8685396,144.9932349
Elwood,cafe,Las Chicas,-37.8688614,144.9933636
Elwood,cafe,Batch Espresso,-37.8688069,144.9953459
Elwood,cafe,Tiffany's on Tennyson,-37.8805019,144.9913314
Elwood,cafe,Le Bon Cake Shop,-37.8679928,144.9790295
Elwood,cafe,Monk Bodhi Dharma,-37.868197,144.9909205
Elwood,cafe,The St Kilda Dispensary,-37.8686805,144.9870917
Elwood,cafe,Monarch Cakes,-37.8681561,144.9792122
Elwood,cafe,Yo Chi,-37.8686527,144.9939283
Elwood,cafe,Cocorico Cafe,-37.8840983,145.0004741
Elwood,cafe,Follow the Leader,-37.8766792,144.9972322
Elwood,cafe,Levanter Cafe,-37.8686765,144.9940191
Elwood,cafe,Spot On Ripponlea,-37.8771189,144.9984494
Elwood,cafe,Europa Cake Shop,-37.8678516,144.9788965
Elwood,cafe,Hannah,-37.8676655,144.9903245
Elwood,cafe,Johnny's Elwood Bodega,-37.8861784,144.9891506
Elwood,cafe,Who is Bunker Spreckels,-37.8859784,144.9883055
Elwood,cafe,Combi,-37.8862143,144.9886886
Elwood,cafe,Lark,-37.88575,144.9879646
Elwood,cafe,Repeat Offender,-37.8874469,144.9913053
Elwood,cafe,Spout,-37.8768135,144.9963232
Elwood,cafe,Miss Alex & Co,-37.8730744,144.9898227
Elwood,cafe,Green Remedy,-37.8837698,144.997896
Elwood,cafe,The Studio Beans Coffee Roasters,-37.8641953,144.9819462
Elwood,cafe,95 Espresso Bar,-37.8680415,144.9790903
Elwood,cafe,Jaggers,-37.8695906,144.9805733
Elwood,cafe,Euros Bites Creperia,-37.8690432,144.980357
Elwood,cafe,Theatre Works Café,-37.86418,144.9759707
Elwood,cafe,Unnamed cafe,-37.8849743,144.986564
Elwood,cafe,Cafe Luna,-37.8676308,144.9766616
Elwood,gym,Wild Gypsea Wellness,-37.8877632,144.9839562
Elwood,gym,CrossFit,-37.8650772,144.9868488
Elwood,library,St Kilda Public Library,-37.867817,144.9888815
Brighton East,supermarket,Coles,-37.9060865,145.0051856
Brighton East,cafe,Two Many Chefs,-37.905337,145.0023136
Brighton East,cafe,Gateaux by MF,-37.9305165,145.0036463
Brighton East,cafe,Largo Cafe,-37.9078766,145.0247858
Brighton East,cafe,Dumpling Parlour,-37.9057808,145.0061773
Brighton East,cafe,Ro,-37.905749,145.0055873
Brighton East,cafe,rocksalt,-37.9058439,145.0040434
Brighton East,cafe,Zeppelin,-37.9058567,145.0041512
Brighton East,cafe,Little Sister,-37.9058312,145.0039154
Brighton East,cafe,Back 2 Nature,-37.905704,145.0052138
Brighton East,cafe,Hecho En Mexico,-37.9053252,145.0021802
Brighton East,cafe,Le Cinque Terre,-37.9052955,145.0019979
Brighton East,cafe,Pearl on Bay,-37.9056067,145.0021212
Brighton East,cafe,Bay Street Grill and Paste,-37.9055982,145.0020488
Brighton East,cafe,Middle School Canteen,-37.9279342,145.007105
Brighton East,cafe,Senior School Canteen,-37.9278939,145.0079146
Brighton East,cafe,Hustle,-37.9133357,145.0168883
Brighton East,gym,Unnamed gym,-37.9151877,145.0179089
Brighton East,gym,Ideal Personal Fitness,-37.9056219,145.0046175
Brighton East,library,Cornish Library,-37.9279979,145.0074971
Hampton East,supermarket,Woolworths,-37.9347217,145.0389409
Hampton East,supermarket,Woolworths,-37.9490549,145.0409963
Hampton East,supermarket,Coles,-37.9453066,145.0217912
Hampton East,cafe,Coffee Shop At Raw,-37.9462405,145.0219972
Hampton East,cafe,The Little Elphant,-37.9467313,145.031919
Hampton East,cafe,Chilpa,-37.9486646,145.0425205
Hampton East,cafe,Teo's Pizza,-37.9485483,145.0424305
Hampton East,cafe,The Diplomat Cafe,-37.9486065,145.0424654
Hampton East,cafe,Naked Japan,-37.9351418,145.0380518
Hampton East,cafe,Caffe Crema,-37.9253736,145.0345257
Hampton East,cafe,Tax Agent Espresso,-37.9254125,145.0350942
Hampton East,gym,Duke's,-37.933273,145.0341419
Hampton East,gym,Highett Youth Club,-37.9471518,145.0378377
Highett,supermarket,Coles,-37.9589132,145.0512356
Highett,supermarket,IGA,-37.9547495,145.0255753
Highett,supermarket,Woolworths,-37.9490549,145.0409963
Highett,supermarket,Aldi,-37.9558454,145.0334368
Highett,supermarket,Woolworths,-37.9595542,145.0555939
Highett,cafe,Onyx,-37.9616373,145.0381396
Highett,cafe,Full Turn Kitchen Bar,-37.9547157,145.0258972
Highett,cafe,Café Ruche,-37.954996,145.0326612
Highett,cafe,Kay & Anne's Bay Cafe,-37.955015,145.0328383
Highett,cafe,The Odd Room,-37.9555141,145.038141
Highett,cafe,Casa Mia,-37.9565821,145.0435296
Highett,cafe,Muffin Break,-37.9580947,145.0534479
Highett,cafe,Top Juice,-37.9581488,145.0531511
Highett,cafe,Chatime,-37.9581339,145.0535738
Highett,cafe,Ducky Espresso Cafe,-37.9579941,145.0547649
Highett,cafe,Bee Keen,-37.95855,145.0518672
Highett,cafe,The Little Elphant,-37.9467313,145.031919
Highett,cafe,Fabrica Café,-37.962772,145.0409162
Highett,cafe,Chilpa,-37.9486646,145.0425205
Highett,cafe,Teo's Pizza,-37.9485483,145.0424305
Highett,cafe,The Diplomat Cafe,-37.9486065,145.0424654
Highett,gym,Fitness First,-37.9540731,145.0319184
Highett,gym,Unnamed gym,-37.955512,145.0387687
Highett,gym,Dr Suz Squad,-37.954227,145.0319652
Highett,gym,Revo Fitness,-37.9578319,145.0514591
Highett,gym,Highett Youth Club,-37.9471518,145.0378377
Dingley Village,supermarket,Woolworths,-37.9834708,145.1329898
Dingley Village,cafe,Lunch Matters,-37.9842838,145.1112263
Dingley Village,cafe,Garden Boulevard Cafe,-37.9830967,145.114067
Dingley Village,cafe,La Penini Cafe,-37.9905475,145.1115913
Dingley Village,library,Unnamed library,-37.981958,145.1345439
Braeside,cafe,Nest at Waterways Cafe,-38.0137082,145.1301181
Braeside,cafe,Unnamed cafe,-37.9936261,145.1103293
Braeside,cafe,The Famished Wolf,-38.0027731,145.1115994
Braeside,cafe,Woodlands Cafe and Takeaway,-37.994263,145.1187825
Braeside,cafe,La Penini Cafe,-37.9905475,145.1115913
Braeside,cafe,Unnamed cafe,-38.0091118,145.1167125
Beaumaris,supermarket,IGA,-37.9864651,145.0334661
Beaumaris,cafe,Ricketts Point Cafe,-37.9911474,145.0292746
Beaumaris,cafe,Unnamed cafe,-37.9863341,145.0344854
Beaumaris,cafe,Cafe Bordeaux,-37.9792669,145.0532771
Beaumaris,cafe,Honey Badger Cafe,-37.9791385,145.053297
Beaumaris,cafe,Unnamed cafe,-37.9857335,145.0348735
Beaumaris,cafe,The Parlor Milkbar & Kitchen,-37.9708624,145.0394372
Beaumaris,cafe,The CNR,-37.9920566,145.041811
Beaumaris,gym,Bayside Yoga,-37.9722622,145.0504162
Beaumaris,library,Beaumaris Community Centre,-37.9824994,145.0340716
Mentone,supermarket,Unnamed supermarket,-37.9705899,145.0687847
Mentone,supermarket,Woolworths,-37.9841,145.077111
Mentone,supermarket,Foodworks,-37.9669807,145.0568951
Mentone,supermarket,Woolworths,-37.981623,145.0624125
Mentone,supermarket,Coles,-37.9840734,145.0643704
Mentone,supermarket,ALDI,-37.9752484,145.0677058
Mentone,cafe,Car Wash Cafe,-37.9671078,145.0582753
Mentone,cafe,Johnny Dante,-37.9668485,145.055263
Mentone,cafe,Milk Boy,-37.966664,145.0551458
Mentone,cafe,Espresso Hit,-37.9666689,145.055316
Mentone,cafe,The Local On Como,-37.9932954,145.0760159
Mentone,cafe,Station Stop Cafe,-37.9932298,145.0761614
Mentone,cafe,Parkdale Food Store,-37.9931527,145.0761849
Mentone,cafe,Lolly Jar Cafe,-37.9828906,145.0643113
Mentone,cafe,Le Roi Cafe,-37.9823117,145.0647515
Mentone,cafe,Como Parade Cafe,-37.9821507,145.0646464
Mentone,cafe,4 Sista's Cafe,-37.9820421,145.0645776
Mentone,cafe,Truly Scrumptious,-37.9813487,145.0633267
Mentone,cafe,Huff Bagelry,-37.9825969,145.0652712
Mentone,cafe,Miss Viet,-37.9664711,145.0556372
Mentone,cafe,Peckish Cafe,-37.9672308,145.0562964
Mentone,cafe,Pie Face,-37.9826422,145.0752187
Mentone,cafe,Chain of Fools,-37.9884233,145.0596192
Mentone,cafe,Applehead Deli,-37.9748792,145.064463
Mentone,cafe,Mentone South East Cafe,-37.9825317,145.0640196
Mentone,cafe,Sweet! Espresso,-37.9749218,145.0688024
Mentone,gym,Evado Studios,-37.9675333,145.0554364
Mentone,gym,South Pacific Health Club,-37.9811009,145.0648595
Mentone,gym,Functional 45,-37.9816801,145.0692952
Mentone,gym,Crunch Fitness,-37.9747192,145.067052
Mentone,library,Parkdale Library,-37.9935034,145.0778325
Mentone,library,Cheltenham Library,-37.9679629,145.0567091
Mentone,library,Mentone Public Library,-37.9830254,145.0633418
Parkdale,supermarket,Woolworths,-37.9841,145.077111
Parkdale,supermarket,Aldi,-38.0060286,145.0852374
Parkdale,supermarket,4 Cousins,-37.997159,145.0844063
Parkdale,cafe,Main Street 3195,-38.006737,145.0869377
Parkdale,cafe,Delicious Bites Cafe,-38.0067618,145.0860612
Parkdale,cafe,Wild Yam Health Foods & Cafe,-38.0066093,145.086842
Parkdale,cafe,The Local On Como,-37.9932954,145.0760159
Parkdale,cafe,Station Stop Cafe,-37.9932298,145.0761614
Parkdale,cafe,Parkdale Food Store,-37.9931527,145.0761849
Parkdale,cafe,Hendriks,-37.9995585,145.0958386
Parkdale,cafe,4 Cousins Coffee Department,-37.9970995,145.0843416
Parkdale,cafe,Pie Face,-37.9826422,145.0752187
Parkdale,cafe,Parkdale Beach Kiosk,-37.9999566,145.0754669
Parkdale,gym,Functional 45,-37.9816801,145.0692952
Parkdale,gym,Club Lime Parkdale,-37.9965959,145.0843554
Parkdale,gym,Tranquility Yoga Studio,-38.0048389,145.0868642
Parkdale,library,Parkdale Library,-37.9935034,145.0778325
Parkdale,library,Kingston Toy Library,-38.0042393,145.0868535
Mordialloc,supermarket,Aldi,-38.0060286,145.0852374
Mordialloc,supermarket,Woolworths,-38.0080122,145.0867012
Mordialloc,supermarket,4 Cousins,-37.997159,145.0844063
Mordialloc,cafe,Unnamed cafe,-37.9928175,145.1064786
Mordialloc,cafe,Unnamed cafe,-37.9936261,145.1103293
Mordialloc,cafe,Main Street 3195,-38.006737,145.0869377
Mordialloc,cafe,Red Pillar Cafe,-38.0082424,145.1073926
Mordialloc,cafe,Cafe Bar,-38.0094225,145.0880273
Mordialloc,cafe,Peppercorn Cafe,-38.0070543,145.0862656
Mordialloc,cafe,Tender Roast & Cafe,-38.0076129,145.0867487
Mordialloc,cafe,Delicious Bites Cafe,-38.0067618,145.0860612
Mordialloc,cafe,Tour De Cafe,-38.0095028,145.0856401
Mordialloc,cafe,Wild Yam Health Foods & Cafe,-38.0066093,145.086842
Mordialloc,cafe,The Mordi Canteen,-38.0087007,145.0872264
Mordialloc,cafe,Oscars Hangout,-38.0022289,145.0979053
Mordialloc,cafe,French Delicacies,-38.0075062,145.0866602
Mordialloc,cafe,Siesta Cafe & Deli,-38.007812,145.0868984
Mordialloc,cafe,Korner Cafe & Takeaway,-37.989229,145.104403
Mordialloc,cafe,Hendriks,-37.9995585,145.0958386
Mordialloc,cafe,4 Cousins Coffee Department,-37.9970995,145.0843416
Mordialloc,cafe,Onx Cafe,-38.0008013,145.1074852
Mordialloc,cafe,The Nest Cafe & Grocer,-38.0009395,145.1018979
Mordialloc,gym,Club Lime Parkdale,-37.9965959,145.0843554
Mordialloc,gym,Tranquility Yoga Studio,-38.0048389,145.0868642
Mordialloc,library,Kingston Toy Library,-38.0042393,145.0868535
Aspendale,supermarket,Foodworks,-38.0266194,145.1022339
Aspendale,supermarket,IGA Friendly Grocer,-38.0365924,145.1071005
Aspendale,cafe,Red Pillar Cafe,-38.0082424,145.1073926
Aspendale,cafe,Cafe Bar,-38.0094225,145.0880273
Aspendale,cafe,Kitchen Table Cafe,-38.0262462,145.1010757
Aspendale,cafe,Aspendale Cafe,-38.0269555,145.1024245
Aspendale,cafe,Aspendeli,-38.0146366,145.097162
Aspendale,cafe,Gracy's Cafe,-38.019949,145.0992943
Aspendale,cafe,The Street Cafe Aspendale,-38.0271981,145.1025631
Aspendale,cafe,Unnamed cafe,-38.0091118,145.1167125
Aspendale,gym,Berri Fitness Centre,-38.0354081,145.1062711
Aspendale,gym,Thrive Yoga & Pilates,-38.0357648,145.1067313
Aspendale,gym,The Pilates Vibe,-38.0261166,145.1010087
Aspendale Gardens,supermarket,Ritchie's IGA,-38.0219331,145.1181056
Aspendale Gardens,supermarket,IGA Friendly Grocer,-38.0365924,145.1071005
Aspendale Gardens,cafe,Nest at Waterways Cafe,-38.0137082,145.1301181
Aspendale Gardens,cafe,Red Pillar Cafe,-38.0082424,145.1073926
Aspendale Gardens,cafe,Koochino Cafe,-38.0222476,145.1176747
Aspendale Gardens,cafe,Chubby Buddies,-38.0371997,145.1074306
Aspendale Gardens,cafe,Unnamed cafe,-38.0091118,145.1167125
Aspendale Gardens,gym,Berri Fitness Centre,-38.0354081,145.1062711
Aspendale Gardens,gym,Thrive Yoga & Pilates,-38.0357648,145.1067313
Edithvale,supermarket,Foodworks,-38.0266194,145.1022339
Edithvale,supermarket,IGA Friendly Grocer,-38.0365924,145.1071005
Edithvale,cafe,Kitchen Table Cafe,-38.0262462,145.1010757
Edithvale,cafe,Aspendale Cafe,-38.0269555,145.1024245
Edithvale,cafe,The Street Cafe Aspendale,-38.0271981,145.1025631
Edithvale,cafe,Ice Cream and Juice,-38.0524145,145.1152368
Edithvale,cafe,Chubby Buddies,-38.0371997,145.1074306
Edithvale,cafe,Soul Press,-38.0386616,145.1082766
Edithvale,gym,Berri Fitness Centre,-38.0354081,145.1062711
Edithvale,gym,Thrive Yoga & Pilates,-38.0357648,145.1067313
Edithvale,gym,The Pilates Vibe,-38.0261166,145.1010087
Edithvale,library,Chelsea Library,-38.0510281,145.1167117
Chelsea,supermarket,Chelsea Heights IGA,-38.0451707,145.1362888
Chelsea,supermarket,Woolworths,-38.0543304,145.1158311
Chelsea,supermarket,NQR,-38.0533559,145.116042
Chelsea,supermarket,IGA Friendly Grocer,-38.0365924,145.1071005
Chelsea,cafe,Ice Cream and Juice,-38.0524145,145.1152368
Chelsea,cafe,Blended Cafe,-38.0546598,145.1168673
Chelsea,cafe,Cafe Providore,-38.0546708,145.1165231
Chelsea,cafe,The Coffee Club,-38.0536472,145.1163701
Chelsea,cafe,MJ's Hideaway,-38.0526997,145.1151519
Chelsea,cafe,Bubbly Beans,-38.0529297,145.1159377
Chelsea,cafe,The Chelsea Collective,-38.0530981,145.1160657
Chelsea,cafe,Cafe Opera,-38.053243,145.1160529
Chelsea,cafe,Two Feet First,-38.0550242,145.1169737
Chelsea,cafe,Chubby Buddies,-38.0371997,145.1074306
Chelsea,cafe,Soul Press,-38.0386616,145.1082766
Chelsea,gym,F45 Training,-38.0549068,145.1166582
Chelsea,gym,Live Life Well,-38.0526213,145.1158379
Chelsea,gym,Anytime Fitness,-38.053903,145.1161316
Chelsea,gym,Thrive Yoga & Pilates,-38.0357648,145.1067313
Chelsea,library,Chelsea Library,-38.0510281,145.1167117
Bonbeach,supermarket,Woolworths,-38.0543304,145.1158311
Bonbeach,supermarket,ALDI,-38.076667,145.1235678
Bonbeach,supermarket,NQR,-38.0533559,145.116042
Bonbeach,supermarket,Goodfellows Carrum Village Foodstore,-38.0759044,145.1234351
Bonbeach,cafe,Ice Cream and Juice,-38.0524145,145.1152368
Bonbeach,cafe,Blended Cafe,-38.0546598,145.1168673
Bonbeach,cafe,Cafe Providore,-38.0546708,145.1165231
Bonbeach,cafe,The Coffee Club,-38.0536472,145.1163701
Bonbeach,cafe,MJ's Hideaway,-38.0526997,145.1151519
Bonbeach,cafe,Bubbly Beans,-38.0529297,145.1159377
Bonbeach,cafe,The Chelsea Collective,-38.0530981,145.1160657
Bonbeach,cafe,Cafe Opera,-38.053243,145.1160529
Bonbeach,cafe,Two Feet First,-38.0550242,145.1169737
Bonbeach,cafe,Freddies Kitchen,-38.0754501,145.1230799
Bonbeach,gym,F45 Training,-38.0549068,145.1166582
Bonbeach,gym,Live Life Well,-38.0526213,145.1158379
Bonbeach,gym,Anytime Fitness,-38.053903,145.1161316
Bonbeach,gym,3 Steps Gym,-38.0756356,145.1231993
Bonbeach,library,Chelsea Library,-38.0510281,145.1167117
Patterson Lakes,supermarket,Coles,-38.0686223,145.144883
Patterson Lakes,supermarket,Woolworths,-38.067669,145.1433995
Patterson Lakes,cafe,The Lake Restaurant,-38.067838,145.1437508
Patterson Lakes,library,Kingston Libraries Patterson Lakes,-38.0688206,145.143232
Carrum,supermarket,IGA Express,-38.0889173,145.1284277
Carrum,supermarket,ALDI,-38.076667,145.1235678
Carrum,supermarket,Goodfellows Carrum Village Foodstore,-38.0759044,145.1234351
Carrum,cafe,Coffee Chain,-38.0890544,145.1284478
Carrum,cafe,Freddies Kitchen,-38.0754501,145.1230799
Carrum,gym,3 Steps Gym,-38.0756356,145.1231993
Waterways,supermarket,Ritchie's IGA,-38.0219331,145.1181056
Waterways,cafe,Nest at Waterways Cafe,-38.0137082,145.1301181
Waterways,cafe,Koochino Cafe,-38.0222476,145.1176747
Waterways,cafe,Unnamed cafe,-38.0091118,145.1167125
Keysborough,supermarket,Woolworths,-37.9929941,145.172621
Keysborough,supermarket,Coles,-37.9922837,145.1719538
Keysborough,supermarket,Woolworths,-38.0117526,145.1606959
Keysborough,cafe,Gloria Jean's,-37.9932054,145.1737455
Keysborough,gym,Unnamed gym,-37.9948916,145.1727683
Keysborough,library,Bhai Vir Singh Library,-38.015318,145.1752656
Springvale,supermarket,Coles,-37.9347488,145.1568383
Springvale,supermarket,Savemore,-37.9409631,145.1660729
Springvale,supermarket,One Stop Minimart,-37.9489788,145.1535441
Springvale,supermarket,Vacancy,-37.9517484,145.1517065
Springvale,supermarket,Thai Hoa Long Co,-37.9488938,145.1511298
Springvale,supermarket,Shahi,-37.9459516,145.1529339
Springvale,supermarket,KFL Supermarkets,-37.9505791,145.1504806
Springvale,supermarket,Frozen Mart,-37.950287,145.1509854
Springvale,supermarket,ALDI,-37.941289,145.1683577
Springvale,supermarket,Woolworths,-37.9533977,145.151589
Springvale,supermarket,Nan Yang Supermarket,-37.9504771,145.1529931
Springvale,cafe,Gotcha,-37.9507823,145.151349
Springvale,cafe,Gloria Jean's,-37.9503948,145.151447
Springvale,cafe,Phu Khanh,-37.9504012,145.1510861
Springvale,cafe,Toppings and Tea,-37.9505895,145.1513876
Springvale,cafe,Pappa Roti's,-37.9502501,145.151474
Springvale,cafe,Chacha,-37.9497373,145.1515767
Springvale,cafe,Brewed Tea,-37.9498587,145.1511854
Springvale,cafe,Cafe Phố,-37.9504575,145.1517421
Springvale,cafe,Star Cafe Springvale,-37.9498886,145.1515469
Springvale,cafe,Country Cob,-37.9345522,145.1589222
Springvale,cafe,CoCo Fresh Tea & Juice,-37.9504775,145.1518425
Springvale,cafe,Unnamed cafe,-37.9510151,145.1514175
Springvale,cafe,Milan Teahouse,-37.9506757,145.1515118
Springvale,cafe,Đại Gia,-37.9517848,145.1519649
Springvale,cafe,Thu Thu,-37.9510984,145.1514727
Springvale,cafe,Rainbow Coffee,-37.950507,145.1508443
Springvale,cafe,Thanh Nga Cafe,-37.9522075,145.1511274
Springvale,cafe,Unnamed cafe,-37.9491142,145.153743
Springvale,cafe,Yolo,-37.9503409,145.1514605
Springvale,cafe,Kiosk Cafe,-37.9491054,145.1530334
Springvale,cafe,Cafe Takeaway,-37.9581014,145.1640353
Springvale,cafe,Centre Warehouse,-37.9311874,145.1432267
Springvale,cafe,Unnamed cafe,-37.9497784,145.1521517
Springvale,cafe,Desserts By Night,-37.9506722,145.1529549
Springvale,cafe,Sonoun Kimlee Coffee,-37.9488541,145.1512916
Springvale,cafe,Cafe Asmara,-37.9475439,145.1526621
Springvale,cafe,Bonsaiarium,-37.9464589,145.1535918
Springvale,cafe,Double D,-37.9506221,145.1540968
Springvale,cafe,Tailor Made Coffee,-37.9349163,145.1687433
Springvale,cafe,Mr Grumpy’s Cafe,-37.9311156,145.1556187
Springvale,gym,Anytime Fitness,-37.9342086,145.1559272
Springvale,gym,SLF,-37.9453838,145.1528641
Springvale,gym,Crunch Fitness,-37.9412436,145.1680672
Springvale,gym,Anytime Fitness,-37.9483786,145.1533364
Springvale,library,The Little Library,-37.9505552,145.151529
Springvale,library,Springvale Library,-37.9567711,145.1526249
Noble Park,supermarket,Coles,-37.9654121,145.1730576
Noble Park,supermarket,Foodworks,-37.9807957,145.1658175
Noble Park,supermarket,Siem Reap's Grocery,-37.9657007,145.1743815
Noble Park,supermarket,Surur African Variety,-37.9664136,145.176482
Noble Park,cafe,Pita Lounge,-37.9737448,145.1863663
Noble Park,cafe,KM Cafe & Bar,-37.9679895,145.1767429
Noble Park,cafe,Selfie Cafe,-37.9680501,145.1743409
Noble Park,cafe,Christie's,-37.966828,145.1745492
Noble Park,cafe,Kara Deniz Cafe,-37.9669605,145.1745181
Noble Park,cafe,MS Coffee Shop,-37.9657364,145.1744131
Noble Park,cafe,Mingi Cafe,-37.9671335,145.1744938
Noble Park,cafe,Peddler Tuck Shop,-37.9660575,145.1747931
Noble Park,cafe,Cafe Takeaway,-37.9581014,145.1640353
Noble Park,cafe,Persian Cafe Restaurant,-37.966426,145.1747823
Noble Park,cafe,Merkator Royal,-37.9681244,145.1762392
Noble Park,gym,In 2 Performance,-37.9569824,145.1841946
Noble Park,gym,in2fitness,-37.9574586,145.1851887
Dandenong North,supermarket,Foodworks,-37.9543302,145.2125155
Dandenong North,gym,Anytime Fitness,-37.950356,145.2197258
Noble Park North,supermarket,ALDI,-37.9366727,145.1915257
Noble Park North,gym,In 2 Performance,-37.9569824,145.1841946
Noble Park North,gym,in2fitness,-37.9574586,145.1851887
Hampton Park,supermarket,Woolworths,-38.032744,145.2663806
Hampton Park,supermarket,Pacific Mart,-38.0345583,145.2645022
Hampton Park,supermarket,Indah Asian Market,-38.0330321,145.2659689
Hampton Park,supermarket,Sti Lankan,-38.0351067,145.2662178
Hampton Park,supermarket,Dandy Mart,-38.0332147,145.2654897
Hampton Park,cafe,Get Juiced,-38.0330831,145.2648916
Hampton Park,cafe,Paesano,-38.0324837,145.2655121
Hampton Park,cafe,Lucy’s Cafe,-38.0323951,145.2664313
Hampton Park,cafe,Sugar Buns,-38.0324129,145.2668774
Hampton Park,gym,Ripped Gym,-38.033971,145.2645378
Hampton Park,library,Hampton Park Library,-38.0340134,145.2642214
Eumemmerring,supermarket,Unnamed supermarket,-37.985339,145.2392158
Eumemmerring,supermarket,Woolworths,-38.0052689,145.2483456
Eumemmerring,cafe,Unnamed cafe,-38.01136,145.2573024
Eumemmerring,cafe,Unnamed cafe,-38.0077425,145.2601878
Eumemmerring,cafe,Conquest Corner Gourmet,-38.0072518,145.2558038
Eumemmerring,cafe,Unnamed cafe,-38.0081287,145.2356889
Eumemmerring,library,Unnamed library,-37.9947962,145.2384536
Hallam,supermarket,Coles,-38.004827,145.2664991
Hallam,cafe,Cafe Hallam,-38.0185378,145.2704072
Hallam,cafe,Unnamed cafe,-38.01136,145.2573024
Hallam,cafe,Natalya's Cafe,-38.009361,145.2733712
Hallam,cafe,Unnamed cafe,-38.0147682,145.2584224
Hallam,cafe,Unnamed cafe,-38.0077425,145.2601878
Hallam,cafe,Conquest Corner Gourmet,-38.0072518,145.2558038
Hallam,cafe,Cafe Hallam,-38.0184577,145.2702808
Hallam,cafe,Unnamed cafe,-38.0134903,145.2699756
Hallam,cafe,Latte Cartelle Coffee Drive Thru,-38.0066019,145.2725801
Endeavour Hills,supermarket,Coles,-37.9775716,145.2583643
Endeavour Hills,supermarket,Woolworths,-37.9762694,145.2592951
Endeavour Hills,supermarket,ALDI,-37.9772167,145.2586075
Endeavour Hills,library,Endeavour Hills Library,-37.9776861,145.259806
Dandenong South,supermarket,Hindustan Wholesale & Retail Groceries,-38.0161502,145.224631
Dandenong South,cafe,La Penini Sandwich Bar,-38.0292591,145.2143208
Dandenong South,cafe,Kitchen Road Take Away,-38.0177713,145.2257155
Dandenong South,cafe,Kitchen Road Cafe,-38.0247221,145.2236438
Dandenong South,cafe,Zenith Cafe,-38.0203159,145.2207431
Dandenong South,cafe,Cafe Innovation,-38.0407202,145.2192056
Dandenong South,cafe,Healey Road Take Away,-38.0300467,145.221264
Dandenong South,cafe,Swift Way Takeaway,-38.0340724,145.2065124
Dandenong South,cafe,Twin Bridge Cafe,-38.0346888,145.2106378
Lynbrook,supermarket,Coles,-38.0522568,145.2568486
Narre Warren,supermarket,ALDI,-38.017448,145.3010818
Narre Warren,supermarket,Coles,-38.0185007,145.306709
Narre Warren,supermarket,Woolworths,-38.0168578,145.3006679
Narre Warren,supermarket,NQR,-38.0229886,145.3049547
Narre Warren,supermarket,Ritchies,-38.0268159,145.30377
Narre Warren,cafe,Meteoric,-38.0191548,145.3064277
Narre Warren,cafe,Oreo,-38.0196269,145.3089181
Narre Warren,cafe,Butlers Kitchen,-38.0224514,145.3121461
Narre Warren,cafe,Muffin Break,-38.0243654,145.3088176
Narre Warren,cafe,Vesper Cafe & Takeaway,-38.0211227,145.2953006
Narre Warren,cafe,Drive-Thru coffee,-38.0318199,145.305357
Narre Warren,gym,Fernwood,-38.0262383,145.313334
Narre Warren,gym,Manic Fitness,-38.0213048,145.3024703
Narre Warren,gym,Anytime Fitness,-38.0227813,145.3050913
Narre Warren,gym,UFC Gym,-38.0214522,145.3047507
Narre Warren,gym,Universal Athlete Centre,-38.0325928,145.3048953
Narre Warren,library,Narre Warren Library,-38.0194789,145.2994565
Hawthorn,supermarket,Woolworths,-37.8208755,145.0363418
Hawthorn,supermarket,Coles,-37.82003,145.0354613
Hawthorn,supermarket,Ritches IGA,-37.8282513,145.0346305
Hawthorn,cafe,Riversdale Gourmet,-37.829686,145.043441
Hawthorn,cafe,Osso,-37.8215426,145.0252945
Hawthorn,cafe,Unnamed cafe,-37.8237673,145.0441837
Hawthorn,cafe,Unnamed cafe,-37.8231854,145.0447835
Hawthorn,cafe,Unnamed cafe,-37.8232752,145.0447544
Hawthorn,cafe,Boost Juice,-37.8201936,145.0359639
Hawthorn,cafe,Bacio Dolce,-37.8216019,145.0354096
Hawthorn,cafe,Once a Tailor,-37.819017,145.0358522
Hawthorn,cafe,Cafe Gomez,-37.8211329,145.0381312
Hawthorn,cafe,Haddon's Cafe,-37.8219524,145.0382694
Hawthorn,cafe,Saint Helen Cafe,-37.8294195,145.0409839
Hawthorn,cafe,Replete Providore,-37.8153588,145.0416497
Hawthorn,cafe,The Quartermaster's Store,-37.8129305,145.042787
Hawthorn,cafe,Knead Bakers,-37.8229718,145.0375024
Hawthorn,cafe,Zia's Cafe,-37.8285512,145.0339597
Hawthorn,cafe,Sardi,-37.8168273,145.0200672
Hawthorn,cafe,Jane&Co Cafe,-37.823439,145.0353829
Hawthorn,cafe,Tapa,-37.8210951,145.0234554
Hawthorn,cafe,Crabapple Kitchen,-37.8209506,145.0355099
Hawthorn,cafe,Blood Orange Cafe,-37.8237172,145.0461267
Hawthorn,cafe,Glenferrie Crêpe Cafe,-37.8212033,145.036501
Hawthorn,cafe,Chaplin's Office,-37.8232849,145.039529
Hawthorn,cafe,The Resistance Bar & Cafe,-37.8212118,145.0360283
Hawthorn,cafe,Chatime,-37.8214105,145.0354307
Hawthorn,cafe,Ding Tea,-37.8206099,145.0362442
Hawthorn,cafe,Who's Harry,-37.8158094,145.0210125
Hawthorn,cafe,Nigel,-37.8212345,145.0365764
Hawthorn,cafe,UDLE,-37.8210755,145.0377514
Hawthorn,cafe,AXIL COFFEE ROASTERS,-37.8204735,145.0355801
Hawthorn,cafe,Finders Keepers Cafe,-37.8285459,145.0338599
Hawthorn,cafe,Dr. Brunch,-37.8229501,145.0367506
Hawthorn,cafe,The Sandwich Platter,-37.8237932,145.0348604
Hawthorn,cafe,Axil,-37.822773,145.0342508
Hawthorn,cafe,Cactea,-37.8223916,145.0355758
Hawthorn,cafe,River Glen Kitchen,-37.8285427,145.0344436
Hawthorn,cafe,Michelle's Rolls & Coffee,-37.8285855,145.0344357
Hawthorn,cafe,Muharam,-37.8212955,145.0260182
Hawthorn,gym,Orange Theory Fitness,-37.8243914,145.0364575
Hawthorn,gym,Visions Fitness Centre,-37.821682,145.0292664
Hawthorn,gym,Unnamed gym,-37.8205675,145.0316916
Hawthorn,gym,Unnamed gym,-37.8219523,145.0275225
Hawthorn,gym,Unnamed gym,-37.8219033,145.0271871
Hawthorn,library,Burnley Library Building (914),-37.8282039,145.0218068
Hawthorn,library,Hawthorn Library,-37.8253359,145.0353406
Hawthorn,library,LB Swinburne Library,-37.822471,145.0393357
Albert Park,supermarket,Woolworths,-37.8306564,144.9573651
Albert Park,supermarket,Coles,-37.8319294,144.9609368
Albert Park,supermarket,IGA,-37.8506237,144.9645407
Albert Park,supermarket,Gumtree,-37.8507469,144.9637523
Albert Park,supermarket,Foodworks,-37.8473761,144.9490341
Albert Park,supermarket,Gumtree,-37.8413484,144.9555954
Albert Park,supermarket,Foodworks,-37.8415101,144.9539867
Albert Park,cafe,Caffe Panette,-37.8328055,144.9574554
Albert Park,cafe,The Original Cafe,-37.830547,144.969795
Albert Park,cafe,Royal Domain Café,-37.8316581,144.9710687
Albert Park,cafe,Dock Dot,-37.8315437,144.9710419
Albert Park,cafe,Bean Seen There,-37.832072,144.969731
Albert Park,cafe,Mr Albert Eastern Cafe,-37.837184,144.967455
Albert Park,cafe,Europa Coffee Drive Thru,-37.832889,144.966769
Albert Park,cafe,Light up Coffee,-37.8334741,144.9638666
Albert Park,cafe,Emerald Hill Cafe,-37.8344164,144.9606285
Albert Park,cafe,Cafe Scene,-37.8352632,144.9705418
Albert Park,cafe,The Port Bake House,-37.8375671,144.9430892
Albert Park,cafe,Boost Juice,-37.837463,144.943575
Albert Park,cafe,Chapel Bakery Cafè,-37.8354456,144.9457409
Albert Park,cafe,Koffee Kings,-37.830973,144.964945
Albert Park,cafe,Café Cova,-37.8318442,144.9652974
Albert Park,cafe,Oishii Tokyo,-37.832886,144.970427
Albert Park,cafe,Burnt Butter,-37.833871,144.9607878
Albert Park,cafe,The Old Paper Shop Deli,-37.832562,144.96021
Albert Park,cafe,Brazil Lifestyle Coffee,-37.8310149,144.9570871
Albert Park,cafe,ST. Ali,-37.8313001,144.9603137
Albert Park,cafe,Smooth E,-37.83133,144.967228
Albert Park,cafe,Mish Cafe,-37.834714,144.970926
Albert Park,cafe,Sushi Lane,-37.834496,144.9711
Albert Park,cafe,Eatworx,-37.834394,144.971156
Albert Park,cafe,Albert Gourmet Deli,-37.833654,144.971429
Albert Park,cafe,Happy Corner Cafe,-37.8312793,144.962804
Albert Park,cafe,Cottle on Coventry,-37.832243,144.958107
Albert Park,cafe,Foxtrot Café,-37.8315597,144.9471167
Albert Park,cafe,St Ali Coffee Roasters,-37.8313313,144.9604687
Albert Park,cafe,Eastern Road Larder,-37.8366192,144.9670105
Albert Park,cafe,Pietro e Paolo Cafe,-37.8359499,144.9537927
Albert Park,cafe,Burhan's Espresso Bar,-37.8319833,144.9559589
Albert Park,cafe,Canteen,-37.8327035,144.9560688
Albert Park,cafe,The Ambitious Act,-37.8342952,144.9613688
Albert Park,cafe,Market Lane Coffee,-37.8328479,144.9573083
Albert Park,cafe,Giddiup Cafe,-37.8324506,144.958748
Albert Park,cafe,Stokers,-37.8313848,144.9600301
Albert Park,cafe,The Kettle Black,-37.8341251,144.9713427
Albert Park,cafe,Philoçoffee Espresso Bar,-37.8365649,144.9688133
Albert Park,cafe,Miss Colombia,-37.8453047,144.9590164
Albert Park,cafe,Jack The Geezer,-37.8495754,144.9647729
Albert Park,cafe,Ground Cafe,-37.8351649,144.9691457
Albert Park,cafe,Albert Park Deli,-37.8414375,144.9541058
Albert Park,cafe,Aga the French patisserie,-37.8323197,144.9566948
Albert Park,cafe,Ada Grace,-37.8326207,144.9590781
Albert Park,cafe,Hectors Corner,-37.8507122,144.9644793
Albert Park,cafe,Ned's,-37.8508742,144.963645
Albert Park,cafe,The Armstrong Street Food Store,-37.8503666,144.9640871
Albert Park,cafe,Fat Albert,-37.8434097,144.9571886
Albert Park,cafe,fed,-37.841492,144.9540488
Albert Park,cafe,Dundas & Faussett,-37.841341,144.9546792
Albert Park,cafe,Hapsburg Empire,-37.8407886,144.9560215
Albert Park,cafe,The Avenue Foodstore,-37.8441215,144.951594
Albert Park,cafe,Guilty Moose,-37.8460137,144.9500271
Albert Park,cafe,lenny,-37.8453786,144.9506207
Albert Park,cafe,No. 84,-37.8399316,144.9574362
Albert Park,cafe,the story so far,-37.8406052,144.9553398
Albert Park,cafe,Lavender,-37.8422163,144.9532428
Albert Park,cafe,Montague Park Foodstore,-37.8371803,144.9538942
Albert Park,cafe,Park Lane Cafe,-37.8364732,144.9624991
Albert Park,cafe,Cowderoy's Dairy,-37.856806,144.971359
Albert Park,cafe,Frankie's Top Shop,-37.8579947,144.970349
Albert Park,cafe,Gasworks Cafe,-37.8432917,144.9463874
Albert Park,cafe,Balderdash,-37.8368823,144.9435575
Albert Park,cafe,My Sista Says,-37.8364797,144.9435802
Albert Park,cafe,Leona,-37.8371382,144.9431078
Albert Park,cafe,Hurricane Handsome,-37.8360288,144.9443886
Albert Park,cafe,Station Street Trading Company,-37.8334809,144.9444003
Albert Park,cafe,Four7Six,-37.8339786,144.9468433
Albert Park,cafe,Sandbar Beach Cafe,-37.8509538,144.9545739
Albert Park,gym,RBT South Melbourne,-37.8327589,144.9493195
Albert Park,gym,F45 Training,-37.8340675,144.9477182
Albert Park,gym,Anytime Fitness,-37.8312477,144.9589174
Albert Park,gym,Albert Park Fitness,-37.8500013,144.96952
Albert Park,gym,The Renovator,-37.8339297,144.9485996
Albert Park,gym,Halo Fitness,-37.8425084,144.9529927
Albert Park,library,Christian Science Reading Room,-37.830484,144.97086
Albert Park,library,Emerald Hill Library,-37.8347011,144.9603726
Albert Park,library,Port Melbourne Library,-37.835771,144.944496
Albert Park,library,Middle Park Library,-37.8498967,144.9621219
Albert Park,library,Carmelite Library,-37.8488079,144.9595736
Albert Park,library,Albert Park Library,-37.8413526,144.956341
Box Hill South,supermarket,Roaring Bear Asian Grocery,-37.8283644,145.121194
Box Hill South,supermarket,Woolworths,-37.8489987,145.1339749
Box Hill South,supermarket,Hu Hui Supermarket,-37.8494493,145.1340355
Box Hill South,supermarket,ALDI,-37.8293579,145.1208749
Box Hill South,cafe,Fusion Café,-37.845185,145.1110372
Box Hill South,cafe,Loading Zone,-37.844448,145.1126411
Box Hill South,cafe,Green & Wood,-37.849717,145.121106
Box Hill South,cafe,Food For Thought,-37.8487498,145.114877
Box Hill South,cafe,Cafe Aya,-37.8461618,145.1132156
Box Hill South,cafe,Corner Cafe,-37.847248,145.114568
Box Hill South,cafe,Caffeine,-37.8462081,145.1135666
Box Hill South,cafe,Sage,-37.8461391,145.1133839
Box Hill South,cafe,Unnamed cafe,-37.8378012,145.1112566
Box Hill South,cafe,Gotcha Fresh Tea,-37.8491448,145.1342583
Box Hill South,cafe,Norwood Cafe,-37.8496081,145.1343507
Box Hill South,cafe,Unnamed cafe,-37.8342031,145.1250038
Box Hill South,cafe,Acre Eatery,-37.8489503,145.134568
Box Hill South,gym,Deakin Gym,-37.8461809,145.1138776
Box Hill South,gym,Goodlife,-37.8382624,145.1329427
Box Hill South,library,Unnamed library,-37.8471254,145.1148559
Box Hill South,library,Deakin University Library,-37.8470043,145.1147565
Blackburn,supermarket,Coles,-37.83496,145.1643348
Blackburn,supermarket,Woolworths,-37.8358294,145.1644531
Blackburn,supermarket,IGA,-37.8211081,145.1419147
Blackburn,supermarket,Coles,-37.8112818,145.1535054
Blackburn,supermarket,Woolworths,-37.8123394,145.1527346
Blackburn,supermarket,ALDI,-37.8112786,145.1520958
Blackburn,supermarket,Woolworths,-37.8312489,145.1473581
Blackburn,cafe,Aunt Billie's Cafe,-37.8155012,145.1565221
Blackburn,cafe,The Joy Parade,-37.820848,145.1420223
Blackburn,cafe,Gourmet Girl,-37.8213196,145.1417637
Blackburn,cafe,Enrik's,-37.819613,145.1496986
Blackburn,cafe,The Coffee Club,-37.836053,145.1650739
Blackburn,cafe,Unnamed cafe,-37.8206278,145.1502412
Blackburn,cafe,Battle Cafe,-37.8077496,145.1638026
Blackburn,cafe,Miss Lucy,-37.824236,145.1664199
Blackburn,cafe,Cafe Vanilli,-37.8189807,145.1544497
Blackburn,cafe,The Food Cage,-37.8199917,145.164038
Blackburn,cafe,Middleborough Latte Cafe,-37.8082043,145.1402853
Blackburn,cafe,Rubix,-37.8088283,145.1401341
Blackburn,gym,Unnamed gym,-37.8211802,145.1376273
Blackburn,gym,Renew PT,-37.8111747,145.157374
Blackburn,gym,Unnamed gym,-37.8173737,145.1555217
Blackburn,gym,Unnamed gym,-37.8112595,145.1583495
Blackburn,library,Blackburn Library,-37.8206692,145.1532221
Mitcham,supermarket,KT Mart Asian Grocery,-37.8160472,145.1934578
Mitcham,supermarket,IGA,-37.8278021,145.1943445
Mitcham,supermarket,Coles,-37.8152905,145.1927791
Mitcham,cafe,Grinders,-37.8131725,145.2043676
Mitcham,cafe,Sweet Lime Cafe,-37.8308363,145.1944825
Mitcham,cafe,The Mabel,-37.8080928,145.1965481
Mitcham,cafe,Mylk Bar,-37.8269812,145.1943754
Mitcham,cafe,Two Brothers,-37.8272468,145.1943519
Mitcham,cafe,The Bakery Cafe,-37.8276674,145.1943811
Vermont,supermarket,IGA,-37.8278021,145.1943445
Vermont,supermarket,Woolworths,-37.8374684,145.1844001
Vermont,cafe,Sweet Lime Cafe,-37.8308363,145.1944825
Vermont,cafe,Mylk Bar,-37.8269812,145.1943754
Vermont,cafe,Two Brothers,-37.8272468,145.1943519
Vermont,cafe,The Bakery Cafe,-37.8276674,145.1943811
Vermont,cafe,Leeroy,-37.8383398,145.206825
Vermont,gym,Pilates Just For You,-37.8384622,145.2067363
Wantirna,supermarket,IGA,-37.8594013,145.240895
Wantirna,supermarket,Ritchies,-37.8477523,145.2330332
Wantirna,cafe,Crest,-37.8607878,145.2314414
Wantirna,cafe,King Bean Cafe,-37.8480191,145.2317039
Wantirna,cafe,Straits Cafe,-37.8605579,145.2401825
Wantirna,cafe,Schokolade Cafe,-37.8598754,145.2405739
Bayswater,supermarket,Coles,-37.8425504,145.2667021
Bayswater,supermarket,Bayswater Fresh,-37.8428677,145.267082
Bayswater,supermarket,Woolworths,-37.8408888,145.2627028
Bayswater,supermarket,Aldi,-37.8430635,145.2661744
Bayswater,supermarket,Food Factory Sales,-37.8424452,145.2654773
Bayswater,cafe,Let's Go Cafe,-37.8438525,145.2789522
Bayswater,cafe,xpresso Cafe,-37.842041,145.2671367
Bayswater,cafe,The Gilded Rose Cafe,-37.8419043,145.2669986
Bayswater,cafe,The Hatter and the Hare,-37.8414096,145.271023
Bayswater,cafe,Montano's Cafe,-37.8408413,145.2653551
Bayswater,cafe,Starbucks,-37.8309112,145.2714954
Bayswater,gym,Plus Fitness,-37.8419308,145.2663369
Bayswater,library,Bayswater Library,-37.8427741,145.2669828
Boronia,supermarket,Coles,-37.8612829,145.2875436
Boronia,supermarket,NQR Boronia,-37.8610862,145.2816513
Boronia,supermarket,Woolworths,-37.8616619,145.2843812
Boronia,supermarket,IGA,-37.8444535,145.2993385
Boronia,cafe,Michel's Patisserie,-37.8618987,145.284752
Boronia,cafe,Let's Go Cafe,-37.8438525,145.2789522
Boronia,cafe,Flick the Bean,-37.8451101,145.2847642
Boronia,cafe,Lunch Shop,-37.845018,145.2870186
Boronia,cafe,The Hatter and the Hare,-37.8414096,145.271023
Boronia,cafe,Milki & Miller,-37.8443716,145.2987898
Boronia,cafe,Koko Lime Cafe,-37.8442996,145.2988036
Boronia,library,Boronia Library,-37.863828,145.2845248
The Basin,cafe,The Chocolate Dragon Fly Cafe,-37.8559952,145.3159802
The Basin,cafe,1 in 20 Café,-37.8556385,145.3157854
The Basin,cafe,Svaks Passion for Cake and Coffee,-37.8562654,145.3161148
Belgrave Heights,supermarket,Unwrapped Pantry,-37.9301511,145.3595351
Belgrave Heights,supermarket,IGA,-37.9316948,145.3581416
Belgrave Heights,cafe,Brew Time Cafe,-37.9300766,145.3592697
Belgrave Heights,cafe,Café,-37.9266383,145.3499653
Belgrave Heights,gym,First Train Fitness,-37.9299794,145.3586185
Belgrave South,supermarket,Unwrapped Pantry,-37.9301511,145.3595351
Belgrave South,supermarket,IGA,-37.9316948,145.3581416
Belgrave South,cafe,Brew Time Cafe,-37.9300766,145.3592697
Belgrave South,gym,First Train Fitness,-37.9299794,145.3586185
Narre Warren North,supermarket,Marco's IGA,-37.9809432,145.3167652
Narre Warren North,cafe,The Rise Pizzeria Cafe,-37.9807682,145.3166421
Narre Warren North,cafe,The Squatting Frog,-37.9820006,145.3115271
Viewbank,supermarket,Yallambie Food Mart,-37.7262906,145.1041276
Eltham North,supermarket,Aldi,-37.7128407,145.1501999
Eltham North,supermarket,Woolworths,-37.6848714,145.1356942
Eltham North,cafe,Cafe Eden,-37.700683,145.1540857
Eltham North,cafe,Degani,-37.6851194,145.1361391
Eltham North,cafe,Pie Face,-37.712065,145.1495807
Eltham North,cafe,Oregon Xpress,-37.6988702,145.1310127
Eltham North,library,Unnamed library,-37.6870386,145.1400824
Eltham North,library,Unnamed library,-37.6892448,145.1401059
St Helena,supermarket,Woolworths,-37.6848714,145.1356942
St Helena,cafe,Clay Oven,-37.6980419,145.116462
St Helena,cafe,Degani,-37.6851194,145.1361391
St Helena,cafe,Oregon Xpress,-37.6988702,145.1310127
St Helena,gym,Total Balance Fitness Training,-37.6769998,145.1273852
St Helena,library,Unnamed library,-37.6870386,145.1400824
St Helena,library,Unnamed library,-37.6892448,145.1401059
Eltham,supermarket,Coles,-37.7151557,145.1486437
Eltham,supermarket,Aldi,-37.7128407,145.1501999
Eltham,supermarket,Woolworths,-37.7141239,145.1502458
Eltham,cafe,Platform 3095,-37.7135911,145.1480837
Eltham,cafe,Miss Pryor,-37.7132925,145.1492783
Eltham,cafe,Cornercaf Eltham,-37.7143074,145.1489863
Eltham,cafe,The Main Cafe,-37.714671,145.1485413
Eltham,cafe,Pierross,-37.7154163,145.1493651
Eltham,cafe,Pie Face,-37.712065,145.1495807
Eltham,cafe,Shillinglaw Cafe,-37.7166081,145.1460999
Eltham,cafe,Cafe Zen Den,-37.7218596,145.1458995
Eltham,gym,Snap Fitness,-37.7129884,145.1491304
Eltham,gym,KX Pilates,-37.7134819,145.1489648
Eltham,library,Eltham Library,-37.7162347,145.1461541
Blackburn North,supermarket,Coles,-37.8112818,145.1535054
Blackburn North,supermarket,Woolworths,-37.8123394,145.1527346
Blackburn North,supermarket,ALDI,-37.8112786,145.1520958
Blackburn North,cafe,Aunt Billie's Cafe,-37.8155012,145.1565221
Blackburn North,cafe,Enrik's,-37.819613,145.1496986
Blackburn North,cafe,Little Woodpecker,-37.8037108,145.1473883
Blackburn North,cafe,Battle Cafe,-37.8077496,145.1638026
Blackburn North,cafe,Cafe Kevin,-37.7906225,145.1421431
Blackburn North,cafe,Lil' Ray,-37.8052812,145.1554865
Blackburn North,cafe,Cafe Vanilli,-37.8189807,145.1544497
Blackburn North,cafe,The Food Cage,-37.8199917,145.164038
Blackburn North,cafe,Middleborough Latte Cafe,-37.8082043,145.1402853
Blackburn North,cafe,Rubix,-37.8088283,145.1401341
Blackburn North,gym,MnM Studio,-37.8000413,145.1688902
Blackburn North,gym,Renew PT,-37.8111747,145.157374
Blackburn North,gym,Unnamed gym,-37.8173737,145.1555217
Blackburn North,gym,Unnamed gym,-37.8112595,145.1583495
Templestowe Lower,supermarket,Woolworths,-37.7729494,145.1136659
Templestowe Lower,supermarket,ALDI,-37.7731793,145.1118816
Templestowe Lower,cafe,Melissa Cakes Cafe Bar,-37.7567225,145.121643
Templestowe Lower,cafe,Cafe Macchiato,-37.7723587,145.1122379
Templestowe Lower,gym,K1 Sport,-37.7675204,145.1049083
Templestowe Lower,gym,Joon No's Taekwondo,-37.7720848,145.1051158
Templestowe Lower,library,Manningham Toy Library,-37.7619229,145.0986198
Mooroolbark,supermarket,Coles,-37.7849101,145.315384
Mooroolbark,supermarket,Lai Grocery,-37.7849478,145.3143439
Mooroolbark,supermarket,KKJ Grocery,-37.7856819,145.3112622
Mooroolbark,supermarket,Masala Pantry,-37.7858641,145.3112263
Mooroolbark,supermarket,ZoZam,-37.7856705,145.3137655
Mooroolbark,cafe,Country Heart Cafe,-37.7852874,145.3125071
Mooroolbark,cafe,Bakehouse Boss,-37.7849786,145.3140202
Mooroolbark,cafe,Manna Lane,-37.7848607,145.3145179
Mooroolbark,cafe,Golden Pastry Bread Shop,-37.7849349,145.3147143
Mooroolbark,cafe,Bark 'n Beans,-37.7853463,145.3114933
Mooroolbark,cafe,Mwah Foods,-37.7885453,145.3108269
Mooroolbark,gym,Hourglass Studios,-37.7885294,145.3106816
Mooroolbark,library,Mooroolbark Library,-37.7858184,145.3125145
Kilsyth,supermarket,Woolworths,-37.803235,145.3108152
Kilsyth,supermarket,NQR,-37.802786,145.3091605
Kilsyth,cafe,Unnamed cafe,-37.803301,145.3112575
Kilsyth,cafe,Industrie Cafe,-37.8137689,145.2986684
Kilsyth,cafe,Dolcetti of Kilsyth,-37.8025309,145.316331
Kilsyth South,supermarket,Woolworths,-37.8229337,145.3020376
Kilsyth South,supermarket,IGA,-37.8444535,145.2993385
Kilsyth South,cafe,Milki & Miller,-37.8443716,145.2987898
Kilsyth South,cafe,Koko Lime Cafe,-37.8442996,145.2988036
Croydon South,supermarket,IGA,-37.8112725,145.2704883
Croydon South,supermarket,Karen Asian Grocery,-37.8117989,145.2700736
Croydon South,supermarket,Eastfield Natural Foods,-37.811872,145.2700207
Croydon South,cafe,Unnamed cafe,-37.8253856,145.2800958
Croydon South,cafe,SoulPod Cafe,-37.8119414,145.2699771
Croydon South,cafe,Cafe ONE 88,-37.8184212,145.2688012
Croydon South,cafe,Eastfield Coffee Co.,-37.811758,145.2701015
Croydon South,cafe,CF,-37.8016916,145.2852527
Croydon South,gym,Lifecare Pilates,-37.810913,145.2886308
Croydon South,library,CD,-37.8015875,145.286095
Croydon South,library,Croydon Library,-37.8006106,145.2817446
Montrose,supermarket,Montrose IGA,-37.8106577,145.3431686
Montrose,cafe,The Hummingbird Cafe,-37.8108673,145.3436773
Montrose,cafe,Posie Project,-37.8110426,145.3440263
Montrose,library,Montrose Library,-37.810426,145.3446201
Upper Ferntree Gully,supermarket,Maxi Foods,-37.8943767,145.3080703
Upper Ferntree Gully,supermarket,Foodworks,-37.8826388,145.2966078
Upper Ferntree Gully,cafe,Blue Mountain Cafe,-37.8942649,145.3085456
Upper Ferntree Gully,cafe,Ramble On Cafe,-37.8945869,145.3085955
Upper Ferntree Gully,cafe,Cafe Brew'd,-37.8938563,145.3105345
Upper Ferntree Gully,cafe,Rapture Cafe,-37.8822645,145.2968637
Upper Ferntree Gully,cafe,The 1000 steps cafe,-37.8891796,145.3173805
Upper Ferntree Gully,cafe,Coffee & Co,-37.8826525,145.2964632
Upper Ferntree Gully,cafe,Larder & Thyme,-37.8824532,145.2951931
Upper Ferntree Gully,gym,Keystone Fitness Club,-37.8936399,145.3087238
Upper Ferntree Gully,gym,Fit n Firm,-37.8937418,145.3089547
Upper Ferntree Gully,gym,Yoga Balance,-37.8830589,145.2966058
Upper Ferntree Gully,gym,South East Fitness Solutions,-37.890478,145.2991214
Upper Ferntree Gully,gym,Fit Life,-37.8922429,145.3012125
Upper Ferntree Gully,gym,Fit For Life,-37.8938795,145.3103156
Upper Ferntree Gully,gym,Fitness Foundry,-37.8822878,145.2951489
Upper Ferntree Gully,gym,Next Level Fitness,-37.8818404,145.2965314
Upwey,supermarket,IGA,-37.9041781,145.3311819
Upwey,cafe,Burrinja,-37.91651,145.3345789
Upwey,cafe,Real Food in Tecoma,-37.9062148,145.3428856
Upwey,cafe,Tasty Az,-37.9164925,145.3347351
Upwey,cafe,Magpie House Cafe,-37.9038445,145.3309827
Upwey,cafe,Have Ya Bean,-37.9034836,145.3296798
Upwey,cafe,Maria,-37.9039698,145.3310888
Upwey,cafe,The Side Corner,-37.903582,145.331043
Upwey,gym,Club Lime,-37.9054804,145.3325483
Ferny Creek,cafe,The 1000 steps cafe,-37.8891796,145.3173805
Sassafras,supermarket,Mt Dandenong IGA,-37.8479014,145.3607598
Sassafras,cafe,Olinda Cafe,-37.8557375,145.3649085
Sassafras,cafe,Piggery cafe,-37.8754532,145.3552972
Sassafras,cafe,Ripe Cafe,-37.8636742,145.3533768
Sassafras,cafe,Sassafras Cafe,-37.8622229,145.3539465
Sassafras,cafe,Ranges Cafe & Bar,-37.8558233,145.3645099
Sassafras,cafe,Storehouse Sassafras,-37.863743,145.3532681
Sassafras,cafe,Storehouse Roastery Olinda,-37.8483208,145.3611832
Sassafras,cafe,Unnamed cafe,-37.8525329,145.3689076
Olinda,supermarket,Mt Dandenong IGA,-37.8479014,145.3607598
Olinda,cafe,Seasons at Cloudehill,-37.861114,145.3769658
Olinda,cafe,Olinda Cafe,-37.8557375,145.3649085
Olinda,cafe,Ripe Cafe,-37.8636742,145.3533768
Olinda,cafe,Sassafras Cafe,-37.8622229,145.3539465
Olinda,cafe,Ranges Cafe & Bar,-37.8558233,145.3645099
Olinda,cafe,Storehouse Sassafras,-37.863743,145.3532681
Olinda,cafe,Storehouse Roastery Olinda,-37.8483208,145.3611832
Olinda,cafe,Unnamed cafe,-37.8525329,145.3689076
Mount Dandenong,supermarket,Mt Dandenong IGA,-37.8479014,145.3607598
Mount Dandenong,cafe,Olinda Cafe,-37.8557375,145.3649085
Mount Dandenong,cafe,Sassafras Cafe,-37.8622229,145.3539465
Mount Dandenong,cafe,Ranges Cafe & Bar,-37.8558233,145.3645099
Mount Dandenong,cafe,Storehouse Roastery Olinda,-37.8483208,145.3611832
Mount Dandenong,cafe,Unnamed cafe,-37.8525329,145.3689076
Belgrave,supermarket,Woolworths,-37.9095382,145.3526923
Belgrave,cafe,Earthly Pleasures,-37.9092156,145.3526296
Belgrave,cafe,Benson's Cafe and Restaurant,-37.9085561,145.3551653
Belgrave,cafe,Puffing Billy Café,-37.9093602,145.3544177
Belgrave,cafe,Cognoscenti,-37.9096599,145.3521804
Belgrave,cafe,Rustic Cafe,-37.9099167,145.3535744
Belgrave,cafe,Mareesa's Cafe,-37.9088497,145.3549128
Belgrave,cafe,Real Food in Tecoma,-37.9062148,145.3428856
Belgrave,cafe,Grumbling Goose,-37.9092344,145.3546626
Belgrave,cafe,Belliful of Bliss,-37.9089005,145.3567666
Belgrave,cafe,Rollin' Brew,-37.9091523,145.3550912
Belgrave,cafe,Café,-37.9266383,145.3499653
Belgrave,gym,Ananda Hot Yoga,-37.908734,145.3550984
Belgrave,gym,Curves,-37.9088599,145.3566835
Belgrave,library,Belgrave Library,-37.9089645,145.3525093
Tecoma,supermarket,Woolworths,-37.9095382,145.3526923
Tecoma,supermarket,IGA,-37.9041781,145.3311819
Tecoma,cafe,Burrinja,-37.91651,145.3345789
Tecoma,cafe,Earthly Pleasures,-37.9092156,145.3526296
Tecoma,cafe,Benson's Cafe and Restaurant,-37.9085561,145.3551653
Tecoma,cafe,Puffing Billy Café,-37.9093602,145.3544177
Tecoma,cafe,Cognoscenti,-37.9096599,145.3521804
Tecoma,cafe,Rustic Cafe,-37.9099167,145.3535744
Tecoma,cafe,Mareesa's Cafe,-37.9088497,145.3549128
Tecoma,cafe,Real Food in Tecoma,-37.9062148,145.3428856
Tecoma,cafe,Grumbling Goose,-37.9092344,145.3546626
Tecoma,cafe,Belliful of Bliss,-37.9089005,145.3567666
Tecoma,cafe,Rollin' Brew,-37.9091523,145.3550912
Tecoma,cafe,Tasty Az,-37.9164925,145.3347351
Tecoma,cafe,Magpie House Cafe,-37.9038445,145.3309827
Tecoma,cafe,Have Ya Bean,-37.9034836,145.3296798
Tecoma,cafe,Maria,-37.9039698,145.3310888
Tecoma,cafe,The Side Corner,-37.903582,145.331043
Tecoma,gym,Ananda Hot Yoga,-37.908734,145.3550984
Tecoma,gym,Curves,-37.9088599,145.3566835
Tecoma,gym,Club Lime,-37.9054804,145.3325483
Tecoma,library,Belgrave Library,-37.9089645,145.3525093
Sherbrooke,supermarket,Kallista Organic Market,-37.8843722,145.3701092
Sherbrooke,cafe,Genies Cafe,-37.8845744,145.3694945
Sherbrooke,cafe,Kallista Deli & Cafe,-37.8845178,145.3695596
Sherbrooke,cafe,Piggery cafe,-37.8754532,145.3552972
Sherbrooke,cafe,Grants on Sherbrooke,-37.887475,145.3701226
Sherbrooke,cafe,Kallista Tearoom,-37.882481,145.3710766
Kallista,supermarket,Kallista Organic Market,-37.8843722,145.3701092
Kallista,cafe,Genies Cafe,-37.8845744,145.3694945
Kallista,cafe,Kallista Deli & Cafe,-37.8845178,145.3695596
Kallista,cafe,Grants on Sherbrooke,-37.887475,145.3701226
Kallista,cafe,Kallista Tearoom,-37.882481,145.3710766
Kalorama,cafe,Harry's Couch and Photographic Cafe,-37.8312695,145.3603929
Kalorama,cafe,Destiny Point Cafe,-37.8180533,145.366347
Kalorama,gym,Kumbada Studio,-37.8179219,145.3658519
Rowville,supermarket,Coles,-37.9208945,145.2375525
Rowville,supermarket,ALDI,-37.9287015,145.2513265
Rowville,supermarket,Ritchies,-37.9284957,145.2525168
Rowville,supermarket,IGA,-37.9139878,145.2570252
Rowville,supermarket,Woolworths,-37.9209702,145.2351822
Rowville,cafe,Choco Bean,-37.913649,145.256972
Rowville,cafe,Quirky Bean Cafe,-37.9197598,145.2368782
Rowville,cafe,Corner Stonez Cafe,-37.9203341,145.236696
Rowville,cafe,Boost Juice,-37.9205367,145.2369699
Rowville,cafe,Choco Bean Cafe,-37.9280653,145.2525698
Rowville,cafe,Beans In A Row,-37.9142852,145.2345678
Rowville,cafe,Kelletts Cafe,-37.9110781,145.2439632
Rowville,gym,Jetts Fitness,-37.9197079,145.235262
Rowville,gym,Anytime Fitness,-37.9275731,145.2510015
Rowville,gym,Body Fit Training Rowville,-37.9107487,145.2446733
Rowville,gym,Curves,-37.9108229,145.2438856
Rowville,gym,Future Health & Fitness Gym Rowville,-37.9102661,145.2448741
Rowville,gym,F45 Training,-37.9130933,145.2347828
Rowville,library,Rowville Library,-37.9198015,145.2372294
Springvale South,supermarket,Woolworths,-37.9834708,145.1329898
Springvale South,supermarket,Springvale South SUPA IGA,-37.97202,145.1497316
Springvale South,supermarket,My Tam Grocery,-37.9620491,145.1427
Springvale South,supermarket,Pride Of Punjab,-37.9621014,145.1432283
Springvale South,supermarket,Koh's Market Place,-37.9718495,145.1497789
Springvale South,supermarket,Trường Giang Grocery,-37.9715195,145.1490246
Springvale South,supermarket,Mekong Groceries,-37.9717702,145.1496318
Springvale South,supermarket,Cường Phát,-37.9716667,145.1490097
Springvale South,supermarket,ALDI,-37.9615752,145.1431426
Springvale South,cafe,Jeany In A Cup,-37.9618602,145.1425951
Springvale South,cafe,Springvale Coffee,-37.9615875,145.1425925
Springvale South,cafe,Góc Phố,-37.9613988,145.1426586
Springvale South,cafe,Coffee 575A,-37.9717948,145.148988
Springvale South,library,Unnamed library,-37.981958,145.1345439
Springvale South,library,Springvale Library,-37.9567711,145.1526249
Seaford,supermarket,Woolworths,-38.1092936,145.1265883
Seaford,supermarket,Seaford Friendly Grocer,-38.1035856,145.1261614
Seaford,cafe,Harty Snacks,-38.1117588,145.1412742
Seaford,cafe,Take it Easy,-38.0991768,145.1522315
Seaford,cafe,Booster Cafe,-38.1148587,145.1407574
Seaford,cafe,Unnamed cafe,-38.0934855,145.1322309
Seaford,cafe,Starbucks,-38.1182961,145.1479651
Seaford,cafe,Beach Cafe Seaford,-38.1034136,145.1248576
Seaford,cafe,Gelato Unou,-38.1032365,145.1261275
Seaford,cafe,18-EightyEight,-38.1033177,145.1264015
Seaford,cafe,Coffee Home Cafe,-38.1038554,145.1261836
Seaford,gym,Planet Fitness (under construction),-38.1187562,145.1472279
Carrum Downs,supermarket,Ritchies IGA,-38.0887498,145.1823156
Carrum Downs,supermarket,Woolworths,-38.1020969,145.1836689
Carrum Downs,cafe,The Mustard Seed Cafe,-38.102088,145.1855511
Carrum Downs,cafe,Industry Cafe,-38.0915765,145.1681659
Carrum Downs,cafe,Pie Face,-38.0993767,145.1741679
Carrum Downs,cafe,Lubo's Snack-Bar,-38.1067726,145.1650202
Carrum Downs,library,Unnamed library,-38.1029786,145.1869128
Carrum Downs,library,St Joachim's School Library,-38.1031698,145.178057
Cranbourne West,supermarket,Coles,-38.1030621,145.2652502
Cranbourne West,supermarket,Woolworths,-38.1080715,145.2506305
Cranbourne West,supermarket,Universal Way Spices,-38.0914081,145.2553953
Cranbourne West,supermarket,Homeland Spices Grocery Store,-38.1084857,145.2511055
Cranbourne West,supermarket,Kuya JJ Asian Grocery,-38.1084035,145.2511267
Cranbourne West,supermarket,Casey Supermarket & Butcher,-38.1028395,145.2656435
Cranbourne West,supermarket,IGA,-38.1158311,145.2408454
Cranbourne West,cafe,Coffee Bean Cafe,-38.107792,145.2510556
Cranbourne West,cafe,Drips Bakery Cafe,-38.1101184,145.2638425
Cranbourne West,cafe,Arabian Lounge and Cafe,-38.0916763,145.2552773
Cranbourne West,cafe,Cafe Cibo Bar,-38.1157359,145.2404481
Cranbourne West,gym,Jetts Fitness,-38.107742,145.2507161
Cranbourne West,gym,Snap Fitness,-38.1155832,145.2409236
Botanic Ridge,cafe,Unnamed cafe,-38.126955,145.2704471
Botanic Ridge,cafe,Unnamed cafe,-38.1304612,145.2694819
Junction Village,supermarket,Coles,-38.1497807,145.2897666
Junction Village,cafe,Ridge Café,-38.1495069,145.2902929
Cranbourne East,supermarket,Woolworths,-38.1002009,145.2939531
Cranbourne East,supermarket,ALDI,-38.1000051,145.2933188
Cranbourne East,supermarket,Coles,-38.1191101,145.3205054
Cranbourne East,cafe,Ducky on Clyde Cafe,-38.1189221,145.3192799
Cranbourne East,library,Cranbourne Library,-38.1137471,145.2956365
Clyde,supermarket,Coles,-38.1191101,145.3205054
Clyde,cafe,Ducky on Clyde Cafe,-38.1189221,145.3192799
Langwarrin,supermarket,Coles,-38.1512148,145.196592
Langwarrin,supermarket,Woolworths,-38.1411816,145.2075134
Langwarrin,cafe,Langwarrin General Store,-38.1505813,145.2034333
Langwarrin,cafe,Freshta's Café,-38.1414115,145.2078118
Langwarrin,cafe,Ducky Brown Café,-38.1503712,145.1970702
Langwarrin,gym,Anytime Fitness,-38.1417391,145.2082953
Langwarrin,gym,UBX Training,-38.1514798,145.1970224
Langwarrin,gym,Jetts,-38.1505029,145.1963531
Frankston South,supermarket,Ritchies IGA,-38.163341,145.1377155
Baxter,supermarket,Woolworths,-38.1941735,145.1594628
Baxter,cafe,Unnamed cafe,-38.1946904,145.1479418
Frankston North,supermarket,Ritchies IGA,-38.1122489,145.1566421
Frankston North,supermarket,ALDI,-38.1102556,145.1610991
Frankston North,supermarket,Foodworks,-38.1179603,145.1599882
Frankston North,cafe,Unnamed cafe,-38.1321535,145.1758275
Frankston North,cafe,Starbucks,-38.1182961,145.1479651
Frankston North,gym,Planet Fitness (under construction),-38.1187562,145.1472279
Cranbourne,supermarket,Coles,-38.1071313,145.2818531
Cranbourne,supermarket,Woolworths,-38.1002009,145.2939531
Cranbourne,supermarket,ALDI,-38.1000051,145.2933188
Cranbourne,supermarket,Mrs Wan's Asian Mart Cranbourne,-38.1116346,145.2825114
Cranbourne,supermarket,Cranbourne Fresh Food Centre,-38.1122855,145.2832774
Cranbourne,supermarket,Casey Asian Mart,-38.1103105,145.2830502
Cranbourne,supermarket,NQR,-38.110829,145.2821454
Cranbourne,supermarket,ALDI,-38.1115747,145.2842262
Cranbourne,cafe,Jamaica Blue,-38.1074656,145.2825636
Cranbourne,cafe,Bros Espresso Bar,-38.1105197,145.2835973
Cranbourne,cafe,Wicked Sensation,-38.1125927,145.2826218
Cranbourne,cafe,Popp Eyes,-38.1128929,145.2835982
Cranbourne,cafe,Joe's Mochapot Cafe,-38.1108974,145.2823239
Cranbourne,gym,Fitbase,-38.1126181,145.2825013
Cranbourne,gym,Anytime Fitness,-38.1098042,145.2830859
Cranbourne,gym,Bodyworks Fitness,-38.0984913,145.2840618
Cranbourne,library,Cranbourne Library,-38.1137471,145.2956365
Waurn Ponds,supermarket,Coles,-38.1999126,144.3167547
Waurn Ponds,cafe,Starbucks,-38.2009696,144.3126052
Waurn Ponds,cafe,Go Naked Coffee,-38.2036613,144.307945
Waurn Ponds,cafe,Bean Squeeze,-38.201898,144.3116237
Waurn Ponds,gym,KD Stewart Centre,-38.1982596,144.2993029
Waurn Ponds,gym,Snap Fitness,-38.2029351,144.3120728
Waurn Ponds,library,Deakin University Library,-38.1979279,144.2972735
Truganina,supermarket,Coles,-37.820201,144.7210078
Devon Meadows,supermarket,Coles,-38.1497807,145.2897666
Devon Meadows,cafe,Ridge Café,-38.1495069,145.2902929
Scoresby,supermarket,ALDI,-37.9012273,145.2329917
Scoresby,supermarket,Woolworths,-37.8983779,145.2318694
Scoresby,cafe,Cafe 1330,-37.8996713,145.2300111
Scoresby,cafe,Cafe Dinicious,-37.8982041,145.2307579
Scoresby,cafe,Lily's Banh Mi Cafe,-37.898184,145.2302705
Scoresby,cafe,Middle Man Cafe,-37.9137538,145.2193471
Scoresby,cafe,Birdie Cup Eatery,-37.8937278,145.2206252
Scoresby,cafe,Scoresby Cafe,-37.8992912,145.2179599
Scoresby,gym,CrossFit Iron Bear,-37.8986218,145.2177359
Scoresby,gym,Club Lime Scoresby,-37.8978607,145.2325129
Knoxfield,supermarket,IGA Knoxfield Plus Liquor,-37.8942957,145.2497379
Knoxfield,cafe,Half Cafe,-37.8997138,145.2430347
Knoxfield,cafe,Knox Gateway Cafe,-37.8981391,145.2442547
Knoxfield,cafe,Community@Cavell,-37.8888624,145.2358004
Knoxfield,cafe,Rushdale Cafe,-37.9002836,145.2530883
Knoxfield,cafe,Lunch Break Deli,-37.8943637,145.2500165
Ferntree Gully,supermarket,Woolworths,-37.889438,145.2936982
Ferntree Gully,supermarket,ALDI,-37.8882093,145.2889133
Ferntree Gully,supermarket,Coles,-37.8836854,145.2753186
Ferntree Gully,supermarket,Woolworths,-37.883705,145.2778081
Ferntree Gully,supermarket,IGA,-37.8822526,145.2943126
Ferntree Gully,supermarket,Foodworks,-37.8826388,145.2966078
Ferntree Gully,supermarket,Wholefood Merchants,-37.8823427,145.2725503
Ferntree Gully,supermarket,Wholefood Merchants,-37.882963,145.2728047
Ferntree Gully,cafe,The Food Pantry,-37.8827171,145.2943553
Ferntree Gully,cafe,Rapture Cafe,-37.8822645,145.2968637
Ferntree Gully,cafe,Lorna Cafe,-37.8884645,145.2933512
Ferntree Gully,cafe,Terry's Cafe,-37.8839621,145.2821546
Ferntree Gully,cafe,Coffee & Co,-37.8826525,145.2964632
Ferntree Gully,cafe,Cafe Bianca,-37.8816205,145.2752277
Ferntree Gully,cafe,Ibiza Shisha Lounge and Cafe,-37.8842365,145.2732702
Ferntree Gully,cafe,Montania Cafe,-37.8843613,145.2737183
Ferntree Gully,cafe,Gus & El's Cafe,-37.8842624,145.2743267
Ferntree Gully,cafe,Break 40,-37.8842583,145.2745369
Ferntree Gully,cafe,The Coffee House,-37.8840624,145.2761482
Ferntree Gully,cafe,Chosen Bean,-37.8839592,145.2769675
Ferntree Gully,cafe,Gloria’s Cafe,-37.8747086,145.2820325
Ferntree Gully,cafe,Micah Coffee Brewers,-37.8881164,145.2898201
Ferntree Gully,cafe,121 Station Cafe,-37.8817425,145.2942688
Ferntree Gully,cafe,Station Street Green Co,-37.8823798,145.2945773
Ferntree Gully,cafe,Larder & Thyme,-37.8824532,145.2951931
Ferntree Gully,gym,Unnamed gym,-37.8824381,145.2721048
Ferntree Gully,gym,F45 Training,-37.883078,145.2808262
Ferntree Gully,gym,Haka Yoga Studio,-37.8886021,145.2925818
Ferntree Gully,gym,Fernwood Fitness,-37.8829994,145.2723729
Ferntree Gully,gym,Yoga Balance,-37.8830589,145.2966058
Ferntree Gully,gym,SEEC Entertainment,-37.8824381,145.2718759
Ferntree Gully,gym,Anytime Fitness,-37.8824434,145.2712157
Ferntree Gully,gym,Jump Swim School,-37.8824376,145.2710087
Ferntree Gully,gym,Oslo Health and Fitness,-37.8839057,145.2772489
Ferntree Gully,gym,World Fitness Cartel,-37.883184,145.2706792
Ferntree Gully,gym,Fitness Foundry,-37.8822878,145.2951489
Ferntree Gully,gym,Next Level Fitness,-37.8818404,145.2965314
Ferntree Gully,library,Ferntree Gully Library,-37.8898934,145.2909254
Pearcedale,cafe,Wetland Café,-38.2117095,145.2509252
Preston,supermarket,ARC Asian Grocers,-37.7383251,145.0022413
Preston,supermarket,Quoc Te United Asian Food Stores,-37.7388992,145.0037023
Preston,supermarket,Dong Thinh International Food Store,-37.7389957,145.0036864
Preston,supermarket,Big 8 Asian Foods,-37.7390419,145.0036757
Preston,supermarket,Woolworths,-37.751159,145.003581
Preston,supermarket,ALDI,-37.7520867,145.0028302
Preston,supermarket,Woolworths,-37.737145,145.0028388
Preston,supermarket,ALDI,-37.7399085,145.001834
Preston,cafe,The Old Milkbar,-37.7541217,145.0165265
Preston,cafe,Raqwa Cafe and Beer Garden,-37.7460124,145.0060625
Preston,cafe,Boundary Espresso,-37.7482617,145.0042156
Preston,cafe,Casa Nata,-37.7525393,145.0017602
Preston,cafe,Caffe Rustico,-37.7405306,145.0040599
Preston,cafe,Café Baréa,-37.7321277,145.0048728
Preston,cafe,Rio Express,-37.755847,144.9944288
Preston,cafe,Sartoria,-37.7479228,145.0043889
Preston,cafe,CJ Cafe,-37.7468737,145.005165
Preston,cafe,Plenty & More Cafe,-37.7449825,145.0065091
Preston,cafe,Pomona Cafe,-37.7369704,144.99515
Preston,cafe,M's Cafe,-37.7388734,145.0023733
Preston,cafe,Tammy's Borek,-37.7385409,145.0024238
Preston,cafe,Calavera Cafe,-37.7388532,145.0021592
Preston,cafe,Les Crepes Gourmandes,-37.7387178,145.0019363
Preston,cafe,Rustic Bean,-37.7389839,145.0022509
Preston,cafe,Pasquales Cafe,-37.7389903,145.0023125
Preston,cafe,Pegani's,-37.7392637,145.0020661
Preston,cafe,Teaser,-37.7394533,145.0036085
Preston,cafe,Brown Bear,-37.7430405,145.0030309
Preston,cafe,Cafe Lucchini,-37.739281,145.0039561
Preston,cafe,The Penguine,-37.7365052,145.0040877
Preston,cafe,HA Espresso,-37.7433924,145.0029616
Preston,cafe,9 Tails,-37.7421303,145.0034841
Preston,cafe,International Cafe Shop,-37.7412221,145.003322
Preston,cafe,Shisha Square,-37.7420559,145.0031713
Preston,cafe,Dexter,-37.736112,145.0044769
Preston,cafe,Young Man Cafe,-37.7350746,145.0046629
Preston,cafe,Tasties Cafe,-37.7393728,145.00394
Preston,cafe,Ablas Patisserie,-37.7429579,145.0033794
Preston,cafe,Kolache,-37.7490587,145.0020156
Preston,cafe,A Simple Sandwich,-37.7493553,145.0019682
Preston,cafe,Remy’s Place,-37.7470533,145.0050313
Preston,cafe,Red Bean,-37.7477873,145.0045551
Preston,cafe,Arepa Days,-37.7413183,145.0037916
Preston,cafe,Two Boys and a Pot,-37.7383041,145.0115247
Preston,cafe,Brewista Cafe,-37.7531524,145.0108164
Preston,cafe,Millhouse Bakery Cafe,-37.7550946,144.9937582
Preston,cafe,Pie Face,-37.7477319,145.022181
Preston,cafe,Thornbury Espresso Bar,-37.7542172,145.0014936
Preston,cafe,Panino Mio,-37.7387811,145.0019252
Preston,cafe,Ampersand Coffee and Food,-37.754549,145.0011357
Preston,cafe,Unnamed cafe,-37.7553248,145.0010051
Preston,cafe,Oscar Smith,-37.7339921,145.0048807
Preston,cafe,The Old Firehouse Cafe,-37.7386848,145.0041021
Preston,cafe,Little Henri,-37.7524547,145.0018799
Preston,cafe,Briki Cafe,-37.7558252,144.9980392
Preston,cafe,Tyler's Milk Bar,-37.7317518,145.0147492
Preston,gym,Athletique Health Club,-37.754046,145.021042
Preston,gym,Fitness Nation,-37.7466312,145.0203716
Preston,gym,Snap Fitness,-37.7520301,145.0020514
Preston,gym,Pilates Republic,-37.7369343,144.9949126
Preston,gym,Anytime Fitness,-37.7442436,145.0027993
Preston,gym,Core +,-37.7357483,145.0042206
Preston,gym,Preston Health & Fitness,-37.7374625,145.0004768
Preston,gym,Prana House,-37.7537853,145.0012441
Preston,gym,Balance Yoga,-37.755487,144.99372
Preston,gym,Pony Club Gym,-37.7352534,145.0046795
Preston,gym,F45 Training Preston,-37.7339668,145.0136414
Preston,gym,Immortal Fitness,-37.7558947,144.993461
Preston,library,C,-37.7428857,144.9973876
Preston,library,Preston Library,-37.7401873,145.0059442
Werribee,supermarket,Woolworths,-37.8992104,144.662848
Werribee,supermarket,IGA,-37.9024543,144.6515503
Werribee,supermarket,Aldi,-37.9051618,144.6577989
Werribee,supermarket,NQR,-37.9004051,144.6633174
Werribee,supermarket,Coles,-37.9028636,144.6590679
Werribee,cafe,The Social Sutra,-37.903153,144.658489
Werribee,cafe,Wolf on Watton,-37.9030188,144.6577145
Werribee,cafe,Chatterbox Cafe,-37.9012943,144.6617562
Werribee,cafe,Tuckers,-37.9032849,144.6574335
Werribee,cafe,Cafe B2B,-37.9016298,144.6603946
Werribee,cafe,Lokal Cafe 3030,-37.9008222,144.6626414
Werribee,cafe,The Garden Feast Cafe,-37.8938184,144.6745849
Werribee,library,Wyndham Library Service - Werribee Branch,-37.903859,144.6578416
Bell Post Hill,supermarket,Woolworths,-38.0896434,144.3371719
Bell Post Hill,supermarket,Newlanders IGA,-38.1110418,144.3341236
Bell Post Hill,supermarket,ALDI,-38.0967275,144.3350659
Bell Post Hill,cafe,Moorabool Valley Cafe & Chocolaterie,-38.1065776,144.3174527
Bell Post Hill,gym,Anytime Fitness,-38.0893045,144.3366102
Diggers Rest,supermarket,Unnamed supermarket,-37.6260169,144.7165356
Kalkallo,supermarket,Woolworths,-37.5347438,144.960541
Kalkallo,cafe,Dyer Street Cafe,-37.5406962,144.9551397
Rockbank,supermarket,Coles,-37.7227961,144.6701494
Rockbank,gym,Anytime Fitness,-37.7219895,144.6705117
Clyde North,supermarket,Woolworths,-38.1036137,145.324723
Clyde North,supermarket,Aldi,-38.0942353,145.3333701
Clyde North,supermarket,Sri Kumaran Stores,-38.0941151,145.3329963
Clyde North,cafe,Deoro & Co,-38.1095105,145.3360558
Wyndham Vale,supermarket,Coles,-37.8757512,144.6145175
Wyndham Vale,supermarket,IGA,-37.8947805,144.6224075
Wyndham Vale,gym,Anytime Fitness,-37.8752252,144.6141131
Rippleside,supermarket,Woolworths,-38.1370122,144.3477524
Rippleside,supermarket,Hugsiam Asian Grocery,-38.1108869,144.342109
Rippleside,cafe,Jimmy'Z,-38.1110096,144.3429212
Rippleside,cafe,Routley's Bakery Cafe,-38.1096624,144.3526058
Rippleside,cafe,Cafe Bear & Scoobs,-38.1243933,144.3417558
Rippleside,cafe,King of the Castle,-38.1339381,144.3500955
Rippleside,cafe,Bean & Base,-38.1235564,144.3531081
Rippleside,cafe,Food Boutique,-38.1229128,144.3532483
Rippleside,cafe,Taste Jamaica,-38.1385196,144.3490779
Rippleside,cafe,Lil Pako,-38.1383916,144.3489533
Rippleside,cafe,The Paddock Bakery,-38.114328,144.3565706
Rippleside,cafe,The Pickers Union Cafe,-38.1147807,144.3555366
Rippleside,gym,Wonder Yoga,-38.1353042,144.349143
Rippleside,gym,Jetts Fitness,-38.1356645,144.3490187
Rippleside,gym,The Training Room,-38.1137234,144.3567961
Rippleside,gym,Geelong Sports Medicine Centre,-38.1304973,144.3429903
Aintree,supermarket,Coles,-37.7227961,144.6701494
Aintree,gym,Anytime Fitness,-37.7219895,144.6705117
Williams Landing,supermarket,Woolworths,-37.867388,144.7424967
Williams Landing,supermarket,Grocer eez,-37.8699778,144.7314209
Williams Landing,cafe,The Jolly Miller Cafe,-37.8674042,144.7434749
Williams Landing,cafe,Unnamed cafe,-37.8536586,144.7453556
Williams Landing,gym,Unnamed gym,-37.8541253,144.7385053
Eaglemont,supermarket,Heidelberg Pickles And Pappads,-37.7565602,145.0681732
Eaglemont,supermarket,Leo's Fine Food & Wine,-37.7564568,145.0654972
Eaglemont,supermarket,Coles,-37.7557097,145.0693397
Eaglemont,supermarket,Aldi,-37.7552816,145.0688142
Eaglemont,supermarket,Woolworths,-37.7590857,145.0686273
Eaglemont,supermarket,Foodworks,-37.7729379,145.0584401
Eaglemont,cafe,Eaglemont Dish,-37.7635989,145.0543888
Eaglemont,cafe,Barklys,-37.7562156,145.0674337
Eaglemont,cafe,Boba Central,-37.7575668,145.0616077
Eaglemont,cafe,Aniseed Cafe,-37.763843,145.0541544
Eaglemont,cafe,Pepper Tree Cafe Restaurant,-37.7557965,145.0636875
Eaglemont,cafe,The Sycamore Tree,-37.7560745,145.0638057
Eaglemont,cafe,Aisle Seventeen,-37.7587648,145.0688624
Eaglemont,cafe,Cafe Scintilla,-37.7563275,145.0657401
Eaglemont,gym,Snap Fitness,-37.7563819,145.0691533
Eaglemont,gym,Body Fit Training,-37.7565781,145.0683435
Eaglemont,gym,Anytime Fitness,-37.7561824,145.0644088
Greenvale,supermarket,Coles,-37.639343,144.8825125
Greenvale,supermarket,IGA Greenvale,-37.6389263,144.8804683
Greenvale,cafe,Sharetea,-37.6393399,144.8819721
Greenvale,gym,Gymnasium,-37.6274983,144.8921565
Fraser Rise,supermarket,IGA,-37.7125819,144.7260158
Fraser Rise,cafe,Bella Vista Café,-37.7122116,144.7261383
Grangefields,supermarket,IGA,-37.7137736,144.6287856
Thornhill Park,supermarket,IGA,-37.7137736,144.6287856
Herne Hill,supermarket,Coles,-38.1389962,144.3374854
Herne Hill,supermarket,Woolworths,-38.1458229,144.3360867
Herne Hill,supermarket,ALDI,-38.1398635,144.3377442
Herne Hill,cafe,Unnamed cafe,-38.138567,144.3366715
Herne Hill,cafe,Bean Squeeze,-38.1446749,144.3353538
Herne Hill,cafe,House Iberia,-38.1378374,144.3366509
Herne Hill,cafe,Sixteen06,-38.1386355,144.3215808
Herne Hill,cafe,Cafe Botticelli,-38.1302252,144.3315971
Herne Hill,cafe,Manny's Kitchen,-38.1300532,144.3316693
Herne Hill,cafe,Soft Cafe,-38.1307486,144.3314684
Herne Hill,cafe,Canteen 3215,-38.1213821,144.328404
Herne Hill,cafe,Bumble Bee Eatery,-38.121798,144.3282923
Herne Hill,cafe,The Fox & Hen,-38.1374737,144.3374018
Herne Hill,gym,F45 Training,-38.1452119,144.3357718
Herne Hill,gym,Anytime Fitness,-38.1360966,144.3369924
Herne Hill,library,Western Heights College Library,-38.1234654,144.3283482
Manor Lakes,library,Wyndham Library Service - Manor Lakes Branch,-37.8760312,144.6051439
Cobblebank,supermarket,Coles,-37.7140271,144.6022542
Weir Views,supermarket,Woolworths,-37.7221703,144.5708161
Weir Views,gym,Anytime Fitness,-37.7212109,144.5713872
Somerville,supermarket,Woolworths,-38.2244567,145.1715701
Somerville,supermarket,Coles,-38.2240036,145.1703702
Somerville,supermarket,ALDI,-38.2249896,145.1774728
Somerville,cafe,Unnamed cafe,-38.2212057,145.1767863
Somerville,cafe,Chrissy's Kitchen,-38.2214671,145.1766089
Somerville,gym,Anytime Fitness,-38.2248241,145.1691686
Mornington,supermarket,Coles,-38.219185,145.0399321
Mornington,supermarket,ALDI,-38.2230476,145.0403197
Mornington,supermarket,Coles,-38.2330593,145.0515325
Mornington,supermarket,Beleura Hill Shop,-38.2203185,145.0526141
Mornington,supermarket,Woolworths,-38.2178096,145.0389791
Mornington,cafe,BlackBird Cafe,-38.2193164,145.0377998
Mornington,cafe,Gloria Jean's,-38.2177419,145.0371434
Mornington,cafe,Top End,-38.225896,145.0428736
Mornington,cafe,Store Fifteen,-38.2170317,145.0366437
Mornington,cafe,Beleura Hill Café,-38.2203536,145.052605
Mornington,cafe,Via Boffe,-38.2187851,145.038169
Mornington,cafe,Little Birdy Cafe & Catering,-38.2304764,145.037861
Mornington,cafe,Jamaica Blue,-38.2184677,145.0391434
Mornington,cafe,Chatime,-38.2189617,145.0397439
Mornington,cafe,Soul Origin,-38.2183777,145.0393331
Mornington,cafe,Coffee Traders,-38.2183572,145.0382173
Mornington,cafe,Corner Counter,-38.2207996,145.0401564
Mornington,gym,Goodlife,-38.2333226,145.0519348
Mornington,gym,Body Fit Training Mornington,-38.2221944,145.0406321
Mornington,gym,KX Pilates,-38.2222769,145.0407783
Mornington,library,Mornington Peninsula Library,-38.2175052,145.0362576
Coburg North,supermarket,Friendly Grocer,-37.7201757,144.9599829
Coburg North,supermarket,Richies IGA Fine Food and Wine Merchants,-37.7363922,144.9691528
Coburg North,supermarket,ALDI,-37.723371,144.9623695
Coburg North,cafe,Icarus Coffee,-37.7207184,144.9598939
Coburg North,cafe,Break on Bakers,-37.7270097,144.9590398
Coburg North,cafe,Officer Coffee,-37.7389806,144.9695094
Coburg North,cafe,The Boot Factory,-37.7378221,144.9688758
Coburg North,cafe,That Coffee Shop,-37.7202819,144.959963
Coburg North,cafe,Acropol,-37.7175464,144.9820679
Coburg North,cafe,Unnamed cafe,-37.7330369,144.9600072
Coburg North,cafe,Beans & Sweets,-37.7303478,144.9718282
Coburg North,cafe,The Generator,-37.7269932,144.9583611
Coburg North,cafe,Mister Lincoln,-37.7320936,144.9586243
Coburg North,cafe,O'Hey Cafe,-37.7372338,144.9628915
Coburg North,cafe,Mills Cafe,-37.7317329,144.9586085
Coburg North,cafe,TJ's Cafe,-37.7195009,144.9801293
Coburg North,cafe,Espresso 600,-37.7365173,144.9666389
Coburg North,cafe,The Faculty Cafe,-37.735716,144.9651877
Coburg North,cafe,Station 38,-37.7214882,144.9602883
Coburg North,cafe,Fawkner Memorial Park Tearooms,-37.7147207,144.9598657
Coburg North,cafe,Mix Takeaway,-37.7296805,144.9605472
Coburg North,cafe,Pho Noodle House,-37.7213293,144.9630643
Coburg North,cafe,8th Nerve Cafe,-37.7335657,144.9588845
Coburg North,cafe,Taki's Bakery,-37.7335593,144.9589413
Coburg North,cafe,Get Fed,-37.7217837,144.9762044
Coburg North,gym,Crossfit Turmoil,-37.7329612,144.9559765
Coburg North,gym,Controlled Chaos Weightlifting,-37.7285249,144.9547142
Coburg North,gym,Apex Strength,-37.7334495,144.9609519
Coburg North,gym,Body Fit,-37.7329115,144.9549718
Coburg North,gym,Goodlife Health Club,-37.7311567,144.9586376
Coburg North,gym,Hammer House Coburg,-37.7329794,144.9579168
Coburg North,library,Merlo little library,-37.7206137,144.9602268
Coburg North,library,Kirrip biik Park Free mini library,-37.7378931,144.9623808
Doreen,cafe,Pie Face,-37.6059637,145.1376608
Mount Eliza,supermarket,Woolworths,-38.1838062,145.0898802
Mount Eliza,supermarket,Ritchies,-38.1851366,145.0898437
Mount Eliza,cafe,To you from me,-38.1853408,145.0895743
Mount Eliza,cafe,Velos Mazeh Musette Coffee,-38.1829653,145.0899812
Mount Eliza,cafe,The Sandbar Cafe,-38.1847467,145.0889364
Mount Eliza,cafe,Shop Ate Cafe & Store,-38.1845555,145.0893977
Mount Eliza,cafe,AD HOC,-38.1832548,145.0893662
Mount Eliza,cafe,Soul Press,-38.1841323,145.0882376
Mount Eliza,cafe,Cafe on the Corner,-38.1839741,145.0885566
Mount Eliza,cafe,Pops Cafe,-38.1840322,145.0884095
Mount Eliza,cafe,Katie's Koffee and Cake,-38.1847574,145.0896637
Mount Eliza,gym,Fitness On The Way,-38.1832237,145.0913949
Mount Eliza,gym,Inspired By Pilates,-38.1832862,145.0912672
Mount Eliza,gym,W Method Pilates,-38.1826411,145.0902346
Mount Eliza,gym,Mt Eliza Family Fitness,-38.1921215,145.0910762
Chelsea Heights,supermarket,Chelsea Heights IGA,-38.0451707,145.1362888
Chelsea Heights,cafe,Temptation Pies,-38.0420257,145.1392928
Melbourne,supermarket,KimChi Korean Japanese Grocery,-37.802712,144.977554
Melbourne,supermarket,Coles,-37.8175611,144.9649673
Melbourne,supermarket,IGA X-press + Liquor,-37.825805,144.957017
Melbourne,supermarket,IGA,-37.8164808,144.961159
Melbourne,supermarket,Woolworths,-37.8110951,144.9655613
Melbourne,supermarket,Sika Supermarket,-37.8044181,144.9772684
Melbourne,supermarket,Coles,-37.8147983,144.9518038
Melbourne,supermarket,Foodworks,-37.805942,144.98017
Melbourne,supermarket,IGA,-37.809886,144.971151
Melbourne,supermarket,Woolworths Metro,-37.810488,144.97004
Melbourne,supermarket,ALDI,-37.8074444,144.9621938
Melbourne,supermarket,IGA,-37.8078326,144.9609707
Melbourne,supermarket,IGA X-press plus Liquor,-37.804482,144.966104
Melbourne,supermarket,Xin Fang Supermarket,-37.808246,144.955088
Melbourne,supermarket,Vegetable Connection,-37.799665,144.97808
Melbourne,supermarket,Woolworths Metro,-37.8268606,144.9593308
Melbourne,supermarket,Lin's Asian Grocery,-37.806289,144.96093
Melbourne,supermarket,Dae Bark Mart,-37.818584,144.963055
Melbourne,supermarket,IGA,-37.8276939,144.9665201
Melbourne,supermarket,Foodworks,-37.802612,144.978102
Melbourne,supermarket,Hometown Asian Supermarket,-37.8085182,144.9607589
Melbourne,supermarket,Crown Asian Supermarket,-37.8147623,144.9519191
Melbourne,supermarket,Tang Asian Grocery,-37.812105,144.96749
Melbourne,supermarket,Crown Asian Supermarket,-37.8097911,144.960887
Melbourne,supermarket,Woolworths Metro,-37.8095589,144.9612274
Melbourne,supermarket,IGA,-37.8224729,144.9650768
Melbourne,supermarket,Woolworths Metro,-37.8166713,144.9645325
Melbourne,supermarket,Woolworths Metro,-37.8159063,144.9560406
Melbourne,supermarket,Coles,-37.8101212,144.9632193
Melbourne,supermarket,Foodworks,-37.8240916,144.9620137
Melbourne,supermarket,Woolworths,-37.82581,144.9635577
Melbourne,supermarket,Woolworths Metro,-37.8100673,144.9587799
Melbourne,supermarket,Mr. Dad Super Market,-37.8062642,144.9617649
Melbourne,supermarket,IGA X-press,-37.8176845,144.9583477
Melbourne,supermarket,Pantre,-37.810497,144.9621678
Melbourne,supermarket,Hometown Grocer,-37.8103363,144.963081
Melbourne,supermarket,IGA,-37.8000464,144.9653246
Melbourne,supermarket,Tan Hung Asian Grocer,-37.810963,144.9614412
Melbourne,supermarket,Woolworths Metro,-37.8032025,144.9573621
Melbourne,supermarket,KT Mart,-37.8042993,144.9590757
Melbourne,supermarket,Woolworths Metro,-37.8190233,144.953305
Melbourne,cafe,Books n Bites Cafe,-37.8017523,144.9583162
Melbourne,cafe,Puzzle Coffee,-37.8190192,144.953659
Melbourne,cafe,Cafe Commercio,-37.8014283,144.9587685
Melbourne,cafe,Seven Seeds,-37.8028349,144.9590354
Melbourne,cafe,Bar Scopa,-37.802929,144.9602863
Melbourne,cafe,Amicus Espresso,-37.8022481,144.9601666
Melbourne,cafe,The Bond Store,-37.8217545,144.9639586
Melbourne,cafe,Black Cat,-37.799889,144.978373
Melbourne,cafe,Wild Bean Cafe,-37.8276047,144.9578222
Melbourne,cafe,Espresso Bar International,-37.8191459,144.9551442
Melbourne,cafe,Le Gourmet Cakes,-37.7992836,144.978146
Melbourne,cafe,Atomica Caffé,-37.7993698,144.9784906
Melbourne,cafe,Gutz,-37.800815,144.977868
Melbourne,cafe,Langleys,-37.8166802,144.9541098
Melbourne,cafe,Fine Grind,-37.8178708,144.9652106
Melbourne,cafe,Two Fingers,-37.8159946,144.9693655
Melbourne,cafe,Cafe L'Incontro,-37.8142862,144.9663757
Melbourne,cafe,Garden View Cafe,-37.80604,144.973766
Melbourne,cafe,No. 136 Coffee,-37.8149205,144.9636713
Melbourne,cafe,MilkSha,-37.8149917,144.9637058
Melbourne,cafe,Alimentari,-37.7997308,144.9780654
Melbourne,cafe,Cafe Ecco,-37.808354,144.973813
Melbourne,cafe,Soul Cafe,-37.813182,144.965246
Melbourne,cafe,Newtown Social Club,-37.802175,144.978063
Melbourne,cafe,Hudsons Coffee,-37.810099,144.972162
Melbourne,cafe,Corner & Bench,-37.814528,144.961567
Melbourne,cafe,Jeremy's Café,-37.8144274,144.9615279
Melbourne,cafe,Cafe all' Angelo,-37.8137805,144.9613979
Melbourne,cafe,Kerbside Caffe,-37.811806,144.9603455
Melbourne,cafe,In A Rush Kitchen,-37.818494,144.959211
Melbourne,cafe,Tomm.,-37.8147196,144.9580058
Melbourne,cafe,Chaf's Cafe,-37.8170742,144.9540347
Melbourne,cafe,Uptown Jazz Café,-37.8021833,144.9776109
Melbourne,cafe,Laurent Boulangerie Patisserie,-37.814938,144.957603
Melbourne,cafe,Petty Sessions Cafe,-37.8131093,144.9567905
Melbourne,cafe,Chintaroma,-37.8140649,144.9567012
Melbourne,cafe,La Stradda Cafe,-37.8115213,144.9565801
Melbourne,cafe,Xtraction,-37.812214,144.956019
Melbourne,cafe,Kaèfei,-37.8127335,144.9565904
Melbourne,cafe,Pellegrini's,-37.811722,144.971173
Melbourne,cafe,Auntie Mai's,-37.8059088,144.9775888
Melbourne,cafe,Piadina Take Away,-37.8060295,144.9786644
Melbourne,cafe,Radio,-37.805572,144.976576
Melbourne,cafe,Caffettino,-37.80547,144.975633
Melbourne,cafe,Brightside,-37.8162882,144.9554509
Melbourne,cafe,A Kiss Xpresso,-37.8152071,144.9722311
Melbourne,cafe,Lane's Edge,-37.811838,144.972057
Melbourne,cafe,Michel's Patisserie,-37.8150653,144.952021
Melbourne,cafe,Protagonist,-37.821422,144.968849
Melbourne,cafe,Sir Osborn,-37.809092,144.973293
Melbourne,cafe,Artee Cafe,-37.8057546,144.9663802
Melbourne,cafe,Shooter McGavin's,-37.8007773,144.9656309
Melbourne,cafe,Time Out Cafe,-37.8177722,144.9684176
Melbourne,cafe,Café Excello,-37.812532,144.973293
Melbourne,cafe,Coffee HQ,-37.818122,144.967206
Melbourne,cafe,Baguette,-37.818329,144.967288
Melbourne,cafe,Unnamed cafe,-37.8118469,144.9594788
Melbourne,cafe,Blaq,-37.8112731,144.9587623
Melbourne,cafe,Kenny's Bakery Cafe,-37.8099973,144.9708523
Melbourne,cafe,Healthy Nibbles,-37.810031,144.970707
Melbourne,cafe,The Maj,-37.810263,144.969954
Melbourne,cafe,Elements,-37.8139145,144.9688622
Melbourne,cafe,Max's Café,-37.8042401,144.9772845
Melbourne,cafe,Piadina Slowfood,-37.8100779,144.9707933
Melbourne,cafe,Starbucks,-37.8112888,144.964367
Melbourne,cafe,Le Cellier,-37.800571,144.977894
Melbourne,cafe,Melba Café,-37.8077581,144.9612787
Melbourne,cafe,Druids Cafe,-37.8089487,144.9632842
Melbourne,cafe,Aruba,-37.812609,144.969352
Melbourne,cafe,Nick's Food Corner,-37.8082138,144.9792154
Melbourne,cafe,Blu Point,-37.808112,144.966208
Melbourne,cafe,Unnamed cafe,-37.804474,144.9635988
Melbourne,cafe,Queens Cafe,-37.8045164,144.9642927
Melbourne,cafe,Woodside Green,-37.8049081,144.9644892
Melbourne,cafe,Caffe Mediterraneum,-37.815206,144.966164
Melbourne,cafe,Cafenatics,-37.817513,144.957576
Melbourne,cafe,Urban Deli,-37.812479,144.970072
Melbourne,cafe,Museum Cafe,-37.803693,144.972686
Melbourne,cafe,Brother Bubba Budan,-37.813458,144.962242
Melbourne,cafe,Ten Square,-37.8119646,144.9605372
Melbourne,cafe,Pie Face,-37.8127917,144.9599049
Melbourne,cafe,Kyoto Sushi & Noodle Bar,-37.8141257,144.9605475
Melbourne,cafe,The Cheesecake Shop,-37.8135447,144.959816
Melbourne,cafe,Speck,-37.8133966,144.9597518
Melbourne,cafe,Nourish Salads,-37.8134535,144.9597726
Melbourne,cafe,Fresh Sushi,-37.8134975,144.9597934
Melbourne,cafe,Legals,-37.8131375,144.9587418
Melbourne,cafe,Segafredo,-37.8132425,144.96013
Melbourne,cafe,Martinis,-37.8132231,144.958445
Melbourne,cafe,Octane Espresso Bar,-37.8132592,144.9582051
Melbourne,cafe,Slowpoke,-37.802864,144.977535
Melbourne,cafe,Starbucks,-37.8171266,144.9525788
Melbourne,cafe,Mr Tulk,-37.8095603,144.9646236
Melbourne,cafe,Mr. Tod,-37.8117758,144.9756391
Melbourne,cafe,Potto,-37.8169468,144.9526354
Melbourne,cafe,Gainsville Cafe,-37.8214141,144.9649728
Melbourne,cafe,Espresso Hub,-37.8195035,144.9537038
Melbourne,cafe,Bullrun,-37.8154491,144.9707961
Melbourne,cafe,Liaison,-37.8129404,144.972438
Melbourne,cafe,Parco,-37.8035193,144.9662588
Melbourne,cafe,Madame Brussels,-37.8119505,144.971546
Melbourne,cafe,Felice,-37.8153068,144.9602921
Melbourne,cafe,House of Cards,-37.7991844,144.9616342
Melbourne,cafe,Pie Face,-37.810506,144.966817
Melbourne,cafe,Oli & Levi Galleria,-37.814664,144.96252
Melbourne,cafe,Prime's Hai Tea,-37.810321,144.963948
Melbourne,cafe,The Bean Room,-37.810158,144.96662
Melbourne,cafe,Pearson & Murphy's,-37.8087434,144.96516
Melbourne,cafe,In A Rush,-37.817296,144.969666
Melbourne,cafe,Little Gordon,-37.810524,144.9717049
Melbourne,cafe,Treasury Deli and Cafe,-37.8126591,144.9745925
Melbourne,cafe,Starbucks,-37.817934,144.965031
Melbourne,cafe,Diors Cafe & Bar,-37.82901,144.960725
Melbourne,cafe,Muleta's Cafe,-37.8086072,144.9580796
Melbourne,cafe,Market Espresso & Trolley Hire,-37.807955,144.957654
Melbourne,cafe,Café Perri,-37.8041863,144.9581121
Melbourne,cafe,o3 Cafe & Coworking,-37.824192,144.960769
Melbourne,cafe,Starbucks,-37.8146591,144.9631304
Melbourne,cafe,Cuff,-37.817628,144.963416
Melbourne,cafe,Saranti Cafe,-37.817412,144.9635
Melbourne,cafe,Cafe del Corso,-37.817778,144.96272
Melbourne,cafe,Supersede,-37.8067341,144.9594107
Melbourne,cafe,Inzone Cafe,-37.8180385,144.9543399
Melbourne,cafe,Gong Cha,-37.812455,144.9649343
Melbourne,cafe,Baci,-37.8226426,144.9585822
Melbourne,cafe,Side Pocket Cafe,-37.8131735,144.9557748
Melbourne,cafe,TOFWD,-37.8172784,144.9658134
Melbourne,cafe,That Schnitzel Place,-37.810514,144.969612
Melbourne,cafe,Hikari,-37.8108738,144.9641712
Melbourne,cafe,Argos Loves Company,-37.803143,144.977468
Melbourne,cafe,Martha Ray's,-37.804749,144.97723
Melbourne,cafe,East Side Story,-37.80846,144.974797
Melbourne,cafe,Cafenatics,-37.8113734,144.9572301
Melbourne,cafe,Operator 25,-37.8107145,144.9571233
Melbourne,cafe,Brother Thomas,-37.811331,144.956443
Melbourne,cafe,Tinto,-37.817369,144.959472
Melbourne,cafe,Coffee Minded,-37.8200449,144.9669606
Melbourne,cafe,Spin Coffee,-37.81648,144.958255
Melbourne,cafe,Famish'd,-37.816599,144.957794
Melbourne,cafe,Kere Kere,-37.8257083,144.9608905
Melbourne,cafe,Unnamed cafe,-37.808532,144.970723
Melbourne,cafe,Café Bisqui,-37.816372,144.970547
Melbourne,cafe,The Fair Trader,-37.815598,144.971982
Melbourne,cafe,HiRize Bakery Cafe,-37.8161514,144.9530143
Melbourne,cafe,In a Rush,-37.817511,144.9529383
Melbourne,cafe,Earl Canteen,-37.814848,144.9587438
Melbourne,cafe,KereKere Green,-37.8149104,144.9792572
Melbourne,cafe,Global Kitchen Cafe,-37.808452,144.968706
Melbourne,cafe,Dukes Coffee Roasters,-37.8167849,144.9661412
Melbourne,cafe,Hugo's Express,-37.8178619,144.9548526
Melbourne,cafe,The Queensberry Pour House,-37.8042408,144.962033
Melbourne,cafe,Tutto,-37.8008602,144.9665693
Melbourne,cafe,Federal Coffee Palace,-37.813982,144.9632917
Melbourne,cafe,The Workers' Food Room,-37.815458,144.963089
Melbourne,cafe,Altius Coffee Brewers,-37.819714,144.9564536
Melbourne,cafe,Cafe Krema,-37.8054607,144.9633604
Melbourne,cafe,Traveller Coffee,-37.8114318,144.971205
Melbourne,cafe,Stand Up Cafe,-37.8201673,144.9566388
Melbourne,cafe,Disciples Of Epicurus,-37.8160124,144.9633324
Melbourne,cafe,The Grain Store,-37.819583,144.9569289
Melbourne,cafe,Henry & the Fox,-37.8173118,144.9568668
Melbourne,cafe,Di Bella Coffee,-37.8101565,144.9571385
Melbourne,cafe,Chocolate Arcade,-37.815099,144.965765
Melbourne,cafe,St. Brew,-37.8196739,144.9511872
Melbourne,cafe,Joe's Eatery,-37.7996061,144.9544576
Melbourne,cafe,Cafe Box,-37.813,144.967947
Melbourne,cafe,EARL Canteen,-37.8191106,144.9558503
Melbourne,cafe,Strozzi,-37.8167054,144.9630762
Melbourne,cafe,Doughboys,-37.81595,144.957933
Melbourne,cafe,Cafe Tre Sette,-37.8032576,144.9617931
Melbourne,cafe,Briscola Cafe,-37.8024198,144.9613454
Melbourne,cafe,Cafenatics,-37.821834,144.962369
Melbourne,cafe,Hash Cafe,-37.8123737,144.9605584
Melbourne,cafe,Bluestones Cafe,-37.815373,144.9585863
Melbourne,cafe,Cafe Euro,-37.8152176,144.9590837
Melbourne,cafe,Original Sushi Cafe,-37.8151693,144.9592869
Melbourne,cafe,Top Tea,-37.8091334,144.9606099
Melbourne,cafe,Hudson Coffee,-37.8100407,144.9630212
Melbourne,cafe,Stovetop,-37.8034586,144.9606811
Melbourne,cafe,The Journal Cafe,-37.8169101,144.965784
Melbourne,cafe,T-Roy Browns,-37.819258,144.9619275
Melbourne,cafe,Bowery to Williamsburg,-37.8161924,144.9701951
Melbourne,cafe,Piccolocino,-37.816772,144.9566717
Melbourne,cafe,Koko Black Chocolate,-37.8143703,144.9640406
Melbourne,cafe,Lincoln Bakery Cafe,-37.8011716,144.9625798
Melbourne,cafe,Shed Café,-37.824189,144.9556711
Melbourne,cafe,Plenary Café,-37.8251369,144.9531076
Melbourne,cafe,Degraves Street,-37.8171906,144.9657758
Melbourne,cafe,Mid Square Coffee,-37.8027048,144.9642262
Melbourne,cafe,Health Studio and Backyard Cafe,-37.8015916,144.9661084
Melbourne,cafe,Xpressomondo,-37.8170387,144.9655773
Melbourne,cafe,Cherry & Twigs Cafe,-37.82004,144.9557185
Melbourne,cafe,Zouki Cafe,-37.8119043,144.9775796
Melbourne,cafe,Degraves Espresso Bar,-37.8171236,144.9656216
Melbourne,cafe,SeedLing Cafe,-37.817015,144.9653734
Melbourne,cafe,Cleaver & Quill Cafe,-37.8014271,144.9775045
Melbourne,cafe,Smith and Deli,-37.8014628,144.9787111
Melbourne,cafe,La Petite Crêperie,-37.8138954,144.9615104
Melbourne,cafe,EARL Canteen,-37.8148557,144.9586903
Melbourne,cafe,Soul Soup,-37.8054556,144.9643665
Melbourne,cafe,Prime House,-37.8148316,144.9587712
Melbourne,cafe,Higher Ground,-37.8159784,144.9530202
Melbourne,cafe,Hopetoun Tea Rooms,-37.8157821,144.9647018
Melbourne,cafe,Cafenatics,-37.8141709,144.9676132
Melbourne,cafe,Parcs,-37.8140374,144.9673718
Melbourne,cafe,Code Black Coffee,-37.8042375,144.9536691
Melbourne,cafe,Starbucks,-37.814606,144.9631005
Melbourne,cafe,Starbucks,-37.8098319,144.9637582
Melbourne,cafe,Unnamed cafe,-37.8133332,144.9720018
Melbourne,cafe,Scholar & Co,-37.800157,144.9636365
Melbourne,cafe,The School of Life,-37.8170674,144.9541163
Melbourne,cafe,Common Ground,-37.8058124,144.9539573
Melbourne,cafe,ACCA coffee cart,-37.8267414,144.9666877
Melbourne,cafe,Pie Face,-37.8190302,144.953578
Melbourne,cafe,Chatime,-37.8200236,144.9665542
Melbourne,cafe,Patisserie Madeleine De Proust,-37.7995521,144.9669311
Melbourne,cafe,Chè Vietnamese Desserts,-37.8126,144.9617564
Melbourne,cafe,Midtown,-37.814248,144.9671999
Melbourne,cafe,The Dessert Kitchen,-37.8114469,144.9693178
Melbourne,cafe,Frankies,-37.8091688,144.9633559
Melbourne,cafe,Churros Juan Cafe,-37.8070993,144.9603311
Melbourne,cafe,The Bean Project,-37.8082906,144.9629789
Melbourne,cafe,Nana's Green Tea,-37.8128242,144.9685593
Melbourne,cafe,In a Rush,-37.8129111,144.9701668
Melbourne,cafe,Brunetti,-37.8166972,144.965816
Melbourne,cafe,Brown Sugar,-37.8153063,144.9642999
Melbourne,cafe,Little Collins,-37.815175,144.9642353
Melbourne,cafe,Gordon’s,-37.8145437,144.9642886
Melbourne,cafe,Coffee Exchange,-37.8126026,144.9730264
Melbourne,cafe,Axil Coffee Roasters,-37.8150764,144.9714768
Melbourne,cafe,Tom Thumb,-37.8148983,144.9727708
Melbourne,cafe,Vacation,-37.8159177,144.9721312
Melbourne,cafe,Euro Lane Cafe,-37.8164478,144.965878
Melbourne,cafe,Refuel Café,-37.8040564,144.9606475
Melbourne,cafe,Assembly,-37.802704,144.9673231
Melbourne,cafe,Lune,-37.8155697,144.9691638
Melbourne,cafe,Chapter House Coffee,-37.8164039,144.9679146
Melbourne,cafe,Queen Street Food Store,-37.8137003,144.9604035
Melbourne,cafe,Rustica Canteen,-37.811275,144.963487
Melbourne,cafe,Hardware Societe,-37.8200942,144.9566093
Melbourne,cafe,Brick Lane,-37.8114882,144.9598089
Melbourne,cafe,Cafenatics,-37.8148695,144.9586348
Melbourne,cafe,Happy Lemon,-37.8079652,144.9605079
Melbourne,cafe,Koko Black Chocolate,-37.8154143,144.9662539
Melbourne,cafe,Market Lane Coffee,-37.8062752,144.9579591
Melbourne,cafe,Realfoods,-37.8086901,144.9638078
Melbourne,cafe,Courtyard 55,-37.8076182,144.9755061
Melbourne,cafe,Lonsdale Street Larder,-37.8094748,144.9711439
Melbourne,cafe,Mr Speaker,-37.8092099,144.9715755
Melbourne,cafe,Bearded Brothers Coffee,-37.8152487,144.9632551
Melbourne,cafe,In a Rush,-37.8156794,144.9618381
Melbourne,cafe,Patricia Coffee Brewers,-37.8147026,144.9582933
Melbourne,cafe,Harijuku Crepes,-37.8101425,144.9637682
Melbourne,cafe,Anda,-37.809638,144.9720241
Melbourne,cafe,Caravan Coffee,-37.809679,144.9753275
Melbourne,cafe,San Churro,-37.8015265,144.9665907
Melbourne,cafe,Saluministi Sandwiches,-37.8180936,144.9610702
Melbourne,cafe,Union Kiosk,-37.8150064,144.9652364
Melbourne,cafe,Cafe Victoria,-37.8068124,144.9594638
Melbourne,cafe,Schmucks Bagels,-37.8145279,144.9568615
Melbourne,cafe,No. 22 Cafe,-37.8164497,144.9703233
Melbourne,cafe,Basement Espresso,-37.8087663,144.9779671
Melbourne,cafe,Cafe Lansdowne,-37.8090467,144.9781972
Melbourne,cafe,Café Godot,-37.8254083,144.9662497
Melbourne,cafe,Little Rogue,-37.8109925,144.9640518
Melbourne,cafe,Shamble Coffee Brewers,-37.8161818,144.9606255
Melbourne,cafe,Solah,-37.8089999,144.9798533
Melbourne,cafe,Coffee Rush,-37.8153071,144.9522179
Melbourne,cafe,Class Ramen,-37.811257,144.9674504
Melbourne,cafe,Sargon,-37.7997161,144.9557748
Melbourne,cafe,Mr Summit,-37.8241896,144.9624587
Melbourne,cafe,El Churro Cafe,-37.8172089,144.9656642
Melbourne,cafe,Pie Face,-37.8287953,144.9639042
Melbourne,cafe,Hunters' Roots,-37.8197581,144.9564578
Melbourne,cafe,Airflow Coffee Co,-37.8098639,144.956785
Melbourne,cafe,Riverslide Skate Shop and Café,-37.8209295,144.9728423
Melbourne,cafe,The League of Honest Coffee,-37.8092534,144.9684342
Melbourne,cafe,Di Parsia Pasticceria Caffe,-37.8209984,144.9559432
Melbourne,cafe,Gloria Jean's,-37.8176666,144.9516554
Melbourne,cafe,Bentwood,-37.8006268,144.9801978
Melbourne,cafe,Louis Fitzroy,-37.8014909,144.9775776
Melbourne,cafe,Mock Turtle,-37.8171424,144.9657545
Melbourne,cafe,Naröcha,-37.8071308,144.960286
Melbourne,cafe,Daboba,-37.8086427,144.9596031
Melbourne,cafe,Xing Fu Tang,-37.8121824,144.9620102
Melbourne,cafe,Ms PREtea,-37.8122099,144.9619306
Melbourne,cafe,Ding Tea,-37.8134548,144.9625954
Melbourne,cafe,Milksha,-37.8149495,144.9636992
Melbourne,cafe,Chatime,-37.8171907,144.9647877
Melbourne,cafe,The Cupcake Queens,-37.8140211,144.9615058
Melbourne,cafe,The Perch Cafe,-37.8123945,144.9549224
Melbourne,cafe,Dari,-37.814183,144.9613888
Melbourne,cafe,Market Lane Coffee,-37.8066911,144.9590838
Melbourne,cafe,Riverside Deli,-37.8199064,144.9582571
Melbourne,cafe,Crema Cafe,-37.8151402,144.9630457
Melbourne,cafe,Caffe E Torta,-37.814983,144.9642234
Melbourne,cafe,Croque Monsieur,-37.8168787,144.9663397
Melbourne,cafe,Roule Galette,-37.8167558,144.9662846
Melbourne,cafe,Malt Kitchen & Pantry,-37.8270209,144.9665969
Melbourne,cafe,King Tea,-37.81789,144.9650575
Melbourne,cafe,CoCo Fresh Tea & Juice,-37.817757,144.965861
Melbourne,cafe,Xing Fu Tang,-37.8137882,144.9659694
Melbourne,cafe,My Modern,-37.813046,144.9679913
Melbourne,cafe,Wu Cha,-37.8118625,144.9678868
Melbourne,cafe,Bubble Cup,-37.8106485,144.9658383
Melbourne,cafe,Chatime,-37.810687,144.9657626
Melbourne,cafe,Sharetea,-37.811371,144.9644057
Melbourne,cafe,CoCo Fresh Tea & Juice,-37.8120734,144.9651916
Melbourne,cafe,Top Tea,-37.8121854,144.9652417
Melbourne,cafe,Yi Fang Tea,-37.8107167,144.9640564
Melbourne,cafe,Gong Cha,-37.810582,144.9629004
Melbourne,cafe,Barbarella,-37.8155596,144.9644134
Melbourne,cafe,The Little Royal,-37.8147003,144.9641568
Melbourne,cafe,Kit Espresso,-37.8146926,144.9638096
Melbourne,cafe,Coal River Farm,-37.8156404,144.9641473
Melbourne,cafe,Le Petit Chateau,-37.8154842,144.964372
Melbourne,cafe,30 Block Place,-37.8152596,144.964372
Melbourne,cafe,Fuumi Fuumi,-37.808816,144.9506766
Melbourne,cafe,Tori’s,-37.8129514,144.9614331
Melbourne,cafe,Common Place Coffee Brewers,-37.8151033,144.9541949
Melbourne,cafe,Mork Chocolate,-37.8157527,144.9632245
Melbourne,cafe,Lt Nic,-37.8115231,144.9643656
Melbourne,cafe,Mugs Alley,-37.8161839,144.976049
Melbourne,cafe,Hectors Deli,-37.8015812,144.9787002
Melbourne,cafe,St Cooper Cafe,-37.8008415,144.9553927
Melbourne,cafe,Sonido,-37.8055734,144.9763794
Melbourne,cafe,Maker,-37.8137557,144.9613601
Melbourne,cafe,Journeys Cafe by ASRC,-37.8250924,144.967694
Melbourne,cafe,Lionel's Cafe,-37.8251701,144.9693673
Melbourne,cafe,Unnamed cafe,-37.8120661,144.9652048
Melbourne,cafe,Le Bajo Milkbar,-37.8050387,144.9540536
Melbourne,cafe,Betwixt Cafe & Bar,-37.825612,144.9669081
Melbourne,cafe,Gotcha,-37.8098249,144.9637174
Melbourne,cafe,Cafe Andiamo,-37.8170187,144.9657481
Melbourne,cafe,Bloomwood,-37.8125537,144.9704851
Melbourne,cafe,Warkop,-37.8126094,144.9729732
Melbourne,cafe,Starbucks,-37.8115889,144.9705649
Melbourne,cafe,Chatime,-37.8170806,144.9526939
Melbourne,cafe,Unnamed cafe,-37.8160745,144.9523651
Melbourne,cafe,Maverick,-37.8133111,144.9705103
Melbourne,cafe,Humble Rays,-37.8047561,144.9614974
Melbourne,cafe,Boost Juice,-37.8102056,144.9634832
Melbourne,cafe,Gong Cha,-37.8107728,144.9641236
Melbourne,cafe,Code Black Coffee,-37.8178741,144.9538677
Melbourne,cafe,Oli & Levi Espresso,-37.8160083,144.9562443
Melbourne,cafe,Unnamed cafe,-37.8108221,144.9623579
Melbourne,cafe,People's Coffee,-37.8136265,144.9707146
Melbourne,cafe,Upstate Coffee,-37.813731,144.9708413
Melbourne,cafe,Quists Coffee,-37.8138348,144.968048
Melbourne,cafe,Other Side,-37.8139701,144.9676536
Melbourne,cafe,The League Of Honest Coffee,-37.807659,144.9559533
Melbourne,cafe,Frankies,-37.8081535,144.9613347
Melbourne,cafe,Blahnik,-37.8155805,144.9631346
Melbourne,cafe,Louie,-37.8159014,144.9631715
Melbourne,cafe,Vona Co,-37.8158657,144.9631604
Melbourne,cafe,Stockroom 567,-37.818908,144.9553914
Melbourne,cafe,Namoo Japanese Cafe,-37.8186883,144.956086
Melbourne,cafe,Schmucks Bagels,-37.8189599,144.9551873
Melbourne,cafe,Square One,-37.8184404,144.9568979
Melbourne,cafe,The George,-37.8177211,144.9582495
Melbourne,cafe,Romape Cibo Da Strada,-37.8076606,144.9568049
Melbourne,cafe,A Treat Of France,-37.8270995,144.9590528
Melbourne,cafe,Au79,-37.8259255,144.9596887
Melbourne,cafe,The Lunch Spot,-37.8286531,144.9612087
Melbourne,cafe,Marche Board Game Cafe,-37.8091379,144.961732
Melbourne,cafe,Original Chai Co,-37.8062626,144.95786
Melbourne,cafe,Le Yeahllow Little Collins Street,-37.8155303,144.9623875
Melbourne,cafe,Starbucks,-37.8100151,144.9636114
Melbourne,cafe,Sam Spade,-37.8109952,144.959629
Melbourne,cafe,Bellboy,-37.806457,144.9585856
Melbourne,cafe,Little Sparrow,-37.8121334,144.9641414
Melbourne,cafe,Waffle On,-37.8173618,144.9658924
Melbourne,cafe,Plus Coffee & Co,-37.8171521,144.9649344
Melbourne,cafe,Code Black Coffee,-37.8162463,144.9680692
Melbourne,cafe,Cafe Kinetic,-37.8153921,144.9709267
Melbourne,cafe,Café Orr,-37.8250565,144.9512029
Melbourne,cafe,St Ali And The Queen,-37.8076392,144.9585625
Melbourne,cafe,Queen Vic Juice,-37.8069945,144.9592155
Melbourne,cafe,Gilli,-37.8073279,144.9587362
Melbourne,cafe,Goldfields Café + Bar,-37.8257505,144.951849
Melbourne,cafe,CM & Co,-37.817997,144.9622922
Melbourne,cafe,Paper Tiger,-37.8185027,144.9626424
Melbourne,cafe,Koala-t,-37.8026852,144.9640397
Melbourne,cafe,Romeo's,-37.8072702,144.9573678
Melbourne,cafe,Boost Juice,-37.8189151,144.9536169
Melbourne,cafe,Science Gallery Cafe,-37.800252,144.9644285
Melbourne,cafe,Superfloor Cafe,-37.800023,144.9645621
Melbourne,cafe,Mars Miller,-37.8100645,144.9685203
Melbourne,cafe,Axil,-37.8094469,144.97076
Melbourne,cafe,Mixue,-37.8089456,144.9605218
Melbourne,cafe,Gong Cha,-37.8088405,144.9604687
Melbourne,cafe,Three Squares,-37.8089766,144.9605337
Melbourne,cafe,Black Velvet Coffee,-37.8125576,144.9709906
Melbourne,cafe,Market Espresso,-37.8075546,144.9578912
Melbourne,cafe,Operator San,-37.8075758,144.9587119
Melbourne,cafe,Gilbert,-37.8001087,144.9595395
Melbourne,cafe,Chatime,-37.8114774,144.9633943
Melbourne,cafe,Tiger's Den,-37.8109777,144.9631657
Melbourne,cafe,Lemon Tree Cafe,-37.8102506,144.9629326
Melbourne,cafe,ComeBuyTea,-37.8109235,144.9630703
Melbourne,cafe,Chatime,-37.8102884,144.9629555
Melbourne,cafe,Gocha Cafe,-37.8103157,144.9625334
Melbourne,cafe,Unnamed cafe,-37.8106095,144.9619218
Melbourne,cafe,Axil,-37.8106553,144.9617596
Melbourne,cafe,Lovey Patisserie,-37.8078828,144.9590807
Melbourne,cafe,Max Brenner,-37.8108065,144.9651784
Melbourne,cafe,Le Petit Gateau,-37.8163157,144.9595571
Melbourne,cafe,First Love,-37.8176687,144.9598753
Melbourne,cafe,Puzzle Coffee,-37.810342,144.9633882
Melbourne,cafe,Ichigo,-37.8086376,144.9593948
Melbourne,cafe,Impresso Cafe,-37.8122817,144.953649
Melbourne,cafe,Okey Dokey Dessert,-37.8122854,144.9658479
Melbourne,cafe,Foundry Lane,-37.8104731,144.9676255
Melbourne,cafe,Tea Wave,-37.8032399,144.9637051
Melbourne,cafe,Gong Cha,-37.8104466,144.9630337
Melbourne,cafe,Pause And Sip By White Mojo,-37.8102807,144.9629277
Melbourne,cafe,Little Charley Cafe,-37.8092247,144.9626471
Melbourne,cafe,Karomi Cafe,-37.809618,144.9626451
Melbourne,cafe,People's Coffee,-37.8172096,144.9599238
Melbourne,cafe,Max Brenner,-37.8106428,144.9653735
Melbourne,cafe,Swan Lab Barista School,-37.812258,144.9671232
Melbourne,cafe,Parlance Coffee,-37.8100517,144.9576095
Melbourne,cafe,Project Zero Coffee,-37.8167704,144.9563295
Melbourne,cafe,People's Coffee,-37.8149505,144.9573025
Melbourne,cafe,Sargon Cafe,-37.8152332,144.9564593
Melbourne,cafe,Campus Canteen,-37.8005194,144.9620134
Melbourne,cafe,Five Points Cafe,-37.8170564,144.9568789
Melbourne,cafe,Starbucks,-37.8149559,144.966053
Melbourne,cafe,CM & Co,-37.8099978,144.970635
Melbourne,cafe,Tami Sweet,-37.810728,144.9681424
Melbourne,cafe,Bobby's,-37.8101356,144.9706829
Melbourne,cafe,Charlie's Tea,-37.8115911,144.9651811
Melbourne,cafe,Neighbours,-37.8230233,144.9506963
Melbourne,cafe,Small Batch,-37.804406,144.9543935
Melbourne,cafe,Awa French Crêperie,-37.8021756,144.9779401
Melbourne,cafe,Naau Cafe,-37.8099972,144.9670205
Melbourne,cafe,Cafe Tomi,-37.8007333,144.953381
Melbourne,cafe,The Flour Melbourne,-37.8059008,144.9547869
Melbourne,cafe,Patricia Coffee Roasters,-37.8146691,144.9582379
Melbourne,cafe,Moment Coffee,-37.8122619,144.9581735
Melbourne,cafe,Cartel Coffee Roasters Melbourne,-37.8138569,144.9624151
Melbourne,cafe,Haymarket Place Cafe,-37.8005151,144.9590042
Melbourne,cafe,Zio's Restaurant,-37.8094356,144.9786606
Melbourne,cafe,Little Black Cafe,-37.8244506,144.970159
Melbourne,cafe,University Cafe,-37.7994488,144.9668738
Melbourne,cafe,Lygon Food Store,-37.7991983,144.9669393
Melbourne,cafe,Westwood,-37.8055306,144.9511039
Melbourne,cafe,Unnamed cafe,-37.8056375,144.9519801
Melbourne,cafe,Workshop Brothers Southbank,-37.8211618,144.9636124
Melbourne,gym,Vault Crossfit,-37.8130719,144.9601471
Melbourne,gym,Fitness First,-37.814393,144.963513
Melbourne,gym,Corporate Fitness Club,-37.817559,144.963588
Melbourne,gym,Dohertys,-37.819118,144.962587
Melbourne,gym,Fight Club,-37.8192093,144.962262
Melbourne,gym,The Underground Fitness Club,-37.803623,144.956669
Melbourne,gym,Barrebody,-37.802211,144.977498
Melbourne,gym,Genesis,-37.8222261,144.9630117
Melbourne,gym,MOVE yoga,-37.8175852,144.9634936
Melbourne,gym,Melbourne Altitude Training,-37.8285666,144.9611623
Melbourne,gym,Lincoln Square Fitness,-37.802112,144.961861
Melbourne,gym,Absolute MMA CBD,-37.8123789,144.9711275
Melbourne,gym,F45 Training,-37.8105874,144.9610713
Melbourne,gym,CorePlus North Melbourne,-37.8033564,144.9508374
Melbourne,gym,Fitness First,-37.8106826,144.9659966
Melbourne,gym,Unnamed gym,-37.8263132,144.9680462
Melbourne,library,RMIT Swanston Library,-37.8081589,144.9639444
Melbourne,library,RMIT Carlton Library,-37.8059656,144.9640939
Melbourne,library,City Library,-37.8169458,144.9659025
Melbourne,library,Southbank Library,-37.8245882,144.9692009
Melbourne,library,Fitzroy Library,-37.8018889,144.979691
Melbourne,library,Giblin Eunson Library,-37.8011727,144.9593581
Melbourne,library,Southbank Library at Boyd,-37.8255777,144.9612198
Melbourne,library,Law Library,-37.8023777,144.9597833
Melbourne,library,Narrm Ngarrgu,-37.807721,144.9584163
Melbourne,library,Legal Aid public law library,-37.8156051,144.9568708
Melbourne,library,State Library Victoria,-37.8097018,144.965488
Melbourne,library,Eastern Resource Centre Library (Building 171),-37.7993637,144.9628202
Melbourne,library,NGV Library,-37.8232168,144.9682045
West Melbourne,supermarket,Foodworks,-37.7943152,144.9298631
West Melbourne,supermarket,Xpress Supermarket,-37.8147577,144.9383467
West Melbourne,cafe,Reynolds Street Sandwich Bar,-37.7970342,144.9372333
West Melbourne,cafe,The Premises,-37.794335,144.9301651
West Melbourne,cafe,ARGI Cafe,-37.7942307,144.9290988
West Melbourne,cafe,Fruits of Passion,-37.793915,144.930123
West Melbourne,cafe,Grounded House,-37.7944768,144.9294513
West Melbourne,cafe,Penny,-37.8143231,144.9382726
West Melbourne,cafe,Fifty-Six Threads,-37.7970521,144.9278512
West Melbourne,cafe,The Coffee Club,-37.8122596,144.9379903
West Melbourne,cafe,Teresa's Cafe,-37.8105085,144.9228446
West Melbourne,cafe,Riverside Takeaway,-37.8025279,144.910183
West Melbourne,cafe,Anchor Eatery,-37.8217715,144.9363723
West Melbourne,cafe,Pie Face,-37.8028983,144.9298351
West Melbourne,cafe,Sensoray Lab,-37.8219299,144.9264746
West Melbourne,cafe,Hall St. Cafe,-37.8227748,144.9265493
West Melbourne,cafe,Unnamed cafe,-37.8235948,144.9256041
West Melbourne,cafe,Kensington Canteen,-37.7997462,144.9320168
West Melbourne,cafe,Borghetti,-37.7949808,144.9336384
West Melbourne,cafe,Tru Coffee,-37.7999196,144.9098348
West Melbourne,cafe,Little Bean Shop,-37.7999106,144.9097394
West Melbourne,cafe,Unnamed cafe,-37.8004887,144.9275721
West Melbourne,cafe,Bolte Cafe and Kebab,-37.8221176,144.9309913
West Melbourne,cafe,Willo&Co Cafe,-37.8008298,144.9164612
West Melbourne,cafe,Rollin 169,-37.7943167,144.9311209
West Melbourne,cafe,Luncheonette,-37.7943925,144.9311078
West Melbourne,cafe,North End Cafe,-37.7955785,144.9381973
West Melbourne,cafe,1565 Cafe & Gelataria,-37.794664,144.9300449
West Melbourne,gym,The Wharf Club,-37.8218676,144.9362
Black Rock,supermarket,Black Rock Grocer,-37.9748874,145.0161043
Black Rock,supermarket,Woolworths Metro,-37.9738785,145.0163098
Black Rock,supermarket,Aldi,-37.9558454,145.0334368
Black Rock,cafe,Chives Cafe,-37.9619038,145.0188465
Black Rock,cafe,Odo,-37.9752049,145.0160575
Black Rock,cafe,Royal Avenue Tennis Centre,-37.959015,145.0143949
Black Rock,cafe,Local Italian,-37.9598041,145.0196415
Black Rock,cafe,Thai Rani,-37.9622049,145.0188027
Black Rock,cafe,Roc Bakery Cafe,-37.9620007,145.0192931
Black Rock,cafe,The Colonel's Son,-37.9759004,145.0164138
Black Rock,library,Beaumaris Community Centre,-37.9824994,145.0340716
Hampton,supermarket,Coles,-37.9494484,145.0033694
Hampton,supermarket,Woolworths,-37.9371235,145.0020806
Hampton,supermarket,Coles,-37.9453066,145.0217912
Hampton,cafe,Sandy Beach HQ & Kiosk,-37.9457289,144.9978134
Hampton,cafe,Gateaux by MF,-37.9305165,145.0036463
Hampton,cafe,Eva's Sandwiches & Cafe Sandringham,-37.9513548,145.0042177
Hampton,cafe,Limoncello,-37.9500831,145.0039479
Hampton,cafe,Our Little Ray of Sunshine,-37.9499429,145.003972
Hampton,cafe,Station Mingle cafe,-37.9508794,145.0042856
Hampton,cafe,Thomas Street Grocery,-37.9398446,145.0137735
Hampton,cafe,Black Squirrel Cafe,-37.9519086,145.0045512
Hampton,cafe,Stevie,-37.9489404,145.0043312
Hampton,cafe,Coffee Shop At Raw,-37.9462405,145.0219972
Hampton,cafe,Middle School Canteen,-37.9279342,145.007105
Hampton,cafe,Senior School Canteen,-37.9278939,145.0079146
Hampton,cafe,Merrymen,-37.9394544,145.0007218
Hampton,gym,Train-Rec 24/7,-37.9405792,145.0023057
Hampton,gym,Re-Creation Trackside,-37.9380461,145.0019211
Hampton,gym,Hampton Yoga Centre,-37.938993,145.0041981
Hampton,library,Sandringham Library,-37.9490387,145.0029332
Hampton,library,Cornish Library,-37.9279979,145.0074971
Hampton,library,Hampton Library,-37.9386347,145.0027017
Keilor East,supermarket,ALDI,-37.7497051,144.8605537
Keilor East,supermarket,Woolworths,-37.7502451,144.8609684
Keilor East,supermarket,Foodworks Keilor East,-37.7445002,144.8667875
Keilor East,cafe,Lee's Cafe,-37.7327976,144.8558487
Keilor East,cafe,Ring Side Snack Bar,-37.7370538,144.8535617
Keilor East,cafe,T.C. Cafe,-37.7300371,144.8608441
Keilor East,gym,Unnamed gym,-37.738923,144.8709189
Keilor East,gym,Unnamed gym,-37.739108,144.8709874
Bayswater North,supermarket,IGA,-37.8112725,145.2704883
Bayswater North,supermarket,Karen Asian Grocery,-37.8117989,145.2700736
Bayswater North,supermarket,Eastfield Natural Foods,-37.811872,145.2700207
Bayswater North,cafe,Dorset Cafe,-37.8372736,145.287458
Bayswater North,cafe,Unnamed cafe,-37.8253856,145.2800958
Bayswater North,cafe,Boulevard Cafe,-37.8406773,145.2823792
Bayswater North,cafe,SoulPod Cafe,-37.8119414,145.2699771
Bayswater North,cafe,Cafe ONE 88,-37.8184212,145.2688012
Bayswater North,cafe,Eastfield Coffee Co.,-37.811758,145.2701015
Bayswater North,cafe,Starbucks,-37.8309112,145.2714954
Seabrook,supermarket,Coles,-37.8952497,144.7530363
Seabrook,supermarket,ALDI,-37.8952997,144.7522522
Seabrook,supermarket,Spicelines,-37.8672665,144.7610077
Seabrook,supermarket,IGA,-37.8677134,144.7612869
Seabrook,cafe,The Jolly Miller Cafe,-37.8674042,144.7434749
Seabrook,cafe,Muffin Break,-37.8955548,144.7515986
Seabrook,cafe,Kyla's Cafe,-37.8675478,144.7614475
Seabrook,cafe,Cheeky Chewies Cafe,-37.8679343,144.7612226
Essendon West,supermarket,Boundy's Supa IGA,-37.754983,144.8971477
Essendon West,supermarket,Woolworths,-37.7381316,144.8928873
Essendon West,supermarket,Woolworths,-37.7381501,144.8928594
Essendon West,cafe,Mamma Lina's,-37.7390504,144.8966459
Essendon West,cafe,Unnamed cafe,-37.743779,144.8912362
Essendon West,cafe,Calmer Cafe,-37.7549094,144.8963963
Essendon West,gym,Unnamed gym,-37.738923,144.8709189
Essendon West,gym,Unnamed gym,-37.739108,144.8709874
Essendon West,library,Little library,-37.7644597,144.8930959
Geelong,supermarket,Woolworths,-38.1370122,144.3477524
Geelong,supermarket,Coles,-38.1465194,144.3634189
Geelong,supermarket,Foodworks,-38.1547927,144.3717335
Geelong,supermarket,The Source Bulk Foods,-38.1420781,144.3482659
Geelong,cafe,Moo Mouth Coffee,-38.1490166,144.362555
Geelong,cafe,17by4,-38.147658,144.357476
Geelong,cafe,9 grams,-38.1572389,144.3449146
Geelong,cafe,9 grams,-38.1463384,144.3587758
Geelong,cafe,Panache,-38.1447185,144.3630988
Geelong,cafe,Analogue Academy,-38.1488359,144.3563533
Geelong,cafe,Little M Cafe,-38.1475724,144.3581213
Geelong,cafe,Welcome Back Cafe,-38.1476446,144.3583667
Geelong,cafe,Neko,-38.150189,144.363589
Geelong,cafe,Overtime Espresso,-38.1460419,144.3597893
Geelong,cafe,The Coffee Club,-38.1466607,144.3624731
Geelong,cafe,Public,-38.1468806,144.356508
Geelong,cafe,Darling West Cafe,-38.1439631,144.3478745
Geelong,cafe,Fleur Wolves Cafe & Flowers,-38.1449794,144.3614401
Geelong,cafe,Sweet Adeline,-38.1636891,144.3494222
Geelong,cafe,The Yot,-38.1451844,144.3661733
Geelong,cafe,Neo Cafe,-38.1483045,144.3613824
Geelong,cafe,Boost Juice,-38.14657,144.3626878
Geelong,cafe,Chatime,-38.1478636,144.3606877
Geelong,cafe,Planet Smoothie,-38.1464903,144.362897
Geelong,cafe,Blank Space,-38.1573815,144.345029
Geelong,cafe,Unnamed cafe,-38.1447263,144.3550663
Geelong,cafe,Tutti,-38.147352,144.356579
Geelong,cafe,Pavilion Geelong,-38.1472421,144.3733174
Geelong,cafe,Bean Squeeze,-38.1624695,144.3533942
Geelong,cafe,Pucci's Caffe,-38.1623593,144.3535131
Geelong,cafe,Orchid & Co,-38.150522,144.3731134
Geelong,cafe,Lucy Lockets,-38.1548629,144.3718588
Geelong,cafe,Black Cup Cafe,-38.1562423,144.3710837
Geelong,cafe,Jetty Road Brewery,-38.1450911,144.3649616
Geelong,cafe,Kilgour St Grocer,-38.1579042,144.3646167
Geelong,cafe,Central Nutrition,-38.1484902,144.3632755
Geelong,cafe,Cafe GO,-38.1498691,144.365465
Geelong,cafe,Florence & Me,-38.150566,144.3634722
Geelong,cafe,We are the press,-38.1583367,144.3447291
Geelong,cafe,Rosey Joans,-38.1575937,144.3452788
Geelong,cafe,Tropical Cafe & Bar,-38.1471165,144.3613318
Geelong,cafe,Toasty,-38.1484948,144.3575872
Geelong,cafe,Hucksters & Co,-38.1484917,144.3588443
Geelong,cafe,Dal,-38.1517815,144.3590617
Geelong,cafe,"Bean Squeeze, Drive through coffee",-38.1446897,144.3572544
Geelong,cafe,A Spot For Joe,-38.1494513,144.3579221
Geelong,cafe,Dal,-38.1491584,144.3545249
Geelong,cafe,[untitled],-38.1564528,144.3596279
Geelong,cafe,2 Chefs,-38.1460899,144.3615972
Geelong,cafe,Steampocket Pizzeria & Cafe,-38.154562,144.3454302
Geelong,cafe,Winter's,-38.1564551,144.3455686
Geelong,cafe,Pakington Pantry,-38.1563921,144.3455796
Geelong,cafe,Koffie Haus,-38.1434454,144.359087
Geelong,cafe,Two Sugars,-38.1401427,144.3487159
Geelong,cafe,Sodi,-38.1404702,144.3481206
Geelong,cafe,The Village Door,-38.1405333,144.3486929
Geelong,cafe,Box Office,-38.1400683,144.3489936
Geelong,cafe,Panache,-38.1419305,144.3483102
Geelong,cafe,Neck of the Woods,-38.1516641,144.3592108
Geelong,cafe,7 Origins,-38.142005,144.3482804
Geelong,cafe,At Randy's,-38.1420208,144.3477488
Geelong,cafe,63 Degrees,-38.1397712,144.3487824
Geelong,cafe,Pako Bakery Cafe,-38.1395892,144.3483097
Geelong,cafe,Fuel Coffee + Food,-38.1459744,144.3608647
Geelong,cafe,Taste Jamaica,-38.1385196,144.3490779
Geelong,cafe,Lil Pako,-38.1383916,144.3489533
Geelong,cafe,Grounds of Society,-38.1468345,144.3601848
Geelong,cafe,Cartel Roasters,-38.1480262,144.3589832
Geelong,cafe,Boba Central,-38.1492758,144.3608939
Geelong,cafe,Cake Cult,-38.1480751,144.3598938
Geelong,cafe,The Base,-38.1426003,144.3557814
Geelong,cafe,Cravings,-38.1470477,144.3592958
Geelong,cafe,7 Origins,-38.14788,144.3635463
Geelong,cafe,Poco,-38.1385114,144.3485973
Geelong,cafe,Bubble Bar,-38.1498306,144.3607663
Geelong,cafe,Cocco,-38.1499363,144.3612558
Geelong,cafe,Little Green Corner,-38.1500748,144.3580204
Geelong,cafe,Rosco's Social Club,-38.1425382,144.3475872
Geelong,gym,Geelong City Yoga,-38.1472228,144.3600944
Geelong,gym,KX Pilates,-38.1414226,144.3485285
Geelong,gym,Wonder Yoga,-38.1353042,144.349143
Geelong,gym,Waterfront Health Studio,-38.144304,144.3616891
Geelong,gym,Kieser,-38.1597787,144.3458391
Geelong,gym,F45 Training,-38.1600134,144.3466007
Geelong,gym,Jetts Fitness,-38.1356645,144.3490187
Geelong,gym,Upstate,-38.1506657,144.3594945
Geelong,gym,Upstate,-38.1504135,144.3589339
Geelong,gym,Minc Fitness,-38.1636252,144.359515
Geelong,gym,CorePlus,-38.1590681,144.3557944
Geelong,gym,Geelong's Gym,-38.1597809,144.3491068
Geelong,gym,Listen to your body,-38.1574982,144.3453847
Geelong,gym,Good Folk Yoga,-38.1517131,144.3592972
Geelong,gym,Wonder Yoga,-38.1492672,144.3586002
Geelong,gym,Body Fit Training,-38.1437867,144.3523928
Geelong,gym,Krav Maga Global,-38.1424811,144.3557456
Geelong,gym,Fit For Living,-38.1398449,144.3553352
Geelong,library,Barwon Health Library,-38.1529641,144.3627198
Geelong,library,Chilwell Library,-38.1571197,144.3468046
Geelong,library,Geelong Library & Heritage Centre,-38.1469321,144.356591
Geelong,library,Geelong West Library,-38.1411124,144.3479345
Mickleham,supermarket,Coles,-37.5365138,144.9212675
Mickleham,cafe,The Corner Store,-37.533092,144.9049578
Moorooduc,cafe,Master Jack Cafe,-38.2146509,145.1097307
Mount Duneed,cafe,9 Grams,-38.2254194,144.3277079
Armstrong Creek,supermarket,Coles,-38.2277511,144.3399292
Armstrong Creek,supermarket,Woolworths,-38.2307704,144.3722793
Armstrong Creek,cafe,Overtime Espresso,-38.2276345,144.3396723
Armstrong Creek,gym,Anytime Fitness,-38.2268032,144.3400597
