suburb,category,name,lat,lon
The Basin,cafe,1 in 20 Café,-37.8556385,145.3157854
Carlton North,library,1 John Street Little Library,-37.7769637,144.9758697
Ferntree Gully,cafe,121 Station Cafe,-37.8817425,145.2942688
Fairfield,cafe,15 lbs Cafe,-37.7795467,145.0171851
Travancore,cafe,1565 Cafe & Gelataria,-37.794664,144.9300449
Geelong West,cafe,17by4,-38.147658,144.357476
South Melbourne,cafe,18 Pence Lane,-37.824583,144.9452578
Seaford,cafe,18-EightyEight,-38.1033177,145.1264015
South Yarra,cafe,181 Domain,-37.8342155,144.9820937
Carlton North,cafe,1864 Café,-37.7838156,144.9609303
Geelong,cafe,2 Chefs,-38.1460899,144.3615972
Ringwood North,cafe,23 Cafe Restaurant Bar.,-37.7946099,145.2355304
Port Melbourne,cafe,24 Atoms,-37.8253647,144.921733
Reservoir,gym,24/7 Xercise Gym,-37.7159676,145.0039848
Reservoir,cafe,3 Cheers Cafe,-37.7161604,145.0063124
Bonbeach,gym,3 Steps Gym,-38.0756356,145.1231993
Melbourne,cafe,30 Block Place,-37.8152596,144.964372
South Melbourne,cafe,365,-37.821841,144.9449468
Parkdale,cafe,4 Cousins Coffee Department,-37.9970995,145.0843416
Parkdale,supermarket,4 Cousins,-37.997159,145.0844063
Mentone,cafe,4 Sista's Cafe,-37.9820421,145.0645776
Heidelberg,cafe,4ever sisters,-37.7429319,145.0646385
Manifold Heights,cafe,63 Degrees,-38.1397712,144.3487824
Docklands,cafe,6six 5fifty 5five,-37.8064205,144.9449095
Richmond,cafe,7 Grams,-37.8282242,144.997652
Manifold Heights,cafe,7 Origins,-38.142005,144.3482804
Geelong,cafe,7 Origins,-38.14788,144.3635463
Richmond,cafe,8 Layers,-37.8113055,145.0072417
Diamond Creek,cafe,8.8oz,-37.6748732,145.159641
Bundoora,cafe,8th Nerve Cafe,-37.6962575,145.0584323
Coburg,cafe,8th Nerve Cafe,-37.7335657,144.9588845
Geelong West,cafe,9 grams,-38.1463384,144.3587758
Newtown,cafe,9 grams,-38.1572389,144.3449146
Mount Duneed,cafe,9 Grams,-38.2254194,144.3277079
Coburg,cafe,9 meals cafe,-37.743215,144.9658649
Preston,cafe,9 Tails,-37.7421303,145.0034841
St Kilda,cafe,95 Espresso Bar,-37.8680415,144.9790903
Caulfield,gym,9Round,-37.8788325,145.0129128
Bentleigh East,gym,9Round,-37.9209414,145.0564651
Southbank,cafe,@Rice,-37.835496,144.975606
South Geelong,cafe,[untitled],-38.1564528,144.3596279
Melbourne,cafe,A Kiss Xpresso,-37.8152071,144.9722311
Brunswick East,cafe,A Minor Place,-37.7614923,144.9696521
Thornbury,cafe,A Simple Sandwich,-37.7493553,145.0019682
Geelong West,cafe,A Spot For Joe,-38.1494513,144.3579221
Richmond,cafe,A Thousand Blessings,-37.8160197,145.0018998
Melbourne,cafe,A Treat Of France,-37.8270995,144.9590528
Oakleigh South,cafe,A.1.Nibbles Sandwiches,-37.9099934,145.1039463
Brunswick East,cafe,A1 Lebanese Bakery,-37.7620103,144.962841
Dandenong,cafe,AB Bakery Dandenong,-37.9890925,145.2140879
Richmond,cafe,Abbotsford Pantry,-37.8084889,144.9999844
Glen Waverley,cafe,ABC Cafe,-37.8815893,145.1631651
Balwyn North,supermarket,ABC Supermarket,-37.7928056,145.0710362
Heathmont,supermarket,ABC Supermarket,-37.8266695,145.2561383
Preston,cafe,Ablas Patisserie,-37.7429579,145.0033794
Melbourne,gym,Absolute MMA CBD,-37.8123789,144.9711275
Fitzroy,gym,Absolute MMA Collingwood,-37.8038711,144.990661
St Kilda,gym,Absolute MMA St Kilda,-37.8636227,144.9829621
Melbourne,cafe,ACCA coffee cart,-37.8267414,144.9666877
Coburg,cafe,Achillion Cakes,-37.7433735,144.9663714
Fitzroy,cafe,Acoffee,-37.7982359,144.9856593
Blackburn South,cafe,Acre Eatery,-37.8489503,145.134568
Fawkner,cafe,Acropol,-37.7175464,144.9820679
Fitzroy,cafe,ACspresSO Cafe,-37.8099748,144.9922714
Fitzroy,gym,Action School of Yoga,-37.80068,144.983757
Travancore,gym,Active Bodies World,-37.7663334,144.9493887
Carlton North,cafe,Acustico,-37.7739337,144.9591941
Mount Eliza,cafe,AD HOC,-38.1832548,145.0893662
South Melbourne,cafe,Ada Grace,-37.8326207,144.9590781
Bentleigh East,cafe,Adam’s Deli,-37.9208082,145.0582127
Carlton,cafe,Addict,-37.7989725,144.9832189
Dandenong,cafe,Addictions,-37.9872937,145.2128755
Footscray,cafe,Addis cafe and roastery,-37.80354,144.898589
Kew East,cafe,Adeney Milkbar Cafe,-37.8028866,145.0490731
Tullamarine,cafe,Adina Corner Cafe,-37.7111067,144.8770082
Footscray,cafe,Advieh,-37.8094133,144.8901692
Sunshine,supermarket,African Groceries,-37.7878333,144.8309159
Dandenong,supermarket,African Products,-37.9862461,145.2152154
South Melbourne,cafe,Aga the French patisserie,-37.8323197,144.9566948
Montmorency,cafe,Agnes & Alban,-37.7314255,145.1353538
Kingsbury,supermarket,Agora IGA Xpress,-37.7206367,145.0487718
Kingsbury,cafe,Agoraphobic Cafe,-37.7193667,145.0455587
Melbourne,cafe,Airflow Coffee Co,-37.8098639,144.956785
Heidelberg,cafe,Aisle Seventeen,-37.7587648,145.0688624
Princes Hill,gym,AKA Studio Yoga,-37.767077,144.9804137
Coburg,cafe,Al Alamy,-37.7418729,144.9650469
Coburg,cafe,Al Nada Sweets,-37.7508631,144.9651286
St Kilda,cafe,Al Naturale,-37.862565,144.9742874
South Melbourne,cafe,Albert Gourmet Deli,-37.833654,144.971429
South Melbourne,cafe,Albert Park Deli,-37.8414375,144.9541058
St Kilda,gym,Albert Park Fitness,-37.8500013,144.96952
South Melbourne,library,Albert Park Library,-37.8413526,144.956341
Princes Hill,cafe,Albert Street Cafe,-37.7686382,144.9590671
Brunswick West,supermarket,Albion Budget Supermarket,-37.7585731,144.945087
Craigieburn,supermarket,Aldi,-37.5946365,144.9143905
Meadow Heights,supermarket,Aldi,-37.6379203,144.9328875
Mill Park,supermarket,ALDI,-37.650551,145.0691768
Lalor,supermarket,ALDI,-37.6550131,145.0163052
Broadmeadows,supermarket,Aldi,-37.6783544,144.9195292
Melton West,supermarket,Aldi,-37.6868586,144.5604697
Gladstone Park,supermarket,ALDI,-37.6875338,144.8843357
Taylors Lakes,supermarket,ALDI,-37.699312,144.7785142
Bundoora,supermarket,ALDI,-37.6998024,145.058831
Greensborough,supermarket,ALDI,-37.7028795,145.1033101
Eltham North,supermarket,Aldi,-37.7128407,145.1501999
Tullamarine,supermarket,Aldi,-37.7151535,144.8842921
Hadfield,supermarket,ALDI,-37.723371,144.9623695
Kingsbury,supermarket,ALDI,-37.724802,145.0289822
Keilor Downs,supermarket,ALDI,-37.7263093,144.8066275
Montmorency,supermarket,ALDI,-37.7279736,145.1110688
Burnside Heights,supermarket,ALDI,-37.7315698,144.7427972
Preston,supermarket,ALDI,-37.7399085,145.001834
Bellfield,supermarket,ALDI,-37.7487656,145.0407238
Avondale Heights,supermarket,ALDI,-37.7497051,144.8605537
Albanvale,supermarket,Aldi,-37.75006,144.7743439
Thornbury,supermarket,ALDI,-37.7520867,145.0028302
Heidelberg,supermarket,Aldi,-37.7552816,145.0688142
Lilydale,supermarket,ALDI,-37.7609226,145.3491933
Ascot Vale,supermarket,ALDI,-37.7653328,144.9230314
Northcote,supermarket,ALDI,-37.768958,145.000045
Carlton North,supermarket,ALDI,-37.7709122,144.9616256
Doncaster,supermarket,ALDI,-37.7731793,145.1118816
Sunshine,supermarket,ALDI,-37.7828586,144.8341988
Maribyrnong,supermarket,ALDI,-37.7842775,144.8922627
Balwyn North,supermarket,ALDI,-37.7912353,145.0947384
West Footscray,supermarket,ALDI,-37.7930599,144.8607906
Croydon,supermarket,ALDI,-37.7934467,145.2785468
Fitzroy,supermarket,ALDI,-37.7987035,144.9836527
Melbourne,supermarket,ALDI,-37.8074444,144.9621938
Docklands,supermarket,ALDI,-37.8078975,144.9486199
Richmond,supermarket,ALDI,-37.8093845,144.9956596
Blackburn,supermarket,ALDI,-37.8112786,145.1520958
Ringwood,supermarket,ALDI,-37.815856,145.2231415
Brooklyn,supermarket,ALDI,-37.8284837,144.8476986
Mont Albert,supermarket,ALDI,-37.8293579,145.1208749
South Melbourne,supermarket,ALDI,-37.829949,144.9573832
Hawthorn East,supermarket,Aldi,-37.8305497,145.058844
Tarneit,supermarket,Aldi,-37.8350609,144.652032
Bayswater,supermarket,Aldi,-37.8430635,145.2661744
Altona North,supermarket,Aldi,-37.8447747,144.8454614
South Yarra,supermarket,Aldi,-37.8458636,144.9935728
Blackburn South,supermarket,ALDI,-37.853724,145.1510417
Vermont South,supermarket,Aldi,-37.8555383,145.1822714
Prahran,supermarket,Aldi,-37.8650285,144.9877554
Laverton,supermarket,Aldi,-37.8718502,144.7751035
Glen Waverley,supermarket,ALDI,-37.8750268,145.164852
Murrumbeena,supermarket,ALDI,-37.8846726,145.0588846
Hughesdale,supermarket,ALDI,-37.8863767,145.0839366
Mambourin,supermarket,ALDI,-37.8873902,144.6071938
Ferntree Gully,supermarket,ALDI,-37.8882093,145.2889133
Point Cook,supermarket,ALDI,-37.8952997,144.7522522
Scoresby,supermarket,ALDI,-37.9012273,145.2329917
Werribee,supermarket,Aldi,-37.9051618,144.6577989
McKinnon,supermarket,Aldi,-37.9175958,145.0340515
Rowville,supermarket,ALDI,-37.9287015,145.2513265
Noble Park North,supermarket,ALDI,-37.9366727,145.1915257
Springvale,supermarket,ALDI,-37.941289,145.1683577
Highett,supermarket,Aldi,-37.9558454,145.0334368
Cheltenham,supermarket,ALDI,-37.9590509,145.0548965
Springvale South,supermarket,ALDI,-37.9615752,145.1431426
Heatherton,supermarket,ALDI,-37.9706192,145.0907731
Cheltenham,supermarket,ALDI,-37.9752484,145.0677058
Endeavour Hills,supermarket,ALDI,-37.9772167,145.2586075
Dandenong,supermarket,ALDI,-37.9833906,145.2161115
Dandenong,supermarket,Aldi,-37.9859544,145.2167401
Parkdale,supermarket,Aldi,-38.0060286,145.0852374
Narre Warren,supermarket,ALDI,-38.017448,145.3010818
Narre Warren South,supermarket,ALDI,-38.0677336,145.3005853
Bonbeach,supermarket,ALDI,-38.076667,145.1235678
Clyde North,supermarket,Aldi,-38.0942353,145.3333701
Bell Park,supermarket,ALDI,-38.0967275,144.3350659
Cranbourne East,supermarket,ALDI,-38.1000051,145.2933188
Frankston North,supermarket,ALDI,-38.1102556,145.1610991
Cranbourne,supermarket,ALDI,-38.1115747,145.2842262
Frankston,supermarket,ALDI,-38.1397884,145.1260897
Manifold Heights,supermarket,ALDI,-38.1398635,144.3377442
Newcomb,supermarket,ALDI,-38.1697376,144.3922925
Belmont,supermarket,ALDI,-38.1741305,144.3443203
Grovedale,supermarket,ALDI,-38.193233,144.3435317
Grovedale,supermarket,ALDI,-38.1961357,144.318837
Mornington,supermarket,ALDI,-38.2230476,145.0403197
Somerville,supermarket,ALDI,-38.2249896,145.1774728
Kingsville,cafe,Alfa Bakehouse,-37.8164954,144.8901059
Melbourne,cafe,Alimentari,-37.7997308,144.9780654
Clarinda,supermarket,Alishaan India,-37.9284428,145.119416
Greensborough,gym,Alive Pilates Studio,-37.7032652,145.1052701
Chadstone,cafe,Aliza's place Cafe,-37.8750608,145.1003278
Carlton,cafe,All Day Tre,-37.7905439,144.9714987
South Yarra,cafe,All Good,-37.8520028,144.9806355
Deepdene,cafe,Alleycat Cafe,-37.8247497,145.0811808
Seddon,supermarket,Alligator Brand Pasta,-37.8213474,144.8962221
Fitzroy,cafe,Allpress Roastery,-37.8065212,144.9891319
Richmond,cafe,Almost French Patisserie,-37.8254052,144.9943865
Surrey Hills,gym,Alta Fitness,-37.8210105,145.1051649
Deepdene,gym,Alta Personal Training,-37.8238896,145.0811809
Melbourne,cafe,Altius Coffee Brewers,-37.819714,144.9564536
Seaholme,library,Altona Library,-37.869017,144.8292555
Laverton,library,Altona Meadows Library,-37.873582,144.7748212
Altona North,library,Altona North Community Library,-37.8360447,144.8468987
Dandenong,cafe,Amalia Euro Cheese,-37.9826231,145.2028103
Oakleigh South,cafe,Ambrosia Cafe,-37.9103146,145.1034029
Oakleigh East,cafe,Ambrosiary,-37.9005231,145.0917191
Melbourne,cafe,Amicus Espresso,-37.8022481,144.9601666
Mont Albert North,cafe,Amity Cafe,-37.803656,145.1024041
Thornbury,cafe,Ampersand Coffee and Food,-37.754549,145.0011357
Richmond,cafe,Amsterdam Street Cafe,-37.8309703,144.997477
Geelong West,cafe,Analogue Academy,-38.1488359,144.3563533
Belgrave,gym,Ananda Hot Yoga,-37.908734,145.3550984
Docklands,cafe,Anchor Eatery,-37.8217715,144.9363723
North Geelong,cafe,Anchors Rest Cafe,-38.1071511,144.3623725
Melbourne,cafe,Anda,-37.809638,144.9720241
Fawkner,supermarket,Anderson Road Fruit Market,-37.695906,144.967925
Watsonia North,supermarket,Andres SUPA IGA,-37.709047,145.0825705
Burwood,supermarket,Andrew Street Grocer,-37.8572274,145.1237031
Ivanhoe East,cafe,Aniseed Cafe,-37.763843,145.0541544
Surrey Hills,cafe,Anne's Pantry,-37.8236413,145.0978958
Pascoe Vale South,cafe,Anthropology Specialty Coffee and Concept Store,-37.7315429,144.9377482
South Kingsville,cafe,Antpasti Deli Cafe,-37.8171865,144.8818864
Meadow Heights,gym,Anytime Fitness,-37.6391528,144.9330949
Diamond Creek,gym,Anytime Fitness,-37.6739815,145.1599857
Thomastown,gym,Anytime Fitness,-37.6781827,145.0144135
Taylors Lakes,gym,Anytime Fitness,-37.6972067,144.7731441
Greensborough,gym,Anytime Fitness,-37.7035842,145.1036437
Reservoir,gym,Anytime Fitness,-37.7170477,145.0086332
Weir Views,gym,Anytime Fitness,-37.7212109,144.5713872
Rockbank,gym,Anytime Fitness,-37.7219895,144.6705117
Keilor Downs,gym,Anytime Fitness,-37.7274813,144.8075878
Burnside Heights,gym,Anytime Fitness,-37.7342276,144.7414847
Thornbury,gym,Anytime Fitness,-37.7442436,145.0027993
Heidelberg,gym,Anytime Fitness,-37.7561824,145.0644088
Ascot Vale,gym,Anytime Fitness,-37.7654219,144.9236
Brunswick,gym,Anytime Fitness,-37.7661896,144.9587043
Carlton North,gym,Anytime Fitness,-37.7781676,144.9775984
Sunshine,gym,Anytime Fitness,-37.7810921,144.8331244
Doncaster,gym,Anytime Fitness,-37.787577,145.12646
Ringwood North,gym,Anytime Fitness,-37.7942781,145.2362841
Croydon,gym,Anytime Fitness,-37.7992807,145.2805145
Kew East,gym,Anytime Fitness,-37.7995262,145.0496577
Footscray,gym,Anytime Fitness,-37.800852,144.8974742
Fitzroy,gym,Anytime Fitness,-37.8042366,144.9866837
Surrey Hills,gym,Anytime Fitness,-37.8134519,145.0842055
Ringwood,gym,Anytime Fitness,-37.814037,145.2297942
South Melbourne,gym,Anytime Fitness,-37.8210852,144.9494407
South Melbourne,gym,Anytime Fitness,-37.8312477,144.9589174
St Kilda,gym,Anytime Fitness,-37.8586527,144.9796408
Seaholme,gym,Anytime Fitness,-37.8677988,144.8308727
Wyndham Vale,gym,Anytime Fitness,-37.8752252,144.6141131
Wantirna South,gym,Anytime Fitness,-37.8771929,145.2223805
Glen Waverley,gym,Anytime Fitness,-37.8797328,145.1653188
Ferntree Gully,gym,Anytime Fitness,-37.8824434,145.2712157
Ormond,gym,Anytime Fitness,-37.8896055,145.04495
Oakleigh East,gym,Anytime Fitness,-37.8991186,145.0936711
Rowville,gym,Anytime Fitness,-37.9275731,145.2510015
Springvale,gym,Anytime Fitness,-37.9342086,145.1559272
Springvale,gym,Anytime Fitness,-37.9483786,145.1533364
Dandenong North,gym,Anytime Fitness,-37.950356,145.2197258
Cheltenham,gym,Anytime Fitness,-37.9602142,145.0555237
Dandenong,gym,Anytime Fitness,-37.987965,145.2151695
Narre Warren,gym,Anytime Fitness,-38.0227813,145.3050913
Chelsea,gym,Anytime Fitness,-38.053903,145.1161316
Bell Post Hill,gym,Anytime Fitness,-38.0893045,144.3366102
Cranbourne,gym,Anytime Fitness,-38.1098042,145.2830859
Manifold Heights,gym,Anytime Fitness,-38.1360966,144.3369924
Langwarrin,gym,Anytime Fitness,-38.1417391,145.2082953
Frankston,gym,Anytime Fitness,-38.1427331,145.1215005
Marshall,gym,Anytime Fitness,-38.1994171,144.34645
Somerville,gym,Anytime Fitness,-38.2248241,145.1691686
Armstrong Creek,gym,Anytime Fitness,-38.2268032,144.3400597
Coburg,gym,Apex Strength,-37.7334495,144.9609519
Cranbourne North,supermarket,Apna Bazaar Indian Supermarket,-38.08485,145.2916296
Cheltenham,cafe,Applehead Deli,-37.9748792,145.064463
Brunswick East,cafe,Arabesque,-37.7540418,144.9642325
Cranbourne West,cafe,Arabian Lounge and Cafe,-38.0916763,145.2552773
Caulfield,cafe,Arboretum,-37.8868649,145.0209505
Preston,supermarket,ARC Asian Grocers,-37.7383251,145.0022413
Carlton,cafe,Arcadia,-37.8060083,144.981038
Carlton,cafe,Archie's,-37.805994,144.98093
Carlton,library,"Architecture, Building & Planning Library",-37.7973892,144.9629108
Preston,cafe,Arepa Days,-37.7413183,145.0037916
Travancore,cafe,ARGI Cafe,-37.7942307,144.9290988
Melbourne,cafe,Argos Loves Company,-37.803143,144.977468
Hughesdale,cafe,Aristo Cafe,-37.8986595,145.0884697
Princes Hill,gym,Armature Pilates,-37.7678124,144.9722313
Princes Hill,gym,Armature Reformer,-37.7682399,144.9725648
Fitzroy North,gym,Armature Strength,-37.7683332,144.9730902
South Yarra,cafe,Aroma Cafe,-37.8384862,144.9899771
Berwick,cafe,Aroma Hut Cafe,-38.0314145,145.3451401
Hughesdale,cafe,Aroma,-37.8998137,145.0902089
Taylors Hill,cafe,Art de Cafe,-37.7112812,144.7417342
Kingsville,gym,Art of Cycling,-37.8207495,144.8937525
Melbourne,cafe,Artee Cafe,-37.8057546,144.9663802
Fairfield,cafe,Arthur Street Deli,-37.7830395,145.0184356
Notting Hill,cafe,Artichoke and Whitebait,-37.9119072,145.1328326
Bellfield,cafe,Artiga Specialty Coffee,-37.7592181,145.0287116
Bellfield,cafe,Artiga Specialty Coffee,-37.7592231,145.0286774
Parkville,cafe,Aruba Espresso,-37.794022,144.949497
Melbourne,cafe,Aruba,-37.812609,144.969352
Ascot Vale,library,Ascot Vale Library,-37.7739985,144.9155663
Northcote,cafe,Ash & Rye,-37.7781836,145.010194
Malvern East,library,Ashburton Library,-37.8633305,145.0768371
Hughesdale,supermarket,Asian Supermarket,-37.8999943,145.0904213
Box Hill North,supermarket,Asian Taiwanese Grocery,-37.8202579,145.1261152
Aspendale,cafe,Aspendale Cafe,-38.0269555,145.1024245
Aspendale,cafe,Aspendeli,-38.0146366,145.097162
Melbourne,cafe,Assembly,-37.802704,144.9673231
Glen Waverley,supermarket,Astee,-37.8791086,145.1630647
Coburg,cafe,Astro Cafe,-37.7430572,144.9660074
Bentleigh East,cafe,Astroluxe,-37.9357319,145.0612879
Manifold Heights,cafe,At Randy's,-38.1420208,144.3477488
Preston,gym,Athletique Health Club,-37.754046,145.021042
Melbourne,cafe,Atomica Caffé,-37.7993698,144.9784906
Richmond,cafe,Au79 Café,-37.8088089,144.9957773
Doncaster,cafe,AU79,-37.7842367,145.1256755
Richmond,cafe,Au79,-37.8179956,144.9990814
Melbourne,cafe,Au79,-37.8259255,144.9596887
North Melbourne,cafe,Auction Rooms,-37.8024964,144.9495169
Frankston,cafe,Aum Shanti Vegetarian Cafe and Gallery,-38.1425914,145.1216691
Blackburn,cafe,Aunt Billie's Cafe,-37.8155012,145.1565221
Carlton,supermarket,Aunt Maggies,-37.806295,144.981009
Melbourne,cafe,Auntie Mai's,-37.8059088,144.9775888
Caulfield,gym,Australian Fitness Academy,-37.8861911,145.0188042
Carlton North,gym,Australian Strength Performance,-37.7761724,144.9716363
Travancore,cafe,Autumn Leaves,-37.7873047,144.9293963
Parkville,cafe,Avist Cafe,-37.7983103,144.9528089
Avondale Heights,library,Avondale Heights Library and Learning Centre,-37.765519,144.8630511
Melbourne,cafe,Awa French Crêperie,-37.8021756,144.9779401
Carlton,cafe,Axil Coffee Roasters,-37.7961211,144.9585747
Melbourne,cafe,Axil Coffee Roasters,-37.8150764,144.9714768
Hawthorn East,cafe,AXIL COFFEE ROASTERS,-37.8204735,145.0355801
Melbourne Airport,cafe,Axil,-37.6703086,144.8485062
Melbourne,cafe,Axil,-37.8094469,144.97076
Melbourne,cafe,Axil,-37.8106553,144.9617596
Hawthorn,cafe,Axil,-37.822773,145.0342508
Docklands,cafe,B Club Cafe,-37.8147622,144.9402819
St Kilda,cafe,Babble on Babylon,-37.8729891,144.9897735
Dandenong,supermarket,Babylon Groceries,-37.9826702,145.2029035
Maddingley,gym,Bacchus Marsh Gym,-37.6844382,144.432366
Kingsbury,cafe,Bachelor of Coffee,-37.7209903,145.0486712
Melbourne,cafe,Baci,-37.8226426,144.9585822
Hawthorn East,cafe,Bacio Dolce,-37.8216019,145.0354096
Gardenvale,cafe,Back 2 Nature,-37.905704,145.0052138
Ripponlea,cafe,Bagelicious,-37.8853201,145.0043781
Brunswick East,cafe,Bagels & Co,-37.7624758,144.9627688
Pascoe Vale South,cafe,Bagels Baby,-37.7321861,144.9459883
Melbourne,cafe,Baguette,-37.818329,144.967288
Carlton,library,Baillieu Library,-37.7983678,144.9593474
Hughesdale,cafe,Bakaliko,-37.900198,145.0894976
Heatherton,supermarket,Bakaloumas Fresh Fruit & Vegetable Market,-37.9608754,145.1027624
Hillside,cafe,Baked since 95,-37.6863141,144.7387509
Mooroolbark,cafe,Bakehouse Boss,-37.7849786,145.3140202
Bentleigh East,cafe,Bakers Delicious,-37.9207258,145.0575945
Glen Iris,cafe,Bakery Café,-37.8601469,145.0579507
Richmond,cafe,Bakes & Bagels,-37.8260307,144.995437
Thornbury,gym,Balance Yoga,-37.755487,144.99372
South Melbourne,cafe,Balderdash,-37.8368823,144.9435575
Oakleigh South,cafe,Balila Lebanese Cuisine and Cafe,-37.9101967,145.1034839
Surrey Hills,cafe,Balwyn Espresso,-37.8129796,145.0837066
Surrey Hills,library,Balwyn Library,-37.8136405,145.085512
Balwyn North,supermarket,Balwyn North Asian Supermarket,-37.7930241,145.0721899
Surrey Hills,gym,Balwyn Yoga Centre,-37.8149841,145.0980338
Malvern East,cafe,Bamboo Bean,-37.8770238,145.0586003
Dandenong,supermarket,Bamyan,-37.9865301,145.21229
St Kilda,cafe,Banff Café,-37.8593259,144.9784517
Ascot Vale,cafe,Bang On Bagels,-37.7700119,144.9167149
Melbourne,cafe,Bar Scopa,-37.802929,144.9602863
Melbourne,cafe,Barbarella,-37.8155596,144.9644134
Carlton North,library,"Bargoonga Nganjin, North Fitzroy Library",-37.7847456,144.9828628
Mooroolbark,cafe,Bark 'n Beans,-37.7853463,145.3114933
Blackburn South,cafe,Barkery Cafe - RSPCA,-37.8516652,145.1341905
Heidelberg,cafe,Barklys,-37.7562156,145.0674337
Melbourne,gym,Barrebody,-37.802211,144.977498
Hawthorn East,cafe,Barrel & Roast,-37.827573,145.0581505
Fitzroy North,cafe,Barry,-37.7801923,144.9966978
South Geelong,library,Barwon Health Library,-38.1529641,144.3627198
Melbourne,cafe,Basement Espresso,-37.8087663,144.9779671
Brunswick,supermarket,Basfoods Direct,-37.7657045,144.9537329
Oakleigh East,cafe,Basil & Macrina,-37.8982503,145.1150722
St Kilda,cafe,Batch Espresso,-37.8688069,144.9953459
Broadmeadows,cafe,Batter Bros Creperie (Broadmeadows),-37.6795125,144.9246366
Nunawading,cafe,Battle Cafe,-37.8077496,145.1638026
Gardenvale,cafe,Bay Street Grill and Paste,-37.9055982,145.0020488
Williamstown North,gym,Bayfit Leisure Centre,-37.8400742,144.8558253
Cheltenham,gym,Bayside Yoga,-37.9722622,145.0504162
Bayswater,supermarket,Bayswater Fresh,-37.8428677,145.267082
Bayswater,library,Bayswater Library,-37.8427741,145.2669828
Briar Hill,gym,BdyX,-37.7171865,145.1208807
Richmond,cafe,Be The Duck,-37.8163899,145.0090352
Footscray,cafe,Be.K,-37.7846616,144.8922383
Seaford,cafe,Beach Cafe Seaford,-38.1034136,145.1248576
Brighton,cafe,Beach House Brighton,-37.9174011,144.9866672
Frankston,cafe,Beach Street Cafe,-38.1427045,145.1307519
St Kilda,cafe,Beachcomber,-37.8651197,144.9715162
Drumcondra,cafe,Bean & Base,-38.1235564,144.3531081
Thomastown,cafe,Bean and Gone,-37.6950321,145.0105644
Fitzroy,cafe,Bean Around Bakery-Café,-37.7881146,144.9913458
Fairfield,cafe,Bean Counter Cafe,-37.7795803,145.0167123
Ringwood,cafe,Bean in the Woods,-37.8157778,145.2224241
Sunshine North,cafe,Bean Lab,-37.7779783,144.8507463
Lilydale,cafe,Bean Seen Cafe,-37.7577454,145.3492833
South Melbourne,cafe,Bean Seen There,-37.832072,144.969731
Drumcondra,cafe,"Bean Squeeze, Drive through coffee",-38.1446897,144.3572544
North Geelong,cafe,Bean Squeeze,-38.1007411,144.354285
North Geelong,cafe,Bean Squeeze,-38.1072547,144.3444528
Hamlyn Heights,cafe,Bean Squeeze,-38.1159146,144.3307927
Manifold Heights,cafe,Bean Squeeze,-38.1446749,144.3353538
South Geelong,cafe,Bean Squeeze,-38.1624695,144.3533942
Newcomb,cafe,Bean Squeeze,-38.1625283,144.4059096
Newcomb,cafe,Bean Squeeze,-38.1723167,144.3970036
Belmont,cafe,Bean Squeeze,-38.1843012,144.3540828
Grovedale,cafe,Bean Squeeze,-38.1880197,144.3285967
Grovedale,cafe,Bean Squeeze,-38.1972065,144.3417323
Waurn Ponds,cafe,Bean Squeeze,-38.201898,144.3116237
Parkville,cafe,Bean Stalker,-37.7823384,144.9519725
Kew East,cafe,Bean Thief,-37.7962694,145.0572456
Coburg,cafe,Beans & Sweets,-37.7303478,144.9718282
Rowville,cafe,Beans In A Row,-37.9142852,145.2345678
Travancore,cafe,Beans On Pratt,-37.7677567,144.9220249
Melbourne,cafe,Bearded Brothers Coffee,-37.8152487,144.9632551
Beaumaris,library,Beaumaris Community Centre,-37.9824994,145.0340716
Richmond,cafe,Beauty and the Beats,-37.8247166,145.0117189
Fairfield,cafe,Becca Foodstore,-37.775467,145.0259122
Cheltenham,cafe,Bee Keen,-37.95855,145.0518672
Box Hill North,cafe,Beekeen,-37.8196977,145.1206615
Carlton,cafe,Beeter Swit,-37.795159,144.9791681
Bellfield,cafe,Belchif Snack Bar,-37.748861,145.029842
Mornington,cafe,Beleura Hill Café,-38.2203536,145.052605
Mornington,supermarket,Beleura Hill Shop,-38.2203185,145.0526141
Belgrave,library,Belgrave Library,-37.9089645,145.3525093
Port Melbourne,cafe,Bella Cosi,-37.841865,144.9360718
Fraser Rise,cafe,Bella Vista Café,-37.7122116,144.7261383
Cairnlea,cafe,Bellamy,-37.7445881,144.801151
Carlton North,cafe,Bellboy Cafe,-37.7722836,144.9791799
Melbourne,cafe,Bellboy,-37.806457,144.9585856
Belgrave,cafe,Belliful of Bliss,-37.9089005,145.3567666
Burwood,cafe,Bells and Whistles Cafe,-37.8546239,145.1083547
Belmont,supermarket,Belmont Convienience,-38.17507,144.3430434
Belmont,library,Belmont Library,-38.1748808,144.3437488
South Yarra,cafe,Beluga,-37.8451369,144.9795493
Deepdene,cafe,Ben,-37.8009941,145.0626566
South Yarra,cafe,BENCH COFFEE CO. St Kilda Rd,-37.8489056,144.9793697
Richmond,cafe,Bendigo Street Milk Bar,-37.8247533,145.012155
Belgrave,cafe,Benson's Cafe and Restaurant,-37.9085561,145.3551653
McKinnon,library,Bentleigh Library,-37.9195196,145.040771
McKinnon,supermarket,Bentleigh Supermarket,-37.917629,145.0342877
Melbourne,cafe,Bentwood,-37.8006268,144.9801978
Avondale Heights,gym,Berard Judo Academy,-37.7549343,144.8578032
Aspendale,gym,Berri Fitness Centre,-38.0354081,145.1062711
Brunswick,cafe,Bertoncello Coffee Roasters,-37.76639,144.9618478
Berwick,library,Berwick Library,-38.0308223,145.3453188
Belmont,supermarket,Best Indian Grocery Store,-38.1728164,144.3455685
Sunshine,supermarket,Bestow,-37.7824013,144.8335996
Dandenong,supermarket,Bestway Supermarket,-37.9883953,145.2148283
Camberwell,cafe,Between Us,-37.8245936,145.0820764
Melbourne,cafe,Betwixt Cafe & Bar,-37.825612,144.9669081
Travancore,gym,Beyond Rest Moonee Ponds,-37.7679583,144.9261346
Brunswick East,gym,Beyond the Zone,-37.7605064,144.963407
Seaholme,cafe,Bezirk,-37.8706746,144.8380499
Altona North,gym,BFT,-37.8430755,144.8424231
Keysborough,library,Bhai Vir Singh Library,-38.015318,145.1752656
West Footscray,supermarket,Bharat Traders,-37.7972367,144.877092
Northcote,cafe,Bicycle Thieves,-37.7668565,144.9990461
West Footscray,gym,Big 5 Fitness,-37.8121779,144.8795253
Preston,supermarket,Big 8 Asian Foods,-37.7390419,145.0036757
Altona,cafe,Birdcage,-37.8643764,144.8139628
Scoresby,cafe,Birdie Cup Eatery,-37.8937278,145.2206252
Carlton,cafe,Birdman Eating,-37.8064272,144.9825263
Ripponlea,cafe,Bissel B.,-37.8845968,145.0023446
South Melbourne,cafe,BITO Beans Bourke,-37.8186934,144.9445761
Docklands,cafe,BITO,-37.814192,144.9450348
St Albans,cafe,Bitola Inter Cafe,-37.7440333,144.7967628
Bellfield,supermarket,Bivihome,-37.7662487,145.0299719
Greensborough,cafe,BLaC Caff,-37.68801,145.1083358
Melbourne,cafe,Black Cat,-37.799889,144.978373
South Geelong,cafe,Black Cup Cafe,-38.1562423,144.3710837
Richmond,cafe,Black Gold,-37.8232072,144.9938877
Port Melbourne,cafe,Black Jack Cafe & Kitchen,-37.8255037,144.9217177
Pascoe Vale,cafe,Black Penguin Cafe,-37.7261169,144.9505285
Black Rock,supermarket,Black Rock Grocer,-37.9748874,145.0161043
Sandringham,cafe,Black Squirrel Cafe,-37.9519086,145.0045512
Doncaster East,cafe,Black Stag Cafe,-37.7918942,145.1705588
Melbourne,cafe,Black Velvet Coffee,-37.8125576,144.9709906
Hurstbridge,cafe,Black Vice,-37.637212,145.1966155
Mornington,cafe,BlackBird Cafe,-38.2193164,145.0377998
Blackburn,library,Blackburn Library,-37.8206692,145.1532221
Croydon,cafe,Blackwork,-37.7963072,145.2822679
Melbourne,cafe,Blahnik,-37.8155805,144.9631346
Glen Iris,cafe,Blakes Feast,-37.8592045,145.0606696
Newtown,cafe,Blank Space,-38.1573815,144.345029
Melbourne,cafe,Blaq,-37.8112731,144.9587623
South Melbourne,cafe,Blended Beard,-37.8195432,144.9441992
Chelsea,cafe,Blended Cafe,-38.0546598,145.1168673
Carlton,cafe,Blonde Food and Drink,-37.7937584,144.9790683
Hawthorn East,cafe,Blood Orange Cafe,-37.8237172,145.0461267
Melbourne,cafe,Bloomwood,-37.8125537,144.9704851
Ringwood,cafe,BLT Cafe,-37.8244572,145.2201324
Melbourne,cafe,Blu Point,-37.808112,144.966208
Park Orchards,cafe,Blue Dog Café,-37.7791422,145.2170398
Upper Ferntree Gully,cafe,Blue Mountain Cafe,-37.8942649,145.3085456
Fitzroy,cafe,Bluebird Espresso,-37.7993857,144.9895163
Melbourne,cafe,Bluestones Cafe,-37.815373,144.9585863
Fitzroy,cafe,Blume Coffee Roasters,-37.8017342,144.9932786
Dandenong,cafe,BMNC,-37.9888203,145.2100056
Doncaster East,cafe,Bob's Your Uncle,-37.7888941,145.1499401
Heidelberg,cafe,Boba Central,-37.7575668,145.0616077
Geelong,cafe,Boba Central,-38.1492758,144.3608939
Melbourne,cafe,Bobby's,-37.8101356,144.9706829
Deepdene,supermarket,Boccaccio SUPA IGA,-37.8015537,145.0626975
Carlton North,gym,Bodhi & Ride,-37.7738483,144.9625725
Fairfield,gym,Body Centre Pilates,-37.7788003,145.0171517
Mornington,gym,Body Fit Training Mornington,-38.2221944,145.0406321
Rowville,gym,Body Fit Training Rowville,-37.9107487,145.2446733
Heidelberg,gym,Body Fit Training,-37.7565781,145.0683435
Brunswick,gym,Body Fit Training,-37.7658563,144.9624913
Carlton,gym,Body Fit Training,-37.7939105,144.9790529
Yarraville,gym,Body Fit Training,-37.8280915,144.8869416
Drumcondra,gym,Body Fit Training,-38.1437867,144.3523928
Coburg,gym,Body Fit,-37.7329115,144.9549718
Footscray,gym,Body Rok,-37.7850788,144.8916384
Coburg,gym,Body Wellness Centre,-37.7324146,144.9497225
Reservoir,gym,Bodyfit Training,-37.7159761,145.0041474
Cranbourne,gym,Bodyworks Fitness,-38.0984913,145.2840618
Deepdene,cafe,Bohemia,-37.825298,145.080796
Richmond,cafe,Bohème,-37.8192765,145.0035893
Essendon Fields,cafe,Bola Bake,-37.7244396,144.8890619
Docklands,cafe,Bolte Cafe and Kebab,-37.8221176,144.9309913
Kingsville,cafe,Boma Coffee,-37.8171639,144.8944731
Fitzroy,cafe,Bomb Cafe,-37.8000341,144.9938076
Clayton South,cafe,Bombay Juice Bar,-37.9245911,145.1196426
Highton,cafe,Bon Appetit Highton,-38.1719862,144.3246123
Springvale,cafe,Bonsaiarium,-37.9464589,145.1535918
Fawkner,cafe,Bonwick Street Bakery & Cafe,-37.7022195,144.965373
Kingsbury,library,Book return chutes,-37.7204127,145.0480935
Melbourne,cafe,Books n Bites Cafe,-37.8017523,144.9583162
Bentleigh East,cafe,Boosa,-37.9212204,145.0579527
Mill Park,cafe,Boost Juice,-37.6513432,145.0721356
Taylors Lakes,cafe,Boost Juice,-37.6990392,144.7760479
Burnside Heights,cafe,Boost Juice,-37.7312794,144.7431882
Bellfield,cafe,Boost Juice,-37.7397187,145.0314101
Albanvale,cafe,Boost Juice,-37.750732,144.7759355
Carlton North,cafe,Boost Juice,-37.7756809,144.9620738
Melbourne,cafe,Boost Juice,-37.8102056,144.9634832
Ringwood,cafe,Boost Juice,-37.8124089,145.2295315
Melbourne,cafe,Boost Juice,-37.8189151,144.9536169
Box Hill North,cafe,Boost Juice,-37.8198026,145.1214061
Hawthorn East,cafe,Boost Juice,-37.8201936,145.0359639
South Melbourne,cafe,Boost Juice,-37.837463,144.943575
St Kilda,cafe,Boost Juice,-37.8615267,144.9748186
Caulfield East,cafe,Boost Juice,-37.877569,145.0444184
Hughesdale,cafe,Boost Juice,-37.8850347,145.0837263
Notting Hill,cafe,Boost Juice,-37.911517,145.1331962
Rowville,cafe,Boost Juice,-37.9205367,145.2369699
Geelong,cafe,Boost Juice,-38.14657,144.3626878
Parkville,cafe,Boost,-37.7943549,144.9499153
Seaford,cafe,Booster Cafe,-38.1148587,145.1407574
Kingsbury,library,Borchardt Library,-37.7199848,145.048417
Travancore,cafe,Borghetti,-37.7949808,144.9336384
Boronia,library,Boronia Library,-37.863828,145.2845248
Carlton,cafe,Bossa Nova,-37.7971894,144.969434
Oakleigh East,cafe,Botaniko,-37.9001047,145.0909395
Bayswater North,cafe,Boulevard Cafe,-37.8406773,145.2823792
Thornbury,cafe,Boundary Espresso,-37.7482617,145.0042156
Maribyrnong,supermarket,Boundy's Supa IGA,-37.754983,144.8971477
Melbourne,cafe,Bowery to Williamsburg,-37.8161924,144.9701951
Elsternwick,cafe,Bowl Me Over,-37.8960853,144.9948771
Box Hill North,supermarket,Box Hill Asian Grocery Centre,-37.8201884,145.1235561
Box Hill North,library,Box Hill Library,-37.819169,145.1277636
Drumcondra,cafe,Box Office,-38.1400683,144.3489936
South Yarra,cafe,Boy,-37.8447421,144.994399
South Yarra,library,Braille and Talking Book Library,-37.8457543,144.9874866
Melbourne Airport,cafe,Brasserie Bread,-37.6726,144.8484104
Fairfield,cafe,Brazen Brownies and Dessert Bar,-37.7766626,145.0187082
South Melbourne,cafe,Brazil Lifestyle Coffee,-37.8310149,144.9570871
Ferntree Gully,cafe,Break 40,-37.8842583,145.2745369
Coburg North,cafe,Break on Bakers,-37.7270097,144.9590398
Fitzroy,cafe,Breakfast Thieves,-37.79636,144.983649
Hughesdale,cafe,Brew Bar,-37.8951395,145.0765394
Burnside Heights,cafe,Brew Brothers,-37.7326778,144.7415137
Belgrave Heights,cafe,Brew Time Cafe,-37.9300766,145.3592697
Carlton North,cafe,Brew Zen Space,-37.7721038,144.9614142
Springvale,cafe,Brewed Tea,-37.9498587,145.1511854
Thornbury,cafe,Brewista Cafe,-37.7531524,145.0108164
Melbourne,cafe,Brick Lane,-37.8114882,144.9598089
Hurstbridge,cafe,Bridge 2 Eden Cafe,-37.6373855,145.1954173
Coburg,cafe,Bridges Cafe,-37.7425507,144.9681011
Diamond Creek,cafe,Bridies,-37.6744112,145.1579601
Brighton,cafe,Bright 'N' Fresh,-37.9147099,144.9950038
Gardenvale,library,Brighton Library,-37.9107305,144.9978032
Brighton,cafe,Brighton Schoolhouse,-37.9120422,144.9928294
Melbourne,cafe,Brightside,-37.8162882,144.9554509
Thornbury,cafe,Briki Cafe,-37.7558252,144.9980392
Albanvale,library,Brimbank Libraries Deer Park Branch,-37.7519442,144.77695
Taylors Lakes,library,Brimbank Library,-37.7001729,144.7742526
Newtown,cafe,Brioche,-38.1586179,144.3351093
Kew East,cafe,Briquettes Cafe,-37.7995015,145.0507874
Melbourne,cafe,Briscola Cafe,-37.8024198,144.9613454
Cranbourne,cafe,Bros Espresso Bar,-38.1105197,145.2835973
Melbourne,cafe,Brother Bubba Budan,-37.813458,144.962242
West Footscray,cafe,Brother Nancy,-37.7930338,144.8728987
Melbourne,cafe,Brother Thomas,-37.811331,144.956443
Preston,cafe,Brown Bear,-37.7430405,145.0030309
Melbourne,cafe,Brown Sugar,-37.8153063,144.9642999
Fitzroy,cafe,Brunches n Lunches,-37.7995311,144.988708
Travancore,cafe,Brunetti Classico,-37.7675036,144.9237655
Melbourne Airport,cafe,Brunetti,-37.6722216,144.8483706
Carlton North,cafe,Brunetti,-37.7754764,144.966403
Carlton,cafe,Brunetti,-37.7981549,144.9678859
Melbourne,cafe,Brunetti,-37.8166972,144.965816
Southbank,cafe,Brunos,-37.8178155,144.9491093
Carlton North,cafe,Brunswick Food Store,-37.774928,144.9636548
Carlton North,library,Brunswick Library,-37.7717646,144.9606654
Brunswick East,supermarket,Brunswick Supa IGA,-37.7630951,144.9632833
Princes Hill,library,Brunswick Yellow Book Fridge,-37.7673997,144.959734
Geelong,cafe,Bubble Bar,-38.1498306,144.3607663
Cairnlea,cafe,Bubble Cup,-37.7446531,144.8006703
Melbourne,cafe,Bubble Cup,-37.8106485,144.9658383
Chelsea,cafe,Bubbly Beans,-38.0529297,145.1159377
South Melbourne,cafe,Bulldozer Cafe,-37.8301586,144.9622614
Bulleen,library,Bulleen Library,-37.7653673,145.0915807
Melbourne,cafe,Bullrun,-37.8154491,144.9707961
Hamlyn Heights,cafe,Bumble Bee Eatery,-38.121798,144.3282923
Oakleigh East,cafe,Burgled,-37.9095909,145.1035261
South Melbourne,cafe,Burhan's Espresso Bar,-37.8319833,144.9559589
Burnley,library,Burnley Library Building (914),-37.8282039,145.0218068
Carlton,cafe,Burnside,-37.806186,144.98289
South Melbourne,cafe,Burnt Butter,-37.833871,144.9607878
Upwey,cafe,Burrinja,-37.91651,145.3345789
Docklands,cafe,Butcher Shop Cafe,-37.8080149,144.9456153
Narre Warren,cafe,Butlers Kitchen,-38.0224514,145.3121461
Carlton,gym,"By Design, Mind & Body",-37.7980493,144.9772092
Sunshine,supermarket,Bình Hưng,-37.7842255,144.8324614
Dandenong,supermarket,C.J. Spifes & Videos,-37.985262,145.2136749
Preston,library,C,-37.7428857,144.9973876
Hawthorn East,cafe,Cactea,-37.8223916,145.0355758
Bentleigh East,cafe,Cafe & Bar,-37.9211206,145.0572543
Richmond,cafe,Cafe 117,-37.8252086,144.994992
Scoresby,cafe,Cafe 1330,-37.8996713,145.2300111
Derrimut,cafe,Cafe 162,-37.8048462,144.7638345
Grovedale,cafe,Cafe 24/7,-38.1937715,144.3422769
Bentleigh East,cafe,Cafe 3165,-37.921081,145.0573288
South Melbourne,cafe,Cafe 410 at World of Style,-37.8294954,144.9556641
Tullamarine,cafe,Cafe 747,-37.7112126,144.8592544
South Yarra,cafe,Cafe Alfretti,-37.8461087,144.9843756
Melbourne,cafe,Cafe all' Angelo,-37.8137805,144.9613979
Melbourne,cafe,Cafe Andiamo,-37.8170187,144.9657481
Footscray,cafe,Cafe Asmara,-37.8000419,144.8997302
Springvale,cafe,Cafe Asmara,-37.9475439,145.1526621
Notting Hill,cafe,Cafe Axxess,-37.8981315,145.1337951
Burwood,cafe,Cafe Aya,-37.8461618,145.1132156
Werribee,cafe,Cafe B2B,-37.9016298,144.6603946
Deepdene,cafe,Cafe Bacino on Burke,-37.8015718,145.0621932
South Melbourne,cafe,Cafe Bambino,-37.8200506,144.9449768
Mordialloc,cafe,Cafe Bar,-38.0094225,145.0880273
Footscray,cafe,Cafe Barkly,-37.7992134,144.8937961
Manifold Heights,cafe,Cafe Bear & Scoobs,-38.1243933,144.3417558
South Geelong,cafe,Cafe Belle,-38.1538399,144.3748974
Ferntree Gully,cafe,Cafe Bianca,-37.8816205,145.2752277
Beaumaris,cafe,Cafe Bordeaux,-37.9792669,145.0532771
Manifold Heights,cafe,Cafe Botticelli,-38.1302252,144.3315971
Docklands,cafe,Cafe Bourgeois,-37.8132871,144.9410614
Ascot Vale,cafe,Cafe Boutique,-37.7863248,144.9003008
Melbourne,cafe,Cafe Box,-37.813,144.967947
Upper Ferntree Gully,cafe,Cafe Brew'd,-37.8938563,145.3105345
Footscray,cafe,Cafe Bulldog,-37.8002151,144.8997944
West Footscray,cafe,Cafe Centro,-37.7953863,144.8619664
Cranbourne West,cafe,Cafe Cibo Bar,-38.1157359,145.2404481
Doncaster East,cafe,Cafe Clarinna's,-37.788853,145.1494173
Melbourne,cafe,Cafe Commercio,-37.8014283,144.9587685
Brooklyn,cafe,Cafe Cubin,-37.8300366,144.8395605
Melbourne,cafe,Cafe del Corso,-37.817778,144.96272
Scoresby,cafe,Cafe Dinicious,-37.8982041,145.2307579
South Yarra,cafe,Cafe Domain,-37.8341838,144.9818456
Oakleigh East,cafe,Cafe Du Coin,-37.9005958,145.1044402
Melbourne,cafe,Cafe Ecco,-37.808354,144.973813
Eltham North,cafe,Cafe Eden,-37.700683,145.1540857
Ringwood East,cafe,Cafe Emjay,-37.8124989,145.2496647
Nunawading,cafe,Cafe Espresso,-37.8200079,145.1753893
Melbourne,cafe,Cafe Euro,-37.8152176,144.9590837
South Yarra,cafe,Cafe Gaia,-37.8382426,144.9892938
Cheltenham,cafe,Cafe Galiano,-37.9585643,145.055035
East Geelong,cafe,Cafe GO,-38.1498691,144.365465
Hawthorn East,cafe,Cafe Gomez,-37.8211329,145.0381312
Hallam,cafe,Cafe Hallam,-38.0184577,145.2702808
Hallam,cafe,Cafe Hallam,-38.0185378,145.2704072
Cheltenham,cafe,Cafe In D'Imand,-37.9657794,145.0557548
Dandenong South,cafe,Cafe Innovation,-38.0407202,145.2192056
Blackburn North,cafe,Cafe Kevin,-37.7906225,145.1421431
Melbourne,cafe,Cafe Kinetic,-37.8153921,144.9709267
Melbourne,cafe,Cafe Krema,-37.8054607,144.9633604
Richmond,cafe,Cafe Krifi,-37.8132903,145.011867
Melbourne,cafe,Cafe L'Incontro,-37.8142862,144.9663757
Footscray,cafe,Cafe Lalibella,-37.8021827,144.8980455
Melbourne,cafe,Cafe Lansdowne,-37.8090467,144.9781972
Dandenong,cafe,Cafe Leads,-37.9849029,145.2121776
Epping,cafe,Cafe lelunar,-37.6530637,145.0210818
Preston,cafe,Cafe Lucchini,-37.739281,145.0039561
Bundoora,cafe,Cafe Lucio,-37.6971364,145.0584442
St Kilda,cafe,Cafe Luna,-37.8676308,144.9766616
Doncaster,cafe,Cafe Macchiato,-37.7723587,145.1122379
Murrumbeena,cafe,Cafe Metro,-37.886239,145.0579858
Kingsbury,cafe,Cafe Moat,-37.7229504,145.0498061
Caulfield East,cafe,Cafe Monsu,-37.8770928,145.0435258
Glen Waverley,cafe,Cafe Moretti,-37.8817158,145.1630272
Notting Hill,cafe,Cafe Nesso,-37.9138418,145.1328837
Carlton North,cafe,Cafe No. 8,-37.778867,144.9708297
Cairnlea,cafe,Cafe Oliveto,-37.7575454,144.7903701
Hughesdale,cafe,Cafe Omnia,-37.8900237,145.0681408
Mount Eliza,cafe,Cafe on the Corner,-38.1839741,145.0885566
Croydon South,cafe,Cafe ONE 88,-37.8184212,145.2688012
Chelsea,cafe,Cafe Opera,-38.053243,145.1160529
Fairfield,cafe,Cafe Pantheon,-37.7780476,145.0181099
Surrey Hills,cafe,Cafe Papillon,-37.8355851,145.0934847
Hawthorn East,cafe,Cafe Paradiso,-37.8305425,145.0560827
Springvale,cafe,Cafe Phố,-37.9504575,145.1517421
Carlton,cafe,Cafe Piccolina,-37.795398,144.955647
Chelsea,cafe,Cafe Providore,-38.0546708,145.1165231
Carlton,cafe,Cafe Rosamond,-37.8034776,144.9832625
Southbank,cafe,Cafe Rosco,-37.83632,144.976226
South Yarra,cafe,Cafe Safi,-37.8433452,144.9776768
Box Hill North,cafe,Cafe Saporo,-37.8177264,145.1160031
South Melbourne,cafe,Cafe Scene,-37.8352632,144.9705418
Heidelberg,cafe,Cafe Scintilla,-37.7563275,145.0657401
Clayton South,cafe,Cafe Simply Tea,-37.9253335,145.1192299
Ringwood,cafe,Cafe Soho,-37.8213884,145.2271569
Carlton,cafe,Cafe Sua Da,-37.796776,144.965388
Springvale,cafe,Cafe Takeaway,-37.9581014,145.1640353
Derrimut,cafe,Cafe thyme out s,-37.808997,144.7823606
Melbourne,cafe,Cafe Tomi,-37.8007333,144.953381
Melbourne,cafe,Cafe Tre Sette,-37.8032576,144.9617931
Blackburn,cafe,Cafe Vanilli,-37.8189807,145.1544497
Richmond,cafe,Cafe Venziano,-37.8167347,145.0132591
Mount Waverley,cafe,Cafe Vermeer,-37.8757886,145.1275886
Melbourne,cafe,Cafe Victoria,-37.8068124,144.9594638
Eltham,cafe,Cafe Zen Den,-37.7218596,145.1458995
Moonee Ponds,cafe,Cafe,-37.7548528,144.9180207
Brunswick East,cafe,Cafe,-37.7655418,144.9832825
Notting Hill,cafe,Cafelito,-37.9136303,145.132763
Melbourne,cafe,Cafenatics,-37.8113734,144.9572301
Melbourne,cafe,Cafenatics,-37.8141709,144.9676132
Melbourne,cafe,Cafenatics,-37.8148695,144.9586348
Melbourne,cafe,Cafenatics,-37.817513,144.957576
South Melbourne,cafe,Cafenatics,-37.819662,144.9449607
Melbourne,cafe,Cafenatics,-37.821834,144.962369
Docklands,cafe,Cafenetics,-37.8141621,144.9470999
Fitzroy,cafe,Caffe Chiera,-37.8067338,144.9891349
McKinnon,cafe,Caffe Crema,-37.9253736,145.0345257
Burnside Heights,cafe,Caffe Di Famiglia,-37.7233948,144.7517187
South Melbourne,cafe,Caffe Di Lido,-37.8450082,144.9420751
Keilor,cafe,Caffe Dolce,-37.7192022,144.835238
Melbourne,cafe,Caffe E Torta,-37.814983,144.9642234
Melbourne,cafe,Caffe Mediterraneum,-37.815206,144.966164
South Melbourne,cafe,Caffe Panette,-37.8328055,144.9574554
Balwyn North,cafe,Caffe Romeo,-37.7908047,145.0954068
Preston,cafe,Caffe Rustico,-37.7405306,145.0040599
Ringwood,cafe,Caffe Stazione,-37.8148748,145.2290281
Kingsbury,cafe,Caffeine,-37.72099,145.048502
Burwood,cafe,Caffeine,-37.8462081,145.1135666
Bentleigh East,cafe,Caffetteria 295,-37.9359593,145.061237
Melbourne,cafe,Caffettino,-37.80547,144.975633
Greensborough,cafe,Caffiend,-37.6877188,145.1080104
Clayton South,cafe,Caffè Corso,-37.9256152,145.119938
South Melbourne,cafe,Caffé ESC,-37.8216918,144.9462505
Burwood East,cafe,Café 1809,-37.8655163,145.1572964
Preston,cafe,Café Baréa,-37.7321277,145.0048728
Melbourne,cafe,Café Bisqui,-37.816372,144.970547
Southbank,cafe,Café Cavallino,-37.8184335,144.95028
Clayton,cafe,Café Cinque Lire,-37.9103098,145.1294505
South Melbourne,cafe,Café Cova,-37.8318442,144.9652974
Melbourne,cafe,Café Excello,-37.812532,144.973293
Melbourne,cafe,Café Godot,-37.8254083,144.9662497
South Yarra,cafe,Café Luca,-37.838791,144.989225
Melbourne,cafe,Café Orr,-37.8250565,144.9512029
Melbourne,cafe,Café Perri,-37.8041863,144.9581121
Highett,cafe,Café Ruche,-37.954996,145.0326612
Huntingdale,cafe,Café Soho,-37.9112762,145.1228626
St Albans,cafe,Café U&I,-37.743602,144.8003258
Malvern,cafe,Café Violina,-37.853301,145.041678
Southbank,cafe,Café Vue,-37.835803,144.975821
Belgrave Heights,cafe,Café,-37.9266383,145.3499653
Geelong West,cafe,Cake Cult,-38.1480751,144.3598938
Preston,cafe,Calavera Cafe,-37.7388532,145.0021592
Taylors Lakes,cafe,Calavera,-37.6990844,144.7783786
Maribyrnong,cafe,Calmer Cafe,-37.7549094,144.8963963
Sunshine West,supermarket,Cam Ngoc Asian Grocery,-37.7985575,144.8172299
Hawthorn East,library,Camberwell Library,-37.834344,145.0588862
Fitzroy,cafe,Cambridge Cafe,-37.8071265,144.9849617
Brunswick West,library,Campbell Turnbull Library,-37.754305,144.9459513
Campbellfield,supermarket,Campbellfield Welcome Mart,-37.6754564,144.9647311
Carlton,cafe,Campos,-37.7971996,144.9697182
Melbourne,cafe,Campus Canteen,-37.8005194,144.9620134
South Kingsville,cafe,Candied Bakery,-37.8346993,144.8853758
Lalor,cafe,Candoo Confectionary,-37.6736329,145.0160603
Glen Iris,cafe,Cannoli & Co,-37.8655751,145.0502852
Avondale Heights,cafe,Cannoli Bar,-37.7557276,144.8658708
Hamlyn Heights,cafe,Canteen 3215,-38.1213821,144.328404
South Melbourne,cafe,Canteen,-37.8327035,144.9560688
Nunawading,supermarket,Canton Asian Grocery,-37.8200628,145.1753213
Docklands,cafe,Capri,-37.8140397,144.9428674
Port Melbourne,cafe,Caps Cafe,-37.8397691,144.9154689
Carlton North,cafe,Capulus & Co,-37.7774093,144.9599209
Ringwood East,cafe,Car City Cafe,-37.801046,145.2485038
Cheltenham,cafe,Car Wash Cafe,-37.9671078,145.0582753
Melbourne,cafe,Caravan Coffee,-37.809679,144.9753275
Taylors Lakes,cafe,Carbone's Cafe,-37.7023517,144.7999365
Fairfield,supermarket,Cardamones Food and Wine,-37.7765628,145.0187591
Carlton North,gym,Carlton Fitness,-37.7839711,144.9772124
Carlton,library,Carlton Library,-37.7894553,144.9715865
Carlton,supermarket,Carlton Supermarket,-37.7926419,144.9692514
Middle Park,library,Carmelite Library,-37.8488079,144.9595736
Murrumbeena,library,Carnegie Library,-37.8877736,145.0581604
Carlton North,cafe,Carolina,-37.7794735,144.9780372
Burnside Heights,library,Caroline Springs Library,-37.7332875,144.7402989
Hadfield,cafe,Carson,-37.7250036,144.9394127
Carlton,cafe,Carte Crêpes,-37.799143,144.96036
Melbourne,cafe,Cartel Coffee Roasters Melbourne,-37.8138569,144.9624151
Geelong West,cafe,Cartel Roasters,-38.1480262,144.3589832
Carlton,supermarket,Casa Iberica,-37.7979262,144.9759075
Highett,cafe,Casa Mia,-37.9565821,145.0435296
Thornbury,cafe,Casa Nata,-37.7525393,145.0017602
Cranbourne,supermarket,Casey Asian Mart,-38.1103105,145.2830502
Cranbourne West,supermarket,Casey Supermarket & Butcher,-38.1028395,145.2656435
Carlton,cafe,Castro's Kiosk,-37.7971552,144.9634807
Wantirna South,cafe,Catalina,-37.8821086,145.2336017
Carlton North,cafe,Catalogue,-37.7776302,144.970984
Ormond,gym,Caulfield Judo Club,-37.8892258,145.0418062
Caulfield,library,Caulfield Library,-37.8806176,145.0227434
Fitzroy,cafe,Cavallini,-37.7880728,144.9914462
Croydon,library,CD,-37.8015875,145.286095
Footscray,cafe,Central Cafe,-37.792959,144.899093
Geelong,cafe,Central Nutrition,-38.1484902,144.3632755
Springvale,cafe,Centre Warehouse,-37.9311874,145.1432267
Moorabbin Airport,cafe,Cessna Espresso Cafe,-37.9728894,145.1087328
Croydon,cafe,CF,-37.8016916,145.2852527
Springvale,cafe,Chacha,-37.9497373,145.1515767
Melbourne,cafe,Chaf's Cafe,-37.8170742,144.9540347
Mentone,cafe,Chain of Fools,-37.9884233,145.0596192
Grovedale,supermarket,Champion's IGA,-38.2077503,144.3290327
Marshall,supermarket,Champions IGA Grovedale East,-38.1967461,144.347245
South Melbourne,cafe,Chapel Bakery Cafè,-37.8354456,144.9457409
South Yarra,gym,Chapel Street Physique,-37.846624,144.9940355
South Yarra,cafe,Chapelli's,-37.840504,144.995212
Hawthorn East,cafe,Chaplin's Office,-37.8232849,145.039529
Melbourne,cafe,Chapter House Coffee,-37.8164039,144.9679146
Heathmont,cafe,Chapter Too,-37.8277111,145.247265
Brunswick East,gym,Charge CrossFit,-37.7672309,144.985502
South Melbourne,cafe,Charlie Bit Me,-37.8207115,144.94503
Melbourne,cafe,Charlie's Tea,-37.8115911,144.9651811
Kingsbury,cafe,Charlie's,-37.7209897,145.0485938
Mill Park,cafe,Chatime,-37.6508698,145.069536
Melton West,cafe,Chatime,-37.6856888,144.5630608
Taylors Lakes,cafe,Chatime,-37.6990922,144.7758829
Burnside Heights,cafe,Chatime,-37.7324237,144.7429128
Albanvale,cafe,Chatime,-37.7510316,144.7761017
Carlton North,cafe,Chatime,-37.7757547,144.9608035
Melbourne,cafe,Chatime,-37.8102884,144.9629555
Melbourne,cafe,Chatime,-37.810687,144.9657626
Melbourne,cafe,Chatime,-37.8114774,144.9633943
Kingsville,cafe,Chatime,-37.8165455,144.8906586
Melbourne,cafe,Chatime,-37.8170806,144.9526939
Melbourne,cafe,Chatime,-37.8171907,144.9647877
Melbourne,cafe,Chatime,-37.8200236,144.9665542
Hawthorn East,cafe,Chatime,-37.8214105,145.0354307
Cheltenham,cafe,Chatime,-37.9581339,145.0535738
Geelong,cafe,Chatime,-38.1478636,144.3606877
Mornington,cafe,Chatime,-38.2189617,145.0397439
Werribee,cafe,Chatterbox Cafe,-37.9012943,144.6617562
Brunswick East,cafe,Chava's Espresso Bar,-37.7639175,144.972937
Clayton South,cafe,Chayō,-37.9259218,145.1192041
Carlton North,supermarket,Cheaper Buy Miles,-37.7749261,144.9606389
Travancore,supermarket,Cheaper Buy Miles,-37.7885031,144.9301449
Carlton,supermarket,Cheaper Buy Miles,-37.798272,144.9791079
Carlton North,gym,Cheeks Pilates,-37.7764692,144.9711349
Ringwood,cafe,Cheeky Challa,-37.8151736,145.2203021
Laverton,cafe,Cheeky Chewies Cafe,-37.8679343,144.7612226
Richmond,cafe,Cheeky Monkey,-37.8251051,144.9943803
Lilydale,cafe,Chef Staceys Sandwich Bar,-37.7503102,145.3491344
Chelsea,supermarket,Chelsea Heights IGA,-38.0451707,145.1362888
Edithvale,library,Chelsea Library,-38.0510281,145.1167117
Cheltenham,library,Cheltenham Library,-37.9679629,145.0567091
Melbourne,cafe,Cherry & Twigs Cafe,-37.82004,144.9557185
Laverton North,cafe,Cherry's Cafe,-37.8415638,144.7836762
Deer Park,cafe,Cherry’s Bake Shop & Cafe,-37.7700721,144.7718705
Bentleigh East,cafe,Chesterville Road Bakery,-37.935515,145.0613335
Oak Park,cafe,Chestnut Grove,-37.7177576,144.9219952
Ascot Vale,cafe,Chew Chew,-37.7663517,144.9191151
South Yarra,cafe,Chez Mademoiselle,-37.8490216,144.9909162
Hughesdale,cafe,Chez Maria,-37.8992542,145.0899317
Hughesdale,cafe,Chichi House Cafe,-37.8943796,145.0773818
Hampton East,cafe,Chilpa,-37.9486646,145.0425205
South Geelong,library,Chilwell Library,-38.1571197,144.3468046
Ringwood East,supermarket,Chinland Asian Grocery,-37.812436,145.2499075
Melbourne,cafe,Chintaroma,-37.8140649,144.9567012
Surrey Hills,cafe,Chit Chat,-37.823438,145.0979535
Sandringham,cafe,Chives Cafe,-37.9619038,145.0188465
Hawthorn East,cafe,Choclatte,-37.8283912,145.0567588
Wantirna South,cafe,Choco Bean Cafe,-37.8772049,145.2214525
Rowville,cafe,Choco Bean Cafe,-37.9280653,145.2525698
Rowville,cafe,Choco Bean,-37.913649,145.256972
Melbourne,cafe,Chocolate Arcade,-37.815099,144.965765
Clifton Hill,cafe,Chomp Cafe,-37.7999748,144.9998757
Brunswick,cafe,Chooka's,-37.7660655,144.9615291
Fawkner,cafe,Chorba,-37.7070798,144.9834379
Coburg,cafe,Chorba,-37.7432111,144.9658146
Ferntree Gully,cafe,Chosen Bean,-37.8839592,145.2769675
Carlton North,cafe,Choukette,-37.7703732,144.9617167
Oakleigh South,cafe,Chris's Take Away,-37.9308617,145.0974245
Somerville,cafe,Chrissy's Kitchen,-38.2214671,145.1766089
South Melbourne,library,Christian Science Reading Room,-37.830484,144.97086
Noble Park,cafe,Christie's,-37.966828,145.1745492
Aspendale Gardens,cafe,Chubby Buddies,-38.0371997,145.1074306
Notting Hill,cafe,Church of Secular Coffee,-37.9114985,145.1343235
Surrey Hills,cafe,Churchill Cafe,-37.820118,145.1050961
Melbourne,cafe,Churros Juan Cafe,-37.8070993,144.9603311
Melbourne,cafe,Chè Vietnamese Desserts,-37.8126,144.9617564
Fitzroy,cafe,Cibi Cafe (Dine In),-37.7970912,144.9858952
South Melbourne,cafe,Ciel,-37.8293898,144.955495
South Yarra,cafe,Cinque 5,-37.8391499,144.9938105
Carlton North,cafe,Citrus,-37.7832134,144.9841088
Melbourne,library,City Library,-37.8169458,144.9659025
Thornbury,cafe,CJ Cafe,-37.7468737,145.005165
Malvern East,cafe,Clancy's Bakehouse,-37.8773135,145.0572341
South Yarra,supermarket,Claremont Supermarket,-37.8383107,144.9935719
Clarinda,library,Clarinda Library,-37.9402769,145.1022687
Melbourne,cafe,Class Ramen,-37.811257,144.9674504
Briar Hill,cafe,Clay Oven,-37.6980419,145.116462
Reservoir,cafe,Clayton & Me,-37.7160964,145.0057549
Clayton South,cafe,Clayton food Hut,-37.9307892,145.1356949
Melbourne,cafe,Cleaver & Quill Cafe,-37.8014271,144.9775045
Fitzroy,gym,Clifton Hill Pilates & Rehab,-37.7895239,144.9895559
Fitzroy,gym,Clifton Hill Yoga Studio,-37.7892468,144.9902274
Fitzroy,cafe,Cliftons Cafe,-37.7886755,144.9900011
Carlton North,cafe,Clinker,-37.7737765,144.961477
Brunswick East,cafe,Clove Cafe & Restaurant,-37.7640315,144.9729162
Richmond,cafe,Clover & Rye,-37.8194738,145.0050497
South Geelong,gym,Club Lime Belmont,-38.180411,144.3523614
Parkdale,gym,Club Lime Parkdale,-37.9965959,145.0843554
Scoresby,gym,Club Lime Scoresby,-37.8978607,145.2325129
Upwey,gym,Club Lime,-37.9054804,145.3325483
Melbourne,cafe,CM & Co,-37.8099978,144.970635
Melbourne,cafe,CM & Co,-37.817997,144.9622922
Travancore,cafe,Co Lab,-37.7901792,144.9356562
Melbourne,cafe,Coal River Farm,-37.8156404,144.9641473
Coburg,library,Coburg Library,-37.7433351,144.9653376
Coburg,supermarket,Coburg Pasal,-37.7415249,144.9650436
Coburg,library,Coburg Station Book Fridge,-37.7428521,144.9640796
Geelong,cafe,Cocco,-38.1499363,144.3612558
Footscray,cafe,CoCo Fresh Tea & Juice,-37.8000277,144.9008245
Melbourne,cafe,CoCo Fresh Tea & Juice,-37.8120734,144.9651916
Melbourne,cafe,CoCo Fresh Tea & Juice,-37.817757,144.965861
Box Hill North,cafe,CoCo Fresh Tea & Juice,-37.8197229,145.121309
St Kilda,cafe,CoCo Fresh Tea & Juice,-37.8599962,144.9779107
Springvale,cafe,CoCo Fresh Tea & Juice,-37.9504775,145.1518425
North Warrandyte,cafe,CoCoa Moon,-37.7378546,145.2193541
Kew,cafe,Cocoa,-37.8065992,145.0308892
Docklands,cafe,Cocobei,-37.8142896,144.9396203
Ripponlea,cafe,Cocorico Cafe,-37.8840983,145.0004741
Carlton North,cafe,Code 21,-37.7786686,144.9761618
Wheelers Hill,cafe,Code 5,-37.9003032,145.1746514
Melbourne,cafe,Code Black Coffee,-37.8042375,144.9536691
Melbourne,cafe,Code Black Coffee,-37.8162463,144.9680692
Melbourne,cafe,Code Black Coffee,-37.8178741,144.9538677
Carlton North,cafe,Code Black,-37.7747117,144.9624457
Richmond,cafe,Coe & Coe,-37.8280749,144.9938608
Jacana,cafe,Coffebaby,-37.6983853,144.9096128
Upper Ferntree Gully,cafe,Coffee & Co,-37.8826525,145.2964632
Coburg,cafe,Coffee & Kitchen centre,-37.7432205,144.9659173
Fitzroy,cafe,Coffee + Office,-37.7965615,144.9848355
Springvale South,cafe,Coffee 575A,-37.9717948,145.148988
Cranbourne West,cafe,Coffee Bean Cafe,-38.107792,145.2510556
Belmont,cafe,Coffee by Design,-38.1741823,144.342508
Southbank,cafe,Coffee Cart,-37.8379375,144.97565
Carrum,cafe,Coffee Chain,-38.0890544,145.1284478
Meadow Heights,cafe,Coffee Escape,-37.6467178,144.9325558
Melbourne,cafe,Coffee Exchange,-37.8126026,144.9730264
South Melbourne,cafe,Coffee Gauge,-37.8199191,144.9440603
South Yarra,cafe,Coffee Geek Brewers,-37.8389948,144.9906419
Melbourne Airport,cafe,Coffee Grinder,-37.673224,144.8491689
Seaford,cafe,Coffee Home Cafe,-38.1038554,145.1261836
Melbourne,cafe,Coffee HQ,-37.818122,144.967206
Newcomb,cafe,Coffee Jet,-38.1728166,144.3985281
Melbourne,cafe,Coffee Minded,-37.8200449,144.9669606
Fitzroy,cafe,Coffee Peddlr,-37.8074085,144.9929792
Coburg,cafe,Coffee Rush,-37.7435849,144.9660513
Melbourne,cafe,Coffee Rush,-37.8153071,144.9522179
Sandringham,cafe,Coffee Shop At Raw,-37.9462405,145.0219972
Richmond,cafe,Coffee Supreme,-37.8091914,145.006807
Frankston,cafe,Coffee Time,-38.1328952,145.1248876
Hughesdale,cafe,Coffee to Go,-37.9003067,145.0880771
Hillside,cafe,Coffee Town,-37.6916477,144.7478589
Mornington,cafe,Coffee Traders,-38.2183572,145.0382173
Carlton,cafe,Coffee With Benefeats,-37.7990459,144.9669225
Berwick,cafe,Coffee/Asian food,-38.0403357,145.3406365
Caulfield,cafe,Coffeefield Café,-37.8825017,145.0167069
Williamstown North,cafe,Coffeeism,-37.8577669,144.8820796
Coburg,cafe,Coffico Coffee,-37.7300622,144.9505432
Belgrave,cafe,Cognoscenti,-37.9096599,145.3521804
Caulfield North,cafe,Coin Laundry Cafe,-37.8566673,145.018764
Princes Hill,cafe,Cold Brew Coffee Bar,-37.7688501,144.9624605
Kew East,supermarket,Coles Local,-37.7930208,145.0647489
Surrey Hills,supermarket,Coles Local,-37.8241567,145.0972292
Mickleham,supermarket,Coles,-37.5365138,144.9212675
Craigieburn,supermarket,Coles,-37.5923694,144.9150075
Mernda,supermarket,Coles,-37.6000034,145.0952382
South Morang,supermarket,Coles,-37.6296479,145.0794343
Meadow Heights,supermarket,Coles,-37.638387,144.9323564
Greenvale,supermarket,Coles,-37.639343,144.8825125
Mill Park,supermarket,Coles,-37.6508313,145.0687423
Lalor,supermarket,Coles,-37.6543378,145.0188275
Lalor,supermarket,Coles,-37.6730186,145.0169622
Diamond Creek,supermarket,Coles,-37.6735307,145.159387
Broadmeadows,supermarket,Coles,-37.679686,144.9186507
Watsonia North,supermarket,Coles,-37.682907,145.0704091
Melton West,supermarket,Coles,-37.6856825,144.5657612
Bundoora,supermarket,Coles,-37.6972847,145.0579698
Melton South,supermarket,Coles,-37.7017311,144.574255
Greensborough,supermarket,Coles,-37.70242,145.1028078
Oak Park,supermarket,Coles,-37.7052372,144.9167744
Oak Park,supermarket,Coles,-37.7052592,144.9167752
Taylors Hill,supermarket,Coles,-37.711603,144.7415653
Cobblebank,supermarket,Coles,-37.7140271,144.6022542
Reservoir,supermarket,Coles,-37.7145205,145.0073117
Tullamarine,supermarket,Coles,-37.7149789,144.88468
Eltham,supermarket,Coles,-37.7151557,145.1486437
Rockbank,supermarket,Coles,-37.7227961,144.6701494
Kingsbury,supermarket,Coles,-37.7254998,145.0281053
Essendon Fields,supermarket,Coles,-37.7272917,144.895358
Keilor Downs,supermarket,Coles,-37.7273876,144.8065418
Coburg,supermarket,Coles,-37.7315658,144.9503452
Burnside Heights,supermarket,Coles,-37.7323759,144.7425236
Bellfield,supermarket,Coles,-37.7391583,145.0282899
Coburg,supermarket,Coles,-37.742482,144.9658855
Strathmore,supermarket,Coles,-37.7437412,144.9106915
Albanvale,supermarket,Coles,-37.7518375,144.7756103
Heidelberg,supermarket,Coles,-37.7557097,145.0693397
Lilydale,supermarket,Coles,-37.7563965,145.3542278
Cairnlea,supermarket,Coles,-37.7587406,144.7901048
Burnside,supermarket,Coles,-37.7592178,144.7534185
Ascot Vale,supermarket,Coles,-37.7645234,144.9219203
Bulleen,supermarket,Coles,-37.7652693,145.0918512
Northcote,supermarket,Coles,-37.7673811,145.0017674
Avondale Heights,supermarket,Coles,-37.7674337,144.863378
Bellfield,supermarket,Coles,-37.7681531,145.0418563
Northcote,supermarket,Coles,-37.7691345,145.0013383
Croydon North,supermarket,Coles,-37.7710664,145.2940313
Carlton North,supermarket,Coles,-37.7721229,144.9784681
Parkville,supermarket,Coles,-37.7724084,144.9488152
Maribyrnong,supermarket,Coles,-37.7752157,144.8866386
Carlton North,supermarket,Coles,-37.7758523,144.9626265
Braybrook,supermarket,Coles,-37.7781318,144.8514648
Ascot Vale,supermarket,Coles,-37.7824349,144.9148103
Mooroolbark,supermarket,Coles,-37.7849101,145.315384
Doncaster,supermarket,Coles,-37.786708,145.1257784
Doncaster East,supermarket,Coles,-37.7914336,145.1718422
West Footscray,supermarket,Coles,-37.7936568,144.8603614
Croydon,supermarket,Coles,-37.794199,145.2791738
Sunshine West,supermarket,Coles,-37.7976134,144.8061424
Carlton,supermarket,Coles,-37.7978511,144.9779798
Footscray,supermarket,Coles,-37.8013978,144.897529
Fitzroy,supermarket,Coles,-37.803803,144.983619
Kew East,supermarket,Coles,-37.8038373,145.0376993
Mont Albert North,supermarket,Coles,-37.8038542,145.1021788
Melbourne,supermarket,Coles,-37.8101212,144.9632193
Blackburn,supermarket,Coles,-37.8112818,145.1535054
Ringwood,supermarket,Coles,-37.8117934,145.2299716
Richmond,supermarket,Coles,-37.8139592,145.0115685
Melbourne,supermarket,Coles,-37.8147983,144.9518038
Mitcham,supermarket,Coles,-37.8152905,145.1927791
Ringwood,supermarket,Coles,-37.8155086,145.2212725
South Kingsville,supermarket,Coles,-37.816873,144.8810662
Richmond,supermarket,Coles,-37.8173906,144.9988683
Melbourne,supermarket,Coles,-37.8175611,144.9649673
Box Hill North,supermarket,Coles,-37.8196048,145.1203412
Hawthorn East,supermarket,Coles,-37.82003,145.0354613
Truganina,supermarket,Coles,-37.820201,144.7210078
Richmond,supermarket,Coles,-37.8254909,144.9947938
Brooklyn,supermarket,Coles,-37.8282395,144.8480047
Hawthorn East,supermarket,Coles,-37.8291542,145.0563202
South Melbourne,supermarket,Coles,-37.8319294,144.9609368
Camberwell,supermarket,Coles,-37.8334247,145.0773388
Tarneit,supermarket,Coles,-37.8339607,144.6510554
Forest Hill,supermarket,Coles,-37.83496,145.1643348
South Wharf,supermarket,Coles,-37.8386433,144.9417288
Bayswater,supermarket,Coles,-37.8425504,145.2667021
Malvern,supermarket,Coles,-37.8458418,145.0452563
South Yarra,supermarket,Coles,-37.8479109,144.9935468
Blackburn South,supermarket,Coles,-37.8535375,145.1487011
Vermont South,supermarket,Coles,-37.8546883,145.1826622
Williamstown,supermarket,Coles,-37.8576259,144.8974163
Malvern,supermarket,Coles,-37.8604328,145.0291228
Boronia,supermarket,Coles,-37.8612829,145.2875436
St Kilda,supermarket,Coles,-37.8679128,144.9919849
St Kilda,supermarket,Coles,-37.8685845,144.9806027
Seaholme,supermarket,Coles,-37.8689178,144.8299879
Laverton,supermarket,Coles,-37.8732777,144.7759322
Wyndham Vale,supermarket,Coles,-37.8757512,144.6145175
Caulfield,supermarket,Coles,-37.8760273,145.0376175
Glen Waverley,supermarket,Coles,-37.8768747,145.1645918
Chadstone,supermarket,Coles,-37.8784912,145.0923339
Ferntree Gully,supermarket,Coles,-37.8836854,145.2753186
Ripponlea,supermarket,Coles,-37.8849415,145.0068058
Hughesdale,supermarket,Coles,-37.8855399,145.0845484
Notting Hill,supermarket,Coles,-37.8915244,145.14381
Point Cook,supermarket,Coles,-37.8952497,144.7530363
Hughesdale,supermarket,Coles,-37.901233,145.0903717
Werribee,supermarket,Coles,-37.9028636,144.6590679
Gardenvale,supermarket,Coles,-37.9060865,145.0051856
Brighton,supermarket,Coles,-37.913326,144.9927645
McKinnon,supermarket,Coles,-37.9175523,145.0385071
Rowville,supermarket,Coles,-37.9208945,145.2375525
Clayton South,supermarket,Coles,-37.9259993,145.1185924
Clayton South,supermarket,Coles,-37.9280896,145.1181472
Springvale,supermarket,Coles,-37.9347488,145.1568383
Sandringham,supermarket,Coles,-37.9453066,145.0217912
Sandringham,supermarket,Coles,-37.9494484,145.0033694
Cheltenham,supermarket,Coles,-37.9589132,145.0512356
Noble Park,supermarket,Coles,-37.9654121,145.1730576
Endeavour Hills,supermarket,Coles,-37.9775716,145.2583643
Dandenong,supermarket,Coles,-37.9828511,145.2136939
Mentone,supermarket,Coles,-37.9840734,145.0643704
Dandenong,supermarket,Coles,-37.9865785,145.2183528
Keysborough,supermarket,Coles,-37.9922837,145.1719538
Hallam,supermarket,Coles,-38.004827,145.2664991
Narre Warren,supermarket,Coles,-38.0185007,145.306709
Berwick,supermarket,Coles,-38.0321022,145.3450266
Lynbrook,supermarket,Coles,-38.0522568,145.2568486
Narre Warren South,supermarket,Coles,-38.0686164,145.3007558
Patterson Lakes,supermarket,Coles,-38.0686223,145.144883
Corio,supermarket,Coles,-38.0759456,144.3556949
Cranbourne North,supermarket,Coles,-38.0849951,145.2928351
Cranbourne West,supermarket,Coles,-38.1030621,145.2652502
Cranbourne,supermarket,Coles,-38.1071313,145.2818531
Cranbourne East,supermarket,Coles,-38.1191101,145.3205054
Manifold Heights,supermarket,Coles,-38.1389962,144.3374854
Frankston,supermarket,Coles,-38.1421829,145.1234117
Geelong,supermarket,Coles,-38.1465194,144.3634189
Junction Village,supermarket,Coles,-38.1497807,145.2897666
Langwarrin,supermarket,Coles,-38.1512148,145.196592
South Geelong,supermarket,Coles,-38.1701863,144.3487229
Belmont,supermarket,Coles,-38.1736001,144.3430639
Grovedale,supermarket,Coles,-38.1999126,144.3167547
Mornington,supermarket,Coles,-38.219185,145.0399321
Somerville,supermarket,Coles,-38.2240036,145.1703702
Armstrong Creek,supermarket,Coles,-38.2277511,144.3399292
Mornington,supermarket,Coles,-38.2330593,145.0515325
Deepdene,cafe,Collective,-37.8261814,145.0579774
Fitzroy,library,Collingwood Library,-37.804503,144.99293
Fitzroy North,library,Collingwood Toy Library,-37.7973804,144.9958633
Ripponlea,cafe,Combi,-37.8862143,144.9886886
Melbourne,cafe,ComeBuyTea,-37.8109235,144.9630703
Footscray,cafe,Common Galaxia,-37.8041902,144.8920822
Melbourne,cafe,Common Ground,-37.8058124,144.9539573
Melbourne,cafe,Common Place Coffee Brewers,-37.8151033,144.9541949
Prahran,cafe,Common Room Co,-37.8640232,145.01109
Warranwood,cafe,Common Room,-37.7861667,145.2552042
Knoxfield,cafe,Community@Cavell,-37.8888624,145.2358004
Mentone,cafe,Como Parade Cafe,-37.9821507,145.0646464
Eumemmerring,cafe,Conquest Corner Gourmet,-38.0072518,145.2558038
Clifton Hill,supermarket,Continental Supermarket,-37.7879567,144.9992427
Coburg North,gym,Controlled Chaos Weightlifting,-37.7285249,144.9547142
Moonee Ponds,cafe,Convoy,-37.76128,144.9256703
Moorabbin,cafe,Cool Bean Kitchen Burger bar,-37.9372508,145.0655151
Caulfield,cafe,Cora Expresso,-37.8759023,145.0374552
Preston,gym,Core +,-37.7357483,145.0042206
Frankston,gym,Core Fitness,-38.1315129,145.125571
South Yarra,gym,Core Plus,-37.8488132,144.994005
Ivanhoe,gym,Core Principles Personal And Group Training,-37.7716817,145.0458851
Carlton North,cafe,Core Roasters,-37.7780849,144.9771821
Melbourne,gym,CorePlus North Melbourne,-37.8033564,144.9508374
Greensborough,gym,CorePlus,-37.7042934,145.1033323
Carlton North,gym,CorePlus,-37.7842202,144.9775739
South Geelong,gym,CorePlus,-38.1590681,144.3557944
Melbourne,cafe,Corner & Bench,-37.814528,144.961567
Burwood,cafe,Corner Cafe,-37.847248,145.114568
Mornington,cafe,Corner Counter,-38.2207996,145.0401564
Parkville,cafe,Corner Internet Cafe,-37.776569,144.939531
Rowville,cafe,Corner Stonez Cafe,-37.9203341,145.236696
Fawkner,cafe,Corner Take Away,-37.7165826,144.9833481
Eltham,cafe,Cornercaf Eltham,-37.7143074,145.1489863
Kingsville,cafe,Cornershop,-37.8161152,144.89118
Avondale Heights,cafe,Cornerstone Espresso,-37.7705037,144.8658433
Brighton East,library,Cornish Library,-37.9279979,145.0074971
Melbourne,gym,Corporate Fitness Club,-37.817559,144.963588
Oakleigh East,cafe,Cosmic Bear Cafe,-37.8989404,145.0908399
Prahran,cafe,Costeñisima,-37.8595766,145.0010936
Hughesdale,cafe,Cote Terra,-37.8992062,145.0884074
Charlemont,cafe,Cottage@Iona,-38.2194238,144.3563868
South Melbourne,cafe,Cottle on Coventry,-37.832243,144.958107
Footscray,cafe,Counterweight Vinyl & Espresso,-37.8004413,144.899786
Mulgrave,cafe,Country Cob,-37.9345522,145.1589222
Mooroolbark,cafe,Country Heart Cafe,-37.7852874,145.3125071
Melbourne,cafe,Courtyard 55,-37.8076182,144.9755061
Hawthorn East,cafe,Courtyard,-37.8460212,145.0540626
St Kilda,cafe,Cowderoy's Dairy,-37.856806,144.971359
Hawthorn East,cafe,Crabapple Kitchen,-37.8209506,145.0355099
Craigieburn,library,Craigieburn Library,-37.59044,144.9098357
Cranbourne,supermarket,Cranbourne Fresh Food Centre,-38.1122855,145.2832774
Cranbourne East,library,Cranbourne Library,-38.1137471,145.2956365
Geelong West,cafe,Cravings,-38.1470477,144.3592958
Bentleigh East,cafe,Creatures,-37.9291558,145.0705461
Melbourne,cafe,Crema Cafe,-37.8151402,144.9630457
Wantirna South,cafe,Crest,-37.8607878,145.2314414
Melbourne,cafe,Croque Monsieur,-37.8168787,144.9663397
Fitzroy,gym,CrossFit Collingwood,-37.8061913,144.9899356
Newtown,gym,CrossFit Geelong,-38.1598446,144.3394601
Scoresby,gym,CrossFit Iron Bear,-37.8986218,145.2177359
Princes Hill,gym,CrossFit Moreland,-37.7677252,144.9581907
Grovedale,gym,CrossFit Raven,-38.1965395,144.3451682
Coburg,gym,Crossfit Turmoil,-37.7329612,144.9559765
Carlton North,gym,CrossFit,-37.7697718,144.9807553
Prahran,gym,CrossFit,-37.8650772,144.9868488
Fitzroy,cafe,Crossroads Cafe,-37.804665,144.9900996
Brunswick East,cafe,Crossroads Diner Coburg,-37.755292,144.964013
Williamstown,cafe,Crowded House,-37.858918,144.8993079
Melbourne,supermarket,Crown Asian Supermarket,-37.8097911,144.960887
Melbourne,supermarket,Crown Asian Supermarket,-37.8147623,144.9519191
Croydon,library,Croydon Library,-37.8006106,145.2817446
Northcote,cafe,Crunch Cafe,-37.7607197,144.9999111
Richmond,gym,Crunch Fitness,-37.8187394,145.0092346
Chadstone,gym,Crunch Fitness,-37.8774085,145.0919028
Springvale,gym,Crunch Fitness,-37.9412436,145.1680672
Cheltenham,gym,Crunch Fitness,-37.9747192,145.067052
South Kingsville,cafe,Crème de la Crème,-37.8297009,144.8844213
Doncaster East,cafe,Cube Cafe Bar,-37.7919091,145.1700928
Melbourne,cafe,Cuff,-37.817628,144.963416
Fitzroy North,cafe,Cuppa Turca,-37.7725662,144.9985034
Moonee Ponds,cafe,Curators Collective,-37.7618723,144.9230086
Carlton North,cafe,Curly Joe's drive-thru coffee,-37.7759511,144.9789669
Reservoir,gym,Curves,-37.7171699,145.0100282
Thornbury,gym,Curves,-37.7665123,145.0198769
Ashburton,gym,Curves,-37.8635064,145.0814578
Belgrave,gym,Curves,-37.9088599,145.3566835
Rowville,gym,Curves,-37.9108229,145.2438856
Frankston,gym,Curves,-38.1578114,145.1303226
Springvale South,supermarket,Cường Phát,-37.9716667,145.1490097
Footscray,supermarket,D&K,-37.798678,144.9009904
South Melbourne,cafe,D.G. Expresso,-37.8205603,144.9438715
Brunswick East,cafe,D1uno Cafe & Catering,-37.75699,144.9746662
Sunshine,cafe,Da Lat Hill,-37.7819638,144.8328932
Seaholme,cafe,Da Moose Cafe,-37.8513527,144.8332147
Footscray,cafe,Da Net Cafe,-37.7994488,144.898145
Melbourne,cafe,Daboba,-37.8086427,144.9596031
Kingsville,cafe,Dad & Dave's,-37.8163041,144.8895681
Melbourne,supermarket,Dae Bark Mart,-37.818584,144.963055
Footscray,cafe,Dahlak,-37.7917563,144.8892318
Travancore,cafe,Daily Grind Cafe,-37.787353,144.928303
Bundoora,cafe,Dairy Bell,-37.700844,145.0654488
Geelong West,cafe,Dal,-38.1491584,144.3545249
Geelong West,cafe,Dal,-38.1517815,144.3590617
Hughesdale,cafe,Dalgety's Cafe,-37.8919653,145.0894109
Carlton,library,Dalton McCaughey Library,-37.7929792,144.9617348
Northcote,cafe,Dan's Deli,-37.7688056,144.9992886
Dandenong,supermarket,Dandenong IGA Plus Liquor,-37.9825216,145.2025528
Dandenong,library,Dandenong Library,-37.9888083,145.2133192
Dandenong,supermarket,Dandy Bahar Supermarket,-37.9849935,145.2121829
Lalor,supermarket,Dandy Mart,-37.6739551,145.0167977
Hampton Park,supermarket,Dandy Mart,-38.0332147,145.2654897
Dandenong,supermarket,Dandy Supermarket & Halal Meat,-37.9855934,145.2121437
Hughesdale,cafe,Daniel Son,-37.8900292,145.0675703
Melbourne,cafe,Dari,-37.814183,144.9613888
South Yarra,cafe,Darling Cafe,-37.8385322,144.9914918
Ascot Vale,cafe,Darling Street Espresso,-37.7690685,144.9105119
Manifold Heights,cafe,Darling West Cafe,-38.1439631,144.3478745
Fitzroy,gym,Das Studio Pilates,-37.7987,144.984084
Docklands,cafe,Daybreak Cafe,-37.8129813,144.9392926
South Melbourne,cafe,De Gusto,-37.8186255,144.9473022
South Melbourne,cafe,Dead Man Espresso,-37.829522,144.960189
Burwood,gym,Deakin Gym,-37.8461809,145.1138776
Burwood,library,Deakin University Library,-37.8470043,145.1147565
Waurn Ponds,library,Deakin University Library,-38.1979279,144.2972735
Travancore,cafe,Dear Abbey,-37.7689087,144.9216071
St Kilda,cafe,Dear Liza,-37.860591,144.9837674
Cairnlea,cafe,Deer Park Munchies,-37.7703676,144.7733974
Northcote,cafe,Degani Bakery Cafe,-37.767703,145.002235
Mont Albert North,cafe,Degani Bakery Cafe,-37.8038539,145.101353
South Melbourne,cafe,Degani Bakery Cafe,-37.8199126,144.9505437
Frankston,cafe,Degani Cafe,-38.1419615,145.1297459
Newtown,cafe,Degani Drive Thru Newtown,-38.1578466,144.3335932
Epping,cafe,Degani's,-37.6530762,145.0168369
Mernda,cafe,Degani,-37.6000793,145.0947115
Jacana,cafe,Degani,-37.6845202,144.9126947
Eltham North,cafe,Degani,-37.6851194,145.1361391
Brunswick East,cafe,Degani,-37.7565659,144.9721925
South Melbourne,cafe,Degani,-37.819121,144.948331
Heatherton,cafe,Degani,-37.9701439,145.0892247
Melbourne,cafe,Degraves Espresso Bar,-37.8171236,144.9656216
Melbourne,cafe,Degraves Street,-37.8171906,144.9657758
Carlton North,cafe,Deli Danois,-37.7821306,144.9774473
Cheltenham,cafe,Deli Works Cafe,-37.9489133,145.0616901
Parkdale,cafe,Delicious Bites Cafe,-38.0067618,145.0860612
Carlton North,cafe,Dench Cafe,-37.7830635,144.9826302
Clyde North,cafe,Deoro & Co,-38.1095105,145.3360558
Meadow Heights,gym,Derrimut 24:7 Gym - Coolaroo,-37.6473778,144.9328049
Braybrook,gym,Derrimut 24:7 Gym Braybrook,-37.7822883,144.8638736
Derrimut,gym,Derrimut 24:7 Gym,-37.7836304,144.7750809
St Albans,cafe,Dessert Story,-37.7432486,144.8011404
Footscray,cafe,Desserts by Night,-37.7851353,144.8918314
Springvale,cafe,Desserts By Night,-37.9506722,145.1529549
Kalorama,cafe,Destiny Point Cafe,-37.8180533,145.366347
Sunshine,cafe,Detour Cafe,-37.7793293,144.8287178
Preston,cafe,Dexter,-37.736112,145.0044769
Melbourne,cafe,Di Bella Coffee,-37.8101565,144.9571385
Melbourne,cafe,Di Parsia Pasticceria Caffe,-37.8209984,144.9559432
Diamond Creek,cafe,Diamond Creek Tram Cafe,-37.6779039,145.1517359
Greensborough,library,Diamond Valley Library,-37.68961,145.1083555
South Yarra,cafe,Dilly Daly,-37.8378754,144.9947871
South Yarra,cafe,Dineamic Food Store,-37.8391554,144.9938655
Melbourne,cafe,Ding Tea,-37.8134548,144.9625954
Hawthorn East,cafe,Ding Tea,-37.8206099,145.0362442
Melbourne,cafe,Diors Cafe & Bar,-37.82901,144.960725
Fitzroy North,cafe,Dirty Apron,-37.790641,144.997134
Melbourne,cafe,Disciples Of Epicurus,-37.8160124,144.9633324
Carlton North,cafe,District 35,-37.779923,144.9773463
Epping,cafe,DK,-37.6539739,145.0189489
Ivanhoe,cafe,Docasa,-37.7716644,145.0465519
South Melbourne,cafe,Dock Dot,-37.8315437,144.9710419
Gardenvale,supermarket,Dockendorf Grocer,-37.9043418,144.9982759
Fitzroy,cafe,Dog House,-37.7998667,144.9919632
Carlton North,gym,Doherty's Gym Brunswick,-37.7750366,144.9646206
Dandenong,gym,Doherty's Gym Dandenong,-37.9892492,145.2034561
Melbourne,gym,Dohertys,-37.819118,144.962587
Princes Hill,cafe,Dojo Espresso,-37.7671015,144.9616773
Doncaster,cafe,Dolce Espresso,-37.7866493,145.125762
Doncaster East,cafe,Dolce Mio Pasticceria & Gelateria,-37.7917173,145.1698554
Travancore,cafe,Dolce Vita,-37.7665586,144.9208789
Kilsyth,cafe,Dolcetti of Kilsyth,-37.8025309,145.316331
Brunswick East,cafe,Donatello's,-37.7586735,144.9638797
Doncaster,library,Doncaster Library,-37.7870877,145.1311791
Preston,supermarket,Dong Thinh International Food Store,-37.7389957,145.0036864
Brunswick East,cafe,Donny’s Deli,-37.7554988,144.9637926
Brunswick,cafe,Dope Donuts,-37.7537847,144.9491734
Bayswater North,cafe,Dorset Cafe,-37.8372736,145.287458
Hughesdale,cafe,Dosa One,-37.8942417,145.0769887
Springvale,cafe,Double D,-37.9506221,145.1540968
Travancore,cafe,Double Dutch Bakery,-37.7919104,144.9356257
Carlton North,cafe,Double Dutch Coffee Bar,-37.7708597,144.97166
Melbourne,cafe,Doughboys,-37.81595,144.957933
Templestowe,cafe,Down The Rabbit Hole,-37.752672,145.1523901
Frankston,cafe,Down the Street,-38.1579005,145.1307097
Cairnlea,cafe,Do’s Cafe,-37.7443814,144.8022043
St Kilda,cafe,Dr Jekyll,-37.8640141,144.9813215
Highett,gym,Dr Suz Squad,-37.954227,145.0319652
Hawthorn East,cafe,Dr. Brunch,-37.8229501,145.0367506
Fitzroy,cafe,Dr. Morse,-37.799833,144.9941396
Footscray,gym,Dragon,-37.7989534,144.9009403
Carlton North,cafe,Dre's Deli,-37.7717486,144.9642225
Cheltenham,cafe,Drip,-37.9562069,145.0576828
Cranbourne West,cafe,Drips Bakery Cafe,-38.1101184,145.2638425
Narre Warren,cafe,Drive-Thru coffee,-38.0318199,145.305357
Melbourne,cafe,Druids Cafe,-37.8089487,144.9632842
Langwarrin,cafe,Ducky Brown Café,-38.1503712,145.1970702
Cheltenham,cafe,Ducky Espresso Cafe,-37.9579941,145.0547649
Cranbourne East,cafe,Ducky on Clyde Cafe,-38.1189221,145.3192799
Bentleigh,gym,Duke's,-37.933273,145.0341419
Melbourne,cafe,Dukes Coffee Roasters,-37.8167849,144.9661412
Richmond,gym,Dukes Gym,-37.810823,145.0056821
Richmond,gym,Dukes Gym,-37.8180991,145.0120976
West Footscray,cafe,Dumbo,-37.7940284,144.8753873
Gardenvale,cafe,Dumpling Parlour,-37.9057808,145.0061773
South Melbourne,cafe,Dundas & Faussett,-37.841341,144.9546792
Docklands,cafe,Dusty Fox Cafe,-37.8312907,144.9305393
Kalkallo,cafe,Dyer Street Cafe,-37.5406962,144.9551397
Notting Hill,cafe,E&J Cafe,-37.9028716,145.1321806
Malvern East,cafe,e'Latte Cafe,-37.8634653,145.0789599
Ivanhoe East,cafe,Eaglemont Dish,-37.7635989,145.0543888
Melbourne,cafe,Earl Canteen,-37.814848,144.9587438
Melbourne,cafe,EARL Canteen,-37.8148557,144.9586903
Melbourne,cafe,EARL Canteen,-37.8191106,144.9558503
Melbourne Airport,cafe,Earl,-37.6708053,144.847072
Belgrave,cafe,Earthly Pleasures,-37.9092156,145.3526296
Deepdene,cafe,East And Co,-37.8122375,145.0752423
Princes Hill,cafe,East Elevation,-37.7675831,144.9722714
Carnegie,supermarket,East Malvern IGA Xpress Plus Liquor,-37.8788336,145.0680024
Fitzroy,library,East Melbourne Library and Community Centre,-37.8150407,144.9863907
Melbourne,cafe,East Side Story,-37.80846,144.974797
Docklands,supermarket,East West Marketplace,-37.8126918,144.9394884
Coburg,cafe,Eastern Bloc Cafe,-37.7411982,144.9638849
Melbourne,library,Eastern Resource Centre Library (Building 171),-37.7993637,144.9628202
South Melbourne,cafe,Eastern Road Larder,-37.8366192,144.9670105
Croydon South,cafe,Eastfield Coffee Co.,-37.811758,145.2701015
Croydon South,supermarket,Eastfield Natural Foods,-37.811872,145.2700207
Keilor Park,cafe,Eat@James,-37.7189021,144.8468596
South Melbourne,cafe,Eatworx,-37.834394,144.971156
Ascot Vale,cafe,Eclat Cafe,-37.7725359,144.9162904
Footscray,supermarket,Ecopact Groceries,-37.8029415,144.8988455
Manifold Heights,cafe,Eddy and Wills,-38.1306655,144.3397533
South Yarra,gym,Edge Training,-37.8506135,144.9951001
Frankston,cafe,eeny meeny,-38.1442459,145.1248731
Caulfield,cafe,Einstein 251,-37.8790952,145.0235308
Fitzroy,cafe,EJ's Gourmet Food,-37.799808,144.993784
McKinnon,gym,EKK 24/7 Gym,-37.9040797,145.0392589
McKinnon,gym,EKK Pilates,-37.904125,145.0390545
Melbourne,cafe,El Churro Cafe,-37.8172089,144.9656642
Princes Hill,cafe,El Mirage,-37.7676444,144.9721856
Melbourne,cafe,Elements,-37.8139145,144.9688622
Travancore,cafe,Elephant Cafe,-37.7832993,144.9350548
Williamstown North,cafe,Elephant Cafe,-37.8464809,144.8688911
Tullamarine,cafe,Ella James Cafe,-37.7136328,144.8599019
North Shore,cafe,Ellen's Cafe,-38.0994118,144.371692
Ripponlea,library,Elsternwick Library,-37.8841323,145.0044769
Eltham,library,Eltham Library,-37.7162347,145.1461541
Ripponlea,supermarket,Elwood Supermarket,-37.8808894,144.9915674
Docklands,cafe,Embassy Cafe,-37.8080932,144.9478478
South Melbourne,cafe,Emerald Hill Cafe,-37.8344164,144.9606285
South Melbourne,library,Emerald Hill Library,-37.8347011,144.9603726
Cairnlea,cafe,Empire Shisha Bar,-37.7449109,144.8007499
Notting Hill,cafe,Emporium Seven,-37.9003097,145.1435948
Richmond,gym,EMS Studio,-37.8180095,144.9952681
Endeavour Hills,library,Endeavour Hills Library,-37.9776861,145.259806
Carlton,cafe,Endis Café,-37.7988255,144.9771439
Deepdene,gym,Endless,-37.8123467,145.0760463
Blackburn,cafe,Enrik's,-37.819613,145.1496986
Docklands,gym,Equilibrium Fitness,-37.804461,144.9491602
Greensborough,gym,Equilibrium Health & Fitness,-37.7028071,145.1058144
Montmorency,gym,Equilibrium Health & Fitness,-37.7199159,145.1384805
Docklands,cafe,Errol's Cafe,-37.803465,144.9492049
Briar Hill,cafe,Espresso 3094,-37.7161153,145.1214058
Coburg,cafe,Espresso 600,-37.7365173,144.9666389
Bentleigh East,cafe,Espresso Affair,-37.9210909,145.0570657
Northcote,cafe,Espresso Alley,-37.7694962,144.999785
Melbourne,cafe,Espresso Bar International,-37.8191459,144.9551442
Northcote,cafe,Espresso Bar,-37.7677644,144.9993553
Carlton North,cafe,Espresso Bar,-37.775603,144.9610844
Carlton,cafe,Espresso Bar,-37.7973869,144.9642847
Cheltenham,cafe,Espresso Hit,-37.9666689,145.055316
Melbourne,cafe,Espresso Hub,-37.8195035,144.9537038
Doncaster East,cafe,Espresso Lane Tunstall,-37.7908506,145.172368
South Yarra,cafe,Espresso Riviera,-37.8471474,144.9789686
Melbourne,cafe,Euro Lane Cafe,-37.8164478,144.965878
St Kilda,cafe,Europa Cake Shop,-37.8678516,144.9788965
South Melbourne,cafe,Europa Coffee Drive Thru,-37.832889,144.966769
St Kilda,cafe,Euros Bites Creperia,-37.8690432,144.980357
Sandringham,cafe,Eva's Sandwiches & Cafe Sandringham,-37.9513548,145.0042177
Northcote,gym,Evado Studios,-37.7602614,145.0001412
Cheltenham,gym,Evado Studios,-37.9675333,145.0554364
Doncaster East,cafe,Evangeline's Cafe,-37.7912898,145.1699398
Carlton North,gym,Eve,-37.7731497,144.9609501
Fitzroy,cafe,Everyday Coffee,-37.7982461,144.9858872
Hughesdale,cafe,Express Cafe,-37.8997931,145.0883637
Bellfield,cafe,Extracted,-37.7669341,145.0443302
Preston,gym,F45 Training Preston,-37.7339668,145.0136414
Diamond Creek,gym,F45 Training,-37.6730642,145.1562111
Coburg,gym,F45 Training,-37.7465385,144.965492
Carlton,gym,F45 Training,-37.7956214,144.9754325
Melbourne,gym,F45 Training,-37.8105874,144.9610713
South Melbourne,gym,F45 Training,-37.8190748,144.9436147
Yarraville,gym,F45 Training,-37.8282532,144.8868779
South Melbourne,gym,F45 Training,-37.8340675,144.9477182
Ferntree Gully,gym,F45 Training,-37.883078,145.2808262
Rowville,gym,F45 Training,-37.9130933,145.2347828
Dandenong,gym,F45 Training,-37.9880599,145.213462
Chelsea,gym,F45 Training,-38.0549068,145.1166582
Manifold Heights,gym,F45 Training,-38.1452119,144.3357718
South Geelong,gym,F45 Training,-38.1600134,144.3466007
Grovedale,gym,F45 Training,-38.199378,144.3461492
Highett,cafe,Fabrica Café,-37.962772,145.0409162
Docklands,cafe,Faces & Places,-37.8049354,144.9494489
Northcote,cafe,Fairfield Boathouse,-37.7851623,145.0136098
Fairfield,library,Fairfield Library,-37.7774896,145.0189442
Fawkner,supermarket,Family Supermarket,-37.695967,144.96855
Melbourne,cafe,Famish'd,-37.816599,144.957794
Footscray,supermarket,Famous Halal Quality,-37.8006262,144.8991833
Caulfield North,cafe,Fancy Pantry,-37.856186,145.019862
Docklands,cafe,Fandango,-37.8026202,144.9494987
Kingsbury,cafe,Farm Cafe,-37.7067394,145.0440896
South Melbourne,cafe,Fat Albert,-37.8434097,144.9571886
South Yarra,cafe,Fat Beans,-37.842751,144.995791
South Yarra,supermarket,Fawkner Express Grovery Store,-37.8385464,144.9769345
Fawkner,library,Fawkner Library,-37.7024932,144.969974
Hadfield,cafe,Fawkner Memorial Park Tearooms,-37.7147207,144.9598657
Hadfield,supermarket,Fawkner Mini mart,-37.7026596,144.9652668
Hadfield,cafe,Feast On East Cafe,-37.7101094,144.9505104
South Melbourne,cafe,fed,-37.841492,144.9540488
Melbourne,cafe,Federal Coffee Palace,-37.813982,144.9632917
Berwick,library,Federation University Library,-38.0406863,145.3404669
Travancore,cafe,Feekah,-37.7692375,144.9258415
Melbourne,cafe,Felice,-37.8153068,144.9602921
Reservoir,cafe,Felix Culpa,-37.7170568,145.0117843
Northcote,cafe,Fergerson Plarre,-37.7685841,145.0016758
Mernda,cafe,Ferguson Plarre,-37.593763,145.0898843
Epping,cafe,Ferguson Plarre,-37.6540189,145.0186365
Lalor,cafe,Ferguson Plarre,-37.67327,145.0170799
Taylors Lakes,cafe,Ferguson Plarre,-37.6990138,144.7780285
Ferntree Gully,library,Ferntree Gully Library,-37.8898934,145.2909254
Sydenham,gym,Fernwood Fitness,-37.695268,144.7669873
Parkville,gym,Fernwood Fitness,-37.7842723,144.9378206
Ferntree Gully,gym,Fernwood Fitness,-37.8829994,145.2723729
Clayton South,gym,Fernwood Fitness,-37.9215231,145.1367787
Gladstone Park,gym,Fernwood Health Club,-37.702089,144.8840389
Seddon,gym,Fernwood,-37.8199146,144.8984966
Narre Warren,gym,Fernwood,-38.0262383,145.313334
Strathmore,cafe,Ferrovia,-37.7299572,144.9283996
Northcote,cafe,Field Black,-37.7660561,144.9994903
Richmond,cafe,Fifty Acres,-37.8176608,144.992274
Flemington,cafe,Fifty-Six Threads,-37.7970521,144.9278512
Footscray,cafe,Fig & Walnut Cafe,-37.8097499,144.8954391
Murrumbeena,cafe,Fig Jam Café,-37.8885001,145.0574518
Melbourne,gym,Fight Club,-37.8192093,144.962262
Kooyong,cafe,Finders Keepers Cafe,-37.8285459,145.0338599
Melbourne,cafe,Fine Grind,-37.8178708,144.9652106
Melbourne,cafe,First Love,-37.8176687,144.9598753
Belgrave Heights,gym,First Train Fitness,-37.9299794,145.3586185
Footscray,gym,Fit 24 X 7,-37.7999663,144.9023241
Bentleigh East,gym,Fit 247,-37.9206784,145.0572958
Upper Ferntree Gully,gym,Fit For Life,-37.8938795,145.3103156
Drumcondra,gym,Fit For Living,-38.1398449,144.3553352
Upper Ferntree Gully,gym,Fit Life,-37.8922429,145.3012125
Upper Ferntree Gully,gym,Fit n Firm,-37.8937418,145.3089547
Cranbourne,gym,Fitbase,-38.1126181,145.2825013
Carlton,gym,Fitness 24 Hours,-37.798069,144.979249
Melbourne,gym,Fitness First,-37.8106826,144.9659966
Richmond,gym,Fitness First,-37.8137013,145.0118925
Melbourne,gym,Fitness First,-37.814393,144.963513
Prahran,gym,Fitness First,-37.8621533,144.9935728
Highett,gym,Fitness First,-37.9540731,145.0319184
Northcote,gym,Fitness Fit,-37.769476,144.999261
Upper Ferntree Gully,gym,Fitness Foundry,-37.8822878,145.2951489
Pascoe Vale South,gym,Fitness In Sussex,-37.7294184,144.9496938
Preston,gym,Fitness Nation,-37.7466312,145.0203716
Mount Eliza,gym,Fitness On The Way,-38.1832237,145.0913949
Hadfield,gym,Fitness Studio,-37.7220847,144.951269
Fitzroy North,gym,Fitness XO,-37.780241,144.9969837
Travancore,gym,Fitnesskick@Flemington,-37.7881223,144.9312268
Carlton,supermarket,Fitzroy IGA,-37.794231,144.9793382
Melbourne,library,Fitzroy Library,-37.8018889,144.979691
Brunswick West,gym,Fitzy's Gym,-37.7647438,144.9452823
Melbourne,cafe,Five Points Cafe,-37.8170564,144.9568789
Carlton,cafe,Fledgling Espresso,-37.7877854,144.9723784
Travancore,library,Flemington Library,-37.7884344,144.9304587
Drumcondra,cafe,Fleur Wolves Cafe & Flowers,-38.1449794,144.3614401
Boronia,cafe,Flick the Bean,-37.8451101,145.2847642
Caulfield East,cafe,Flipboard,-37.8773884,145.0443672
Caulfield East,cafe,Flipside,-37.8769449,145.0450631
Sunshine,cafe,Flora Juice,-37.7851218,144.833251
Geelong,cafe,Florence & Me,-38.150566,144.3634722
Carlton,cafe,Florian,-37.7906764,144.9714816
Berwick,cafe,Flour & Fern,-38.0302476,145.3458525
Fitzroy,gym,Fluid Fitness,-37.8068392,144.9897202
Footscray,gym,Focus Health & Fitness,-37.8099768,144.8993495
Ripponlea,cafe,Follow the Leader,-37.8766792,144.9972322
Drumcondra,cafe,Food Boutique,-38.1229128,144.3532483
Bayswater,supermarket,Food Factory Sales,-37.8424452,145.2654773
South Geelong,supermarket,Food Factory Sales,-38.1724205,144.3459821
Burwood,cafe,Food For Thought,-37.8487498,145.114877
Burwood,cafe,Foodrinkery,-37.8437423,145.0987755
Keilor East,supermarket,Foodworks Keilor East,-37.7445002,144.8667875
Roxburgh Park,supermarket,Foodworks,-37.6326011,144.91845
Broadmeadows,supermarket,Foodworks,-37.6735405,144.9302559
Sydenham,supermarket,Foodworks,-37.6938639,144.7545298
Watsonia North,supermarket,Foodworks,-37.7011658,145.0720957
Kingsbury,supermarket,Foodworks,-37.7138737,145.0345145
Briar Hill,supermarket,Foodworks,-37.7159148,145.1211658
Hadfield,supermarket,Foodworks,-37.7237903,144.9469242
Strathmore,supermarket,Foodworks,-37.7304013,144.9278959
Keilor Downs,supermarket,Foodworks,-37.7344279,144.8059942
Heidelberg West,supermarket,Foodworks,-37.7359801,145.0485124
Moonee Ponds,supermarket,Foodworks,-37.7544234,144.9155326
Brunswick East,supermarket,Foodworks,-37.7631481,144.9733325
Brunswick West,supermarket,Foodworks,-37.7646416,144.9441587
Ivanhoe East,supermarket,Foodworks,-37.7729379,145.0584401
Parkville,supermarket,Foodworks,-37.7844714,144.9381234
Travancore,supermarket,Foodworks,-37.7879973,144.9304459
Carlton,supermarket,Foodworks,-37.7889872,144.9760904
Balwyn North,supermarket,Foodworks,-37.7915665,145.0938599
Travancore,supermarket,Foodworks,-37.7943152,144.9298631
Fitzroy,supermarket,Foodworks,-37.7998871,144.9922356
Melbourne,supermarket,Foodworks,-37.802612,144.978102
Docklands,supermarket,Foodworks,-37.80314,144.9490587
Melbourne,supermarket,Foodworks,-37.805942,144.98017
Footscray,supermarket,Foodworks,-37.8067458,144.8913566
Surrey Hills,supermarket,Foodworks,-37.8204789,145.1052753
Melbourne,supermarket,Foodworks,-37.8240916,144.9620137
South Melbourne,supermarket,Foodworks,-37.8300256,144.9693817
South Melbourne,supermarket,Foodworks,-37.8415101,144.9539867
South Melbourne,supermarket,Foodworks,-37.8473761,144.9490341
Laverton,supermarket,Foodworks,-37.8528305,144.7754259
Wantirna South,supermarket,Foodworks,-37.8772352,145.2219768
Upper Ferntree Gully,supermarket,Foodworks,-37.8826388,145.2966078
Ripponlea,supermarket,Foodworks,-37.8854272,144.9879436
Caulfield,supermarket,Foodworks,-37.8868099,145.0222932
Bentleigh East,supermarket,Foodworks,-37.9360111,145.0612301
Dandenong North,supermarket,Foodworks,-37.9543302,145.2125155
Cheltenham,supermarket,Foodworks,-37.9669807,145.0568951
Noble Park,supermarket,Foodworks,-37.9807957,145.1658175
Aspendale,supermarket,Foodworks,-38.0266194,145.1022339
Norlane,supermarket,Foodworks,-38.0861344,144.3519234
Frankston North,supermarket,Foodworks,-38.1179603,145.1599882
South Geelong,supermarket,Foodworks,-38.1547927,144.3717335
Footscray,library,Footscray Library,-37.8001297,144.895876
Footscray,library,Footscray Mechanics' Institute Library,-37.8034945,144.8991883
Footscray,cafe,Footscray Milking Station,-37.8030304,144.9038807
Footscray,cafe,Footscray Royal Cafe,-37.7995281,144.8993329
Footscray,cafe,Footscray Shisha,-37.7991709,144.8955412
Brunswick,cafe,For Change Cafe,-37.7614456,144.9609565
Camberwell,cafe,Fordham Milk Bar,-37.8445369,145.0768065
South Melbourne,cafe,Foremost,-37.8291898,144.9708848
Norlane,cafe,Forestry Cafe,-38.096654,144.3548264
Northcote,cafe,Fork & Path,-37.7657603,144.9991871
Caulfield,cafe,Forth Brother,-37.8867129,145.0215325
Lalor,supermarket,Fortune IGA,-37.6778323,145.0139671
Dandenong,cafe,Foster St Cafe,-37.9896242,145.2106815
Melbourne,cafe,Foundry Lane,-37.8104731,144.9676255
Fitzroy North,cafe,Four Beans,-37.7828728,144.9967212
Heidelberg,cafe,Four Leaves Cafe,-37.746125,145.0766203
Notting Hill,cafe,Four Point Grind,-37.8998289,145.1426168
Wheelers Hill,supermarket,Four Seasons Supermarket,-37.9104776,145.189614
South Melbourne,cafe,Four7Six,-37.8339786,144.9468433
Prahran,cafe,Fourth Chapter,-37.8527761,145.0013906
South Melbourne,cafe,Foxtrot Café,-37.8315597,144.9471167
Strathmore,cafe,Francis Winifred Cafe And Store,-37.7186308,144.9129151
Prahran,cafe,Frank & Ginger Cafe,-37.8640163,145.0104403
Cheltenham,cafe,Frank's,-37.9577658,145.0662015
St Kilda,cafe,Frankie's Top Shop,-37.8579947,144.970349
Melbourne,cafe,Frankies,-37.8081535,144.9613347
Melbourne,cafe,Frankies,-37.8091688,144.9633559
Frankston,library,Frankston Library,-38.1458453,145.1237024
Bonbeach,cafe,Freddies Kitchen,-38.0754501,145.1230799
Richmond,supermarket,Frederick's Local Grocery,-37.818229,144.9975854
Brunswick East,library,Free Little Library,-37.7602807,144.9650383
Sunshine North,cafe,French Cafe,-37.7781815,144.8507132
Mordialloc,cafe,French Delicacies,-38.0075062,145.0866602
Glen Waverley,supermarket,French's IGA X-Press,-37.8759542,145.1779801
Malvern East,supermarket,Fresh Central,-37.8630062,145.0772974
Broadmeadows,supermarket,Fresh Plus ,-37.6721412,144.9313375
Melbourne,cafe,Fresh Sushi,-37.8134975,144.9597934
Langwarrin,cafe,Freshta's Café,-38.1414115,145.2078118
Oakleigh East,supermarket,Friendly Cellars,-37.8987131,145.0908689
Hadfield,supermarket,Friendly Grocer,-37.7201757,144.9599829
Heathmont,supermarket,Friendly Grocer,-37.8305437,145.2438058
Fitzroy,cafe,Friends of the Earth,-37.7999187,144.9842634
Fitzroy,supermarket,Frootz on Parade,-37.789079,144.989017
Springvale,supermarket,Frozen Mart,-37.950287,145.1509854
Travancore,cafe,Fruits of Passion,-37.793915,144.930123
Geelong,cafe,Fuel Coffee + Food,-38.1459744,144.3608647
Kingsbury,cafe,Fuel Juice & Soup Bar,-37.7209061,145.0480378
South Yarra,supermarket,Fuji Mart,-37.8458546,144.9936826
Belmont,cafe,Full Circle,-38.1752202,144.3421443
Sandringham,cafe,Full Turn Kitchen Bar,-37.9547157,145.0258972
Travancore,gym,Fullfitment,-37.791697,144.9356452
Mentone,gym,Functional 45,-37.9816801,145.0692952
Burwood,cafe,Fusion Café,-37.845185,145.1110372
Seddon,gym,Fusion Martial Arts,-37.8210999,144.8962333
Malvern East,cafe,Fussy Pots,-37.86293,145.0766188
Rowville,gym,Future Health & Fitness Gym Rowville,-37.9102661,145.2448741
Melbourne,cafe,Fuumi Fuumi,-37.808816,144.9506766
Cheltenham,cafe,G Days Cafe,-37.9506235,145.0588327
Cheltenham,cafe,G Plus Coffee,-37.9662784,145.0570377
Port Melbourne,cafe,G&S Cafe,-37.8326651,144.923936
Carlton,cafe,Gabriel - Fitzroy,-37.805983,144.9808259
Pascoe Vale South,cafe,Gaffney Brew,-37.731872,144.9389875
Melbourne,cafe,Gainsville Cafe,-37.8214141,144.9649728
Carlton North,cafe,Galeri Coffee & Art,-37.7716533,144.9718117
St Kilda,cafe,Galleon Café,-37.8670228,144.9790401
South Yarra,cafe,Galleria,-37.8480195,144.9791251
Moorabbin Airport,cafe,Garden Boulevard Cafe,-37.9830967,145.114067
Melbourne,cafe,Garden View Cafe,-37.80604,144.973766
South Melbourne,cafe,Gasworks Cafe,-37.8432917,144.9463874
Brighton East,cafe,Gateaux by MF,-37.9305165,145.0036463
Berwick,cafe,"Gather: Food, coffee & Co",-38.0267736,145.3381549
McKinnon,cafe,Gauge Espresso,-37.9035503,145.0399814
Geelong,gym,Geelong City Yoga,-38.1472228,144.3600944
Geelong West,library,Geelong Library & Heritage Centre,-38.1469321,144.356591
Belmont,gym,Geelong Rehabilitation Centre,-38.1720655,144.3454263
Manifold Heights,gym,Geelong Sports Medicine Centre,-38.1304973,144.3429903
Manifold Heights,library,Geelong West Library,-38.1411124,144.3479345
South Geelong,gym,Geelong's Gym,-38.1597809,144.3491068
Seaford,cafe,Gelato Unou,-38.1032365,145.1261275
Reservoir,cafe,Gellibrand,-37.7038579,145.006941
Berwick,gym,Genesis Fitness - Berwick,-38.0326114,145.3429398
Dandenong,gym,Genesis Fitness Dandenong,-37.9861229,145.2065743
Melton South,gym,Genesis Fitness,-37.7011607,144.5642057
Ringwood,gym,Genesis Health and Fitness,-37.8159728,145.2247111
Doncaster,gym,Genesis,-37.7858726,145.1240771
Melbourne,gym,Genesis,-37.8222261,144.9630117
Sherbrooke,cafe,Genies Cafe,-37.8845744,145.3694945
Narre Warren South,cafe,George's on the Avenue,-38.0572702,145.3147263
Fitzroy,cafe,Georgie's on Cambridge,-37.804436,144.985751
Brunswick East,supermarket,Gervasi FoodWorks,-37.7560827,144.9641749
Coburg North,cafe,Get Fed,-37.7217837,144.9762044
Hampton Park,cafe,Get Juiced,-38.0330831,145.2648916
Parkville,cafe,GG Burgers,-37.7729297,144.9491316
Brunswick East,cafe,Giant Little Kitchen,-37.7554887,144.9637126
Melbourne,library,Giblin Eunson Library,-37.8011727,144.9593581
South Melbourne,cafe,Giddiup Cafe,-37.8324506,144.958748
Huntingdale,cafe,Gigil,-37.9196005,145.1233919
Deepdene,cafe,Gilbert's,-37.797831,145.0537035
Melbourne,cafe,Gilbert,-37.8001087,144.9595395
Notting Hill,cafe,Gilby's Cafe,-37.8953652,145.137424
Melbourne,cafe,Gilli,-37.8073279,144.9587362
Gladstone Park,library,Gladstone Park Library,-37.6889032,144.8907654
Fitzroy,cafe,Glassworks Café,-37.8047212,144.9881172
Camberwell,cafe,Glen Iris Pantry,-37.8530685,145.067269
Glen Waverley,library,Glen Waverley Public Library,-37.8822342,145.1638395
South Wharf,cafe,Glenda Pho Vietnamese Cuisine,-37.83917,144.9415634
Hawthorn East,cafe,Glenferrie Crêpe Cafe,-37.8212033,145.036501
Oak Park,library,Glenroy Library,-37.7081237,144.9234364
Lalor,supermarket,Global Coffee & Niuts,-37.6728847,145.0163933
Melbourne,cafe,Global Kitchen Cafe,-37.808452,144.968706
Ripponlea,supermarket,GloHealth,-37.8847136,145.003886
Kingsbury,cafe,Gloria Jean's,-37.7130591,145.0476688
Burnside Heights,cafe,Gloria Jean's,-37.7327317,144.7431114
Melbourne,cafe,Gloria Jean's,-37.8176666,144.9516554
Glen Waverley,cafe,Gloria Jean's,-37.8811798,145.1631646
Hughesdale,cafe,Gloria Jean's,-37.8861032,145.0838791
Springvale,cafe,Gloria Jean's,-37.9503948,145.151447
Moorabbin Airport,cafe,Gloria Jean's,-37.9721042,145.0887139
Keysborough,cafe,Gloria Jean's,-37.9932054,145.1737455
Berwick,cafe,Gloria Jean's,-38.0310934,145.3472939
Frankston,cafe,Gloria Jean's,-38.1427166,145.123601
Grovedale,cafe,Gloria Jean's,-38.1999482,144.3200762
Mornington,cafe,Gloria Jean's,-38.2177419,145.0371434
Ferntree Gully,cafe,Gloria’s Cafe,-37.8747086,145.2820325
Ripponlea,cafe,Glovers Station,-37.8782084,145.0078942
Waurn Ponds,cafe,Go Naked Coffee,-38.2036613,144.307945
Melbourne,cafe,Gocha Cafe,-37.8103157,144.9625334
Hughesdale,cafe,Godiva,-37.8848043,145.0838227
South Melbourne,supermarket,Golden Express,-37.8200723,144.9424484
Oakleigh East,supermarket,Golden Groceries,-37.9003419,145.090747
Mooroolbark,cafe,Golden Pastry Bread Shop,-37.7849349,145.3147143
Melbourne,cafe,Goldfields Café + Bar,-37.8257505,144.951849
Carlton,cafe,Gong Cha,-37.7988859,144.9629034
Melbourne,cafe,Gong Cha,-37.8088405,144.9604687
Melbourne,cafe,Gong Cha,-37.8104466,144.9630337
Melbourne,cafe,Gong Cha,-37.810582,144.9629004
Melbourne,cafe,Gong Cha,-37.8107728,144.9641236
Melbourne,cafe,Gong Cha,-37.812455,144.9649343
Box Hill North,cafe,Gong Cha,-37.8191306,145.1221486
Glen Waverley,cafe,Gong Cha,-37.8778987,145.1647268
Hughesdale,cafe,Gong Cha,-37.8859719,145.0832539
Travancore,cafe,Good Bean,-37.7663016,144.922478
Geelong West,gym,Good Folk Yoga,-38.1517131,144.3592972
Richmond,cafe,Good for the Gander,-37.8193962,145.0049193
Balwyn North,cafe,Good Neighbours,-37.7868978,145.0861557
Carlton North,gym,Good Times Pilates,-37.7740219,144.9610962
Pascoe Vale South,cafe,Good Times,-37.7459973,144.9446594
Malvern,cafe,Good Times,-37.8583019,145.0414058
Bonbeach,supermarket,Goodfellows Carrum Village Foodstore,-38.0759044,145.1234351
Coburg,gym,Goodlife Health Club,-37.7311567,144.9586376
Carlton,gym,GoodLife Health Clubs,-37.7978625,144.9762903
Ringwood,gym,Goodlife Health Clubs,-37.8146629,145.2292306
Malvern,gym,Goodlife Health Clubs,-37.858558,145.0415065
Taylors Lakes,gym,Goodlife,-37.7007264,144.7745536
Box Hill South,gym,Goodlife,-37.8382624,145.1329427
Mornington,gym,Goodlife,-38.2333226,145.0519348
Camberwell,cafe,Goodness Gracious,-37.8338775,145.07692
Altona,supermarket,Goods Grocer,-37.8646032,144.8141029
Melbourne,cafe,Gordon’s,-37.8145437,144.9642886
Blackburn South,cafe,Gotcha Fresh Tea,-37.8491448,145.1342583
Hughesdale,cafe,Gotcha X Brioche,-37.8852325,145.0836327
Melbourne,cafe,Gotcha,-37.8098249,144.9637174
Springvale,cafe,Gotcha,-37.9507823,145.151349
Blackburn,cafe,Gourmet Girl,-37.8213196,145.1417637
Lilydale,cafe,Gracious Grace Cafe,-37.7559726,145.3535025
Aspendale,cafe,Gracy's Cafe,-38.019949,145.0992943
Kingsbury,cafe,Grafali's Coffee Roasters,-37.7207583,145.0480409
Notting Hill,cafe,Grafali's Coffee Roasters,-37.911816,145.133102
Southbank,cafe,Grain 717,-37.8182232,144.9501342
Doncaster East,cafe,Grainstore Bakery,-37.7823841,145.1635597
Ascot Vale,cafe,Grandpa Joe,-37.7730735,144.9156749
Sherbrooke,cafe,Grants on Sherbrooke,-37.887475,145.3701226
Burwood,cafe,Green & Wood,-37.849717,145.121106
Lalor,cafe,Green Bag Cafe,-37.6541653,145.0150982
Carlton,cafe,Green Cup,-37.798738,144.9664396
Carlton North,cafe,Green Refectory,-37.7747918,144.9606604
Ripponlea,cafe,Green Remedy,-37.8837698,144.997896
Richmond,supermarket,Green Square IGA plus Liquor,-37.8109903,145.007512
Carlton North,cafe,Greensleeves Coffee House,-37.7832356,144.9821608
South Wharf,cafe,Grey & Bliss,-37.8389787,144.9417695
Balwyn North,library,Greythorn Library Lounge,-37.7904636,145.0954371
Tullamarine,cafe,Grinders Cafe,-37.7118153,144.8769751
Mitcham,cafe,Grinders,-37.8131725,145.2043676
Deepdene,cafe,Grinders,-37.825199,145.08107
Richmond,cafe,Grisley Bear Cafe,-37.8132432,144.9994417
Williams Landing,supermarket,Grocer eez,-37.8699778,144.7314209
St Kilda,cafe,Grocery Bar,-37.8594148,144.9782639
Fitzroy,cafe,Grocerybar,-37.809878,144.985434
South Melbourne,cafe,Groovy Mamas,-37.8212431,144.9431617
South Melbourne,cafe,Ground Cafe,-37.8351649,144.9691457
Travancore,cafe,Grounded House,-37.7944768,144.9294513
Coburg,cafe,Grounds of Eden,-37.7455227,144.9661116
Geelong,cafe,Grounds of Society,-38.1468345,144.3601848
Murrumbeena,cafe,Grouse,-37.8854899,145.0580208
Carlton North,cafe,Growers Espresso,-37.779903,144.986937
Belgrave,cafe,Grumbling Goose,-37.9092344,145.3546626
South Melbourne,cafe,Guilty Moose,-37.8460137,144.9500271
Dandenong,supermarket,Gulistan Supermarket,-37.9880909,145.2124738
South Yarra,supermarket,Gum Tree Good Food,-37.8388985,144.9902376
South Melbourne,supermarket,Gumtree,-37.8413484,144.9555954
Middle Park,supermarket,Gumtree,-37.8507469,144.9637523
Ferntree Gully,cafe,Gus & El's Cafe,-37.8842624,145.2743267
Melbourne,cafe,Gutz,-37.800815,144.977868
Richmond,gym,Gym 24/7 Richmond,-37.8108571,145.0053212
Watsonia North,gym,Gym on Grimshaw,-37.7017508,145.0709745
Carlton North,gym,Gym Retro,-37.7699469,144.9714274
Greenvale,gym,Gymnasium,-37.6274983,144.8921565
Richmond,cafe,Gypsey & Musquito,-37.8192242,145.0043425
Springvale South,cafe,Góc Phố,-37.9613988,145.1426586
Thornbury,cafe,HA Espresso,-37.7433924,145.0029616
Hawthorn East,cafe,Haddon's Cafe,-37.8219524,145.0382694
Ferntree Gully,gym,Haka Yoga Studio,-37.8886021,145.2925818
Knoxfield,cafe,Half Cafe,-37.8997138,145.2430347
Coburg,cafe,Half Moon Cafe,-37.7432062,144.9657646
Docklands,cafe,Hall St. Cafe,-37.8227748,144.9265493
Malvern,cafe,Hall St. Provider,-37.8443762,145.0426063
South Melbourne,gym,Halo Fitness,-37.8425084,144.9529927
Surrey Hills,cafe,Hamilton's,-37.8200413,145.1051118
Brunswick East,gym,Hammer House Brunswick,-37.7581357,144.9635143
Coburg,gym,Hammer House Coburg,-37.7329794,144.9579168
Sandringham,library,Hampton Library,-37.9386347,145.0027017
Hampton Park,library,Hampton Park Library,-38.0340134,145.2642214
Sandringham,gym,Hampton Yoga Centre,-37.938993,145.0041981
Doncaster East,cafe,Handorf's Chocolates,-37.7814001,145.1637104
Heatherton,cafe,Hangar 4 Cafe,-37.9708881,145.0910948
Coburg,cafe,Hangar Cafe Restaurant,-37.7324449,144.9502136
Melbourne Airport,cafe,Hanna's Cafe,-37.6735015,144.8498373
St Albans,cafe,Hanna,-37.743978,144.799191
St Kilda,cafe,Hannah,-37.8676655,144.9903245
Carlton,cafe,Hap,-37.7886588,144.9718262
South Melbourne,cafe,Happy Corner Cafe,-37.8312793,144.962804
Glen Waverley,cafe,Happy Cup,-37.8789444,145.1624427
Melbourne,cafe,Happy Lemon,-37.8079652,144.9605079
South Melbourne,cafe,Hapsburg Empire,-37.8407886,144.9560215
Bellfield,cafe,Hardware Cafe,-37.74167,145.032379
Melbourne,cafe,Hardware Societe,-37.8200942,144.9566093
Notting Hill,library,Hargrave-Andrew Library,-37.9096726,145.1320945
Melbourne,cafe,Harijuku Crepes,-37.8101425,144.9637682
Sunshine,cafe,Harmony Cafe,-37.7863345,144.8319755
Lilydale,cafe,Harrow and Harvest Cafe,-37.7556064,145.3541237
Kalorama,cafe,Harry's Couch and Photographic Cafe,-37.8312695,145.3603929
South Kingsville,cafe,Hart of Hall Cookery School & Cafe,-37.8430908,144.8840462
Seaford,cafe,Harty Snacks,-38.1117588,145.1412742
Fairfield,cafe,Harvest,-37.7775279,145.0181682
Melbourne,cafe,Hash Cafe,-37.8123737,144.9605584
Hawthorn East,cafe,Hash Speciality Coffee,-37.8310029,145.0571866
Upwey,cafe,Have Ya Bean,-37.9034836,145.3296798
Hawthorn East,library,Hawthorn Library,-37.8253359,145.0353406
Melbourne,cafe,Haymarket Place Cafe,-37.8005151,144.9590042
Northcote,cafe,Haytch,-37.7583494,145.0008271
Dandenong South,cafe,Healey Road Take Away,-38.0300467,145.221264
Malvern,gym,Healing Delight,-37.8598719,145.0290633
Balwyn North,gym,Health Club,-37.7875517,145.0865054
Clayton South,cafe,Health Link Cafe,-37.9276227,145.1176301
Melbourne,cafe,Health Studio and Backyard Cafe,-37.8015916,144.9661084
Mont Albert North,gym,Healthways Recreation Centre,-37.8086387,145.1083521
Melbourne,cafe,Healthy Nibbles,-37.810031,144.970707
South Yarra,cafe,Healthy Vibe Gourmet Dumplings,-37.8388216,144.9937056
Hurstbridge,cafe,Heart & Soul Cafe,-37.6378012,145.1947459
South Wharf,cafe,heart bakes,-37.8338936,144.9403813
Carlton,cafe,Heartattack and Vine,-37.7976471,144.9672504
Gardenvale,cafe,Hecho En Mexico,-37.9053252,145.0021802
Richmond,cafe,Hector's Bakery,-37.8238502,144.9909365
Middle Park,cafe,Hectors Corner,-37.8507122,144.9644793
Melbourne,cafe,Hectors Deli,-37.8015812,144.9787002
Bellfield,supermarket,Heidelberg IGA,-37.7491071,145.0426739
Heidelberg,supermarket,Heidelberg Pickles And Pappads,-37.7565602,145.0681732
Richmond,cafe,Hektor Woodleys,-37.8115506,145.0124691
Lilydale,cafe,Hendriks,-37.7589198,145.3491922
Parkdale,cafe,Hendriks,-37.9995585,145.0958386
Melbourne,cafe,Henry & the Fox,-37.8173118,144.9568668
Epping,cafe,Henry's Cafe,-37.6527251,145.0148378
Deepdene,cafe,Heritage Wall,-37.8249339,145.058097
Fitzroy North,cafe,Hermitz & Co,-37.7692152,144.9719832
Strathmore,cafe,Hey Jude's,-37.7421671,144.9045718
Highton,cafe,Hey Porter,-38.1808793,144.3177113
Melbourne,cafe,Higher Ground,-37.8159784,144.9530202
Hampton East,gym,Highett Youth Club,-37.9471518,145.0378377
Maribyrnong,library,Highpoint Library,-37.7733628,144.8863975
Highton,library,Highton Library,-38.1727555,144.322818
Melbourne,cafe,Hikari,-37.8108738,144.9641712
Surrey Hills,cafe,Hill Top Cakes ,-37.8148347,145.0988548
Dandenong South,supermarket,Hindustan Wholesale & Retail Groceries,-38.0161502,145.224631
Fitzroy,supermarket,Hinoki Japanese Pantry,-37.8005727,144.983832
Brunswick East,gym,Hip Hop Yoga Brunswick,-37.7651331,144.9719739
Melbourne,cafe,HiRize Bakery Cafe,-37.8161514,144.9530143
Greensborough,cafe,Ho Ho's Canteen,-37.7034708,145.1038481
Carlton,cafe,Ho Ho's Canteen,-37.7974144,144.9584924
Brunswick,cafe,Hoian Corner Cafe,-37.7640712,144.9614133
Brighton,cafe,Holy Grounds Cafe,-37.9150374,144.9952682
Doncaster East,cafe,Home of Delicacies,-37.7906668,145.1700478
Cranbourne West,supermarket,Homeland Spices Grocery Store,-38.1084857,145.2511055
Melbourne,supermarket,Hometown Asian Supermarket,-37.8085182,144.9607589
Melbourne,supermarket,Hometown Grocer,-37.8103363,144.963081
Box Hill North,cafe,Homm,-37.81859,145.1220297
Beaumaris,cafe,Honey Badger Cafe,-37.9791385,145.053297
Sunshine,supermarket,Hong Hung,-37.7836812,144.8326149
Glen Waverley,cafe,Hong Kong Sim Sum,-37.8805573,145.1632839
Clayton South,supermarket,Hong Kong Supermarket,-37.9262583,145.119094
South Melbourne,cafe,Hooks at the Yarra,-37.8240816,144.947699
Melbourne,cafe,Hopetoun Tea Rooms,-37.8157821,144.9647018
Fairfield,cafe,Hoppa & Joe,-37.7829876,145.0187413
Seddon,gym,Hot Bikram Yoga,-37.8162615,144.8979333
Docklands,cafe,Hot Poppy Cafe,-37.8047581,144.9490968
Carlton,cafe,Houndstooth,-37.7982227,144.976029
Mooroolbark,gym,Hourglass Studios,-37.7885294,145.3106816
Manifold Heights,cafe,House Iberia,-38.1378374,144.3366509
Kingsbury,cafe,House of Cards,-37.7206614,145.0469893
Carlton,cafe,House of Cards,-37.7990871,144.9626296
Melbourne,cafe,House of Cards,-37.7991844,144.9616342
Blackburn South,supermarket,Hu Hui Supermarket,-37.8494493,145.1340355
Geelong West,cafe,Hucksters & Co,-38.1484917,144.3588443
Melbourne,cafe,Hudson Coffee,-37.8100407,144.9630212
Melbourne Airport,cafe,Hudsons Coffee,-37.6706365,144.8485585
Bundoora,cafe,Hudsons Coffee,-37.6912765,145.0623295
Melbourne,cafe,Hudsons Coffee,-37.810099,144.972162
Murrumbeena,cafe,Huff Bagelry,-37.8881589,145.0575137
Mentone,cafe,Huff Bagelry,-37.9825969,145.0652712
Glen Waverley,cafe,Hugo Cafe,-37.880226,145.1634673
Melbourne,cafe,Hugo's Express,-37.8178619,144.9548526
North Geelong,supermarket,Hugsiam Asian Grocery,-38.1108869,144.342109
Box Hill North,supermarket,Hui-Hui Supermarket,-37.8185457,145.1204799
South Melbourne,cafe,Humbaba,-37.830192,144.969781
Melbourne,cafe,Humble Rays,-37.8047561,144.9614974
Broadmeadows,library,Hume Global Learning Centre - Broadmeadows,-37.6825152,144.9184904
Melbourne,cafe,Hunters' Roots,-37.8197581,144.9564578
Oakleigh South,supermarket,Huntingdale IGA X-press,-37.9099644,145.1035576
South Melbourne,cafe,Hurricane Handsome,-37.8360288,144.9443886
Hurstbridge,cafe,Hurstbridge Deli & Larder,-37.6406226,145.192775
Hurstbridge,cafe,Hurstbridge Fine Foods & Deli,-37.6369329,145.1957227
Richmond,gym,Hurtlocker,-37.8180752,145.0124113
South Yarra,cafe,Husband Cafe,-37.8473438,144.9992431
Brighton East,cafe,Hustle,-37.9133357,145.0168883
Strathmore,gym,Hybrid Strength Studio,-37.7303474,144.9275016
Brunswick East,supermarket,Hyper Panda,-37.7620906,144.962826
Hadfield,gym,Hytech Boxing,-37.7093153,144.9508768
South Melbourne,cafe,iBean,-37.8212385,144.9453255
Ferntree Gully,cafe,Ibiza Shisha Lounge and Cafe,-37.8842365,145.2732702
Sunshine,cafe,iCafe,-37.7851162,144.8331762
Hadfield,cafe,Icarus Coffee,-37.7207184,144.9598939
Edithvale,cafe,Ice Cream and Juice,-38.0524145,145.1152368
Melbourne,cafe,Ichigo,-37.8086376,144.9593948
Gardenvale,gym,Ideal Personal Fitness,-37.9056219,145.0046175
Cheltenham,supermarket,IGA Cheltenham,-37.9531772,145.0633289
Carrum,supermarket,IGA Express,-38.0889173,145.1284277
Fawkner,supermarket,IGA Fawkner,-37.7025033,144.9657419
Footscray,supermarket,IGA Friendly Grocer,-37.7911005,144.8899038
Aspendale,supermarket,IGA Friendly Grocer,-38.0365924,145.1071005
Greenvale,supermarket,IGA Greenvale,-37.6389263,144.8804683
Knoxfield,supermarket,IGA Knoxfield Plus Liquor,-37.8942957,145.2497379
Richmond,supermarket,IGA Local Grocer Cremorne,-37.8300168,144.990153
Ascot Vale,supermarket,IGA Local Grocer Plus Liquor Moonee Ponds,-37.7714962,144.915536
Point Cook,supermarket,IGA Point Cook,-37.8990016,144.7398241
Melbourne,supermarket,IGA X-press + Liquor,-37.825805,144.957017
Melbourne,supermarket,IGA X-press plus Liquor,-37.804482,144.966104
Fitzroy North,supermarket,IGA X-press,-37.7686793,144.97235
Melbourne,supermarket,IGA X-press,-37.8176845,144.9583477
Niddrie,supermarket,IGA Xpress,-37.725327,144.8811644
Rosanna,supermarket,IGA Xpress,-37.7273378,145.0702893
Diamond Creek,supermarket,IGA,-37.6746392,145.1588555
Gladstone Park,supermarket,IGA,-37.6764357,144.8865555
Greensborough,supermarket,IGA,-37.6875728,145.1083326
Oak Park,supermarket,IGA,-37.7071083,144.9186123
Fraser Rise,supermarket,IGA,-37.7125819,144.7260158
Greensborough,supermarket,IGA,-37.7126927,145.0925869
Grangefields,supermarket,IGA,-37.7137736,144.6287856
Reservoir,supermarket,IGA,-37.7160681,145.0051747
Strathmore,supermarket,IGA,-37.7191287,144.9071953
Hadfield,supermarket,IGA,-37.7200923,144.9405948
Wonga Park,supermarket,IGA,-37.7356853,145.2722906
St Albans,supermarket,IGA,-37.7432164,144.7997843
Heidelberg,supermarket,IGA,-37.74352,145.0646217
Strathmore,supermarket,IGA,-37.7441591,144.9085712
Brunswick East,cafe,IGA,-37.7555241,144.9754733
Brunswick East,supermarket,IGA,-37.7556161,144.9755292
Brunswick West,supermarket,IGA,-37.758154,144.9393573
Fitzroy North,supermarket,IGA,-37.7717526,144.9986811
Fairfield,supermarket,IGA,-37.7762599,145.0183324
Carlton North,supermarket,IGA,-37.7787245,144.9764299
Parkville,supermarket,IGA,-37.784938,144.9385839
Flemington,supermarket,IGA,-37.7920177,144.9193602
Parkville,supermarket,IGA,-37.7951171,144.9415256
West Footscray,supermarket,IGA,-37.798141,144.8802126
Sunshine West,supermarket,IGA,-37.7985236,144.8177624
Deepdene,supermarket,IGA,-37.798545,145.0520745
Clifton Hill,supermarket,IGA,-37.7999747,144.9957652
Melbourne,supermarket,IGA,-37.8000464,144.9653246
Balwyn,supermarket,IGA,-37.8034488,145.0841241
Melbourne,supermarket,IGA,-37.8078326,144.9609707
Fitzroy,supermarket,IGA,-37.8097374,144.98563
Melbourne,supermarket,IGA,-37.809886,144.971151
Croydon South,supermarket,IGA,-37.8112725,145.2704883
Ringwood East,supermarket,IGA,-37.8120235,145.2516228
Melbourne,supermarket,IGA,-37.8164808,144.961159
Kingsville,supermarket,IGA,-37.8166274,144.8913811
Richmond,supermarket,IGA,-37.8198464,145.009407
Blackburn,supermarket,IGA,-37.8211081,145.1419147
Melbourne,supermarket,IGA,-37.8224729,144.9650768
Camberwell,supermarket,IGA,-37.8249989,145.0816328
Melbourne,supermarket,IGA,-37.8276939,144.9665201
Heathmont,supermarket,IGA,-37.8277952,145.2471846
Mitcham,supermarket,IGA,-37.8278021,145.1943445
Boronia,supermarket,IGA,-37.8444535,145.2993385
Middle Park,supermarket,IGA,-37.8506237,144.9645407
Malvern,supermarket,IGA,-37.8532747,145.0414858
Prahran,supermarket,IGA,-37.8545367,145.011674
Wantirna,supermarket,IGA,-37.8594013,145.240895
Malvern East,supermarket,IGA,-37.8630603,145.0777897
Laverton,supermarket,IGA,-37.8677134,144.7612869
Caulfield,supermarket,IGA,-37.8732679,145.0250024
St Kilda,supermarket,IGA,-37.8765871,144.9965585
Ferntree Gully,supermarket,IGA,-37.8822526,145.2943126
Murrumbeena,supermarket,IGA,-37.8857274,145.0586068
Wyndham Vale,supermarket,IGA,-37.8947805,144.6224075
Werribee,supermarket,IGA,-37.9024543,144.6515503
McKinnon,supermarket,IGA,-37.9036986,145.0407706
Upwey,supermarket,IGA,-37.9041781,145.3311819
Rowville,supermarket,IGA,-37.9139878,145.2570252
Mulgrave,supermarket,IGA,-37.9232123,145.166114
Belgrave Heights,supermarket,IGA,-37.9316948,145.3581416
Sandringham,supermarket,IGA,-37.9547495,145.0255753
Beaumaris,supermarket,IGA,-37.9864651,145.0334661
Cranbourne West,supermarket,IGA,-38.1158311,145.2408454
Frankston,supermarket,IGA,-38.1592302,145.1408228
St Kilda,cafe,Il Fornaio,-37.8623922,144.9741675
Brunswick East,cafe,IMA Café,-37.7544816,144.9803487
Carlton,cafe,Ima Project Cafe,-37.7975076,144.9692056
Thornbury,gym,Immortal Fitness,-37.7558947,144.993461
Melbourne,cafe,Impresso Cafe,-37.8122817,144.953649
Noble Park,gym,In 2 Performance,-37.9569824,145.1841946
Melbourne,cafe,In A Rush Kitchen,-37.818494,144.959211
Melbourne,cafe,In a Rush,-37.8129111,144.9701668
Melbourne,cafe,In a Rush,-37.8156794,144.9618381
Melbourne,cafe,In A Rush,-37.817296,144.969666
Melbourne,cafe,In a Rush,-37.817511,144.9529383
South Melbourne,cafe,In A Rush,-37.821874,144.9447899
Southbank,cafe,In A Rush,-37.8342625,144.9735094
Fairfield,cafe,In The Cup,-37.7967278,145.0113441
Noble Park,gym,in2fitness,-37.9574586,145.1851887
Hampton Park,supermarket,Indah Asian Market,-38.0330321,145.2659689
South Kingsville,cafe,Indi Kitch,-37.8408909,144.8827701
Ormond,supermarket,India at home,-37.889776,145.0442041
Clayton South,supermarket,India At Home,-37.9240319,145.1204953
Murrumbeena,supermarket,Indian Grocery,-37.885233,145.0575882
Belmont,supermarket,Indo-Asian,-38.1735433,144.3436438
Broadmeadows,cafe,Indulge Waffles and Desserts,-37.6791824,144.9241079
Kilsyth,cafe,Industrie Cafe,-37.8137689,145.2986684
Carlton,cafe,Industry Beans,-37.7947657,144.9781415
Somerton,cafe,Industry Cafe,-37.6481327,144.9438189
Carrum Downs,cafe,Industry Cafe,-38.0915765,145.1681659
Diamond Creek,gym,Infinity 360,-37.6747744,145.1591457
Carlton,cafe,INI Coffee,-37.8064871,144.9831393
Prahran,cafe,Ink & Co,-37.854539,145.0121904
St Kilda,cafe,Inkr7,-37.8642491,144.982124
Mount Eliza,gym,Inspired By Pilates,-38.1832862,145.0912672
Caulfield,gym,Integrate,-37.8864621,145.0195653
Carlton North,gym,Integrated Bodywork Pilates + Massage,-37.7794311,144.9780445
Preston,cafe,International Cafe Shop,-37.7412221,145.003322
Fitzroy,cafe,Into Coffee,-37.8055174,144.9866741
Melbourne,cafe,Inzone Cafe,-37.8180385,144.9543399
Malvern,cafe,Ionsky's Bakehouse Cafe,-37.8515093,145.0303152
St Kilda,cafe,Irwell's,-37.8672064,144.9805382
Southbank,cafe,iSushi Café & Bar,-37.83546,144.975571
Bellfield,library,Ivanhoe Libary,-37.7660627,145.0449974
Pascoe Vale,cafe,Jack & Daisy,-37.727857,144.9391911
Middle Park,cafe,Jack The Geezer,-37.8495754,144.9647729
Notting Hill,cafe,Jackman Eatery,-37.8915398,145.1435277
St Kilda,cafe,Jaggers,-37.8695906,144.9805733
Carnegie,cafe,Jake & the Beans Talk,-37.8796993,145.06935
Caulfield,cafe,Jam on Glenhunly,-37.8867254,145.0216474
Richmond,cafe,Jamaica Blue,-37.812288,145.011291
Cranbourne,cafe,Jamaica Blue,-38.1074656,145.2825636
Mornington,cafe,Jamaica Blue,-38.2184677,145.0391434
Hawthorn East,cafe,Jane&Co Cafe,-37.823439,145.0353829
Southbank,cafe,Jardin Tan,-37.8296276,144.9757359
Kingsville,cafe,Java Cafe,-37.8160946,144.8908872
Footscray,cafe,Jazeera Cafe,-37.8007888,144.899959
Springvale South,cafe,Jeany In A Cup,-37.9618602,145.1425951
Dandenong,cafe,Jebena Cafe,-37.9844431,145.2119583
Croydon Hills,supermarket,Jefferies | Your Local Provedore,-37.783285,145.2692902
Melbourne,cafe,Jeremy's Café,-37.8144274,144.9615279
Bentleigh East,cafe,Jerry’s Cafe,-37.9206917,145.0565452
Tullamarine,cafe,Jetstream Cafe Express,-37.7011962,144.856842
Taylors Hill,gym,Jetts Fitness,-37.7107146,144.7402344
Taylors Hill,gym,Jetts Fitness,-37.71077,144.7402244
Taylors Hill,gym,Jetts Fitness,-37.7108351,144.7402291
Heidelberg,gym,Jetts Fitness,-37.7435677,145.0642111
Coburg,gym,Jetts Fitness,-37.7473725,144.9657564
Northcote,gym,Jetts Fitness,-37.7672358,144.999405
Ascot Vale,gym,Jetts Fitness,-37.781866,144.9149803
Ringwood,gym,Jetts Fitness,-37.8178338,145.2232861
Oakleigh East,gym,Jetts Fitness,-37.90137,145.091077
Rowville,gym,Jetts Fitness,-37.9197079,145.235262
Bentleigh,gym,Jetts Fitness,-37.9208292,145.0555541
Cranbourne West,gym,Jetts Fitness,-38.107742,145.2507161
Drumcondra,gym,Jetts Fitness,-38.1356645,144.3490187
Hadfield,gym,Jetts,-37.7249986,144.9396936
Langwarrin,gym,Jetts,-38.1505029,145.1963531
Drumcondra,cafe,Jetty Road Brewery,-38.1450911,144.3649616
North Geelong,cafe,Jimmy'Z,-38.1110096,144.3429212
Carlton North,cafe,Joan Specialty Coffee,-37.7704851,144.9763398
Melbourne,cafe,Joe's Eatery,-37.7996061,144.9544576
Sunshine West,cafe,Joe's Milkbar & Coffee,-37.7907371,144.8173321
Cranbourne,cafe,Joe's Mochapot Cafe,-38.1108974,145.2823239
Grovedale,cafe,Joey's Place,-38.2078353,144.3294846
Norlane,library,John Drysdale Library,-38.0842277,144.3556611
Travancore,cafe,John Gorilla,-37.7662149,144.9489903
Burnside Heights,cafe,john's Nuts & Coffee,-37.7311476,144.7430743
Cheltenham,cafe,Johnny Dante,-37.9668485,145.055263
Ripponlea,cafe,Johnny's Elwood Bodega,-37.8861784,144.9891506
Thomastown,cafe,Johnson Street Cafe,-37.6952196,145.0120867
Balwyn North,cafe,Jolly Miller Cafe,-37.790971,145.0952714
Altona North,cafe,Jolly Miller,-37.8430491,144.8452323
Templestowe Lower,gym,Joon No's Taekwondo,-37.7720848,145.1051158
Tullamarine,cafe,Jorge's Cafe,-37.7130505,144.8601378
Footscray,cafe,Josephine,-37.7992787,144.8943653
South Yarra,cafe,Journeyman,-37.8522761,144.9932093
Carlton,cafe,Journeys Cafe by ASRC (Level 4),-37.7987245,144.963675
Melbourne,cafe,Journeys Cafe by ASRC,-37.8250924,144.967694
Notting Hill,cafe,JP's Cafe,-37.9070967,145.1376457
Docklands,cafe,JT's VICE Coffee Bar,-37.8059679,144.9484673
Carlton,cafe,Juddy Roller,-37.7990341,144.9825548
Dandenong,cafe,Juice Engine,-37.9882709,145.2138231
Ringwood East,cafe,Juliette Coffee & Bread,-37.80165,145.2594508
Clayton South,cafe,Jumbo Cafe,-37.9229501,145.1345721
Ferntree Gully,gym,Jump Swim School,-37.8824376,145.2710087
Docklands,cafe,Junie Moon's,-37.808723,144.9485906
Carlton,cafe,K&K Fitzroy,-37.7968436,144.975374
Templestowe Lower,gym,K1 Sport,-37.7675204,145.1049083
Clifton Hill,cafe,Kaede,-37.8004034,144.9973958
Notting Hill,cafe,Kafe Mument,-37.9101277,145.1420044
Epping,cafe,Kafemana,-37.6470888,145.0197458
Northcote,cafe,Kaféz,-37.769324,145.000303
Sherbrooke,cafe,Kallista Deli & Cafe,-37.8845178,145.3695596
Sherbrooke,supermarket,Kallista Organic Market,-37.8843722,145.3701092
Sherbrooke,cafe,Kallista Tearoom,-37.882481,145.3710766
Kangaroo Ground,cafe,Kangaroo Ground General Store,-37.6914903,145.2159817
Richmond,cafe,Kanteen,-37.8340469,145.0047756
Noble Park,cafe,Kara Deniz Cafe,-37.9669605,145.1745181
Croydon South,supermarket,Karen Asian Grocery,-37.8117989,145.2700736
Sunshine,cafe,Karibu African Coffee Club,-37.7885601,144.8310282
Melbourne,cafe,Karomi Cafe,-37.809618,144.9626451
Mount Eliza,cafe,Katie's Koffee and Cake,-38.1847574,145.0896637
Highett,cafe,Kay & Anne's Bay Cafe,-37.955015,145.0328383
Northcote,gym,Kaygees Gymnastics Club,-37.7668433,144.9859637
Melbourne,cafe,Kaèfei,-37.8127335,144.9565904
Oakleigh East,gym,KC Pilates,-37.8989469,145.0927674
Waurn Ponds,gym,KD Stewart Centre,-38.1982596,144.2993029
South Melbourne,cafe,Kebab & Gözleme Cafe,-37.8190181,144.9473459
Keilor,library,Keilor Village Library,-37.719253,144.8335079
Rowville,cafe,Kelletts Cafe,-37.9110781,145.2439632
Melbourne,cafe,Kenny's Bakery Cafe,-37.8099973,144.9708523
Flemington,cafe,Kensington Canteen,-37.7997462,144.9320168
Sunshine,cafe,Kent's,-37.7822191,144.8340269
Melbourne,cafe,Kerbside Caffe,-37.811806,144.9603455
Melbourne,cafe,Kere Kere,-37.8257083,144.9608905
Melbourne,cafe,KereKere Green,-37.8149104,144.9792572
Glen Waverley,cafe,Kerrie Road Bakery Cafe,-37.8761882,145.1779421
Docklands,gym,KettleFit,-37.8296477,144.9356951
Kew,supermarket,Kew Friendly Supermarket,-37.7960183,145.0354729
Kew East,library,Kew High School Library,-37.7950122,145.0623374
Kew,library,Kew Library,-37.8077837,145.0345102
Kew,library,Kew Toy Library,-37.7962571,145.0362195
Upper Ferntree Gully,gym,Keystone Fitness Club,-37.8936399,145.3087238
Clarinda,cafe,Kez,-37.9283415,145.1156526
Coburg,supermarket,KFL Supermarkets,-37.7446282,144.9661578
Braybrook,supermarket,KFL Supermarkets,-37.7826517,144.8643071
Travancore,supermarket,KFL Supermarkets,-37.7885187,144.9302751
Doncaster East,supermarket,KFL Supermarkets,-37.7887106,145.1610286
Footscray,supermarket,KFL Supermarkets,-37.7994862,144.8985563
Forest Hill,supermarket,KFL Supermarkets,-37.8343706,145.1720266
Wantirna South,supermarket,KFL Supermarkets,-37.8818907,145.2334277
Springvale,supermarket,KFL Supermarkets,-37.9505791,145.1504806
St Albans,supermarket,KFL,-37.7440725,144.8008872
Bellfield,cafe,Kia Cafe,-37.7437732,145.0330452
Hawthorn East,gym,Kieser,-37.8285278,145.0584061
Newtown,gym,Kieser,-38.1597787,144.3458391
South Geelong,cafe,Kilgour St Grocer,-38.1579042,144.3646167
Lalor,supermarket,Kim Oanh,-37.6724064,145.0170739
Melbourne,supermarket,KimChi Korean Japanese Grocery,-37.802712,144.977554
Brunswick,cafe,KINES,-37.7642001,144.961028
Carlton,supermarket,King & Godfree,-37.798456,144.967093
Wantirna,cafe,King Bean Cafe,-37.8480191,145.2317039
Drumcondra,cafe,King of the Castle,-38.1339381,144.3500955
Dandenong,supermarket,King Supermarket,-37.9852398,145.2126374
Melbourne,cafe,King Tea,-37.81789,144.9650575
Patterson Lakes,library,Kingston Libraries Patterson Lakes,-38.0688206,145.143232
Parkdale,library,Kingston Toy Library,-38.0042393,145.0868535
Springvale,cafe,Kiosk Cafe,-37.9491054,145.1530334
Coburg,library,Kirrip biik Park Free mini library,-37.7378931,144.9623808
Fairfield,cafe,Kissaten,-37.782721,145.0218161
Melbourne,cafe,Kit Espresso,-37.8146926,144.9638096
Dandenong South,cafe,Kitchen Road Cafe,-38.0247221,145.2236438
Dandenong South,cafe,Kitchen Road Take Away,-38.0177713,145.2257155
Aspendale,cafe,Kitchen Table Cafe,-38.0262462,145.1010757
Mooroolbark,supermarket,KKJ Grocery,-37.7856819,145.3112622
Noble Park,cafe,KM Cafe & Bar,-37.9679895,145.1767429
Hawthorn East,cafe,Knead Bakers,-37.8229718,145.0375024
Knoxfield,cafe,Knox Gateway Cafe,-37.8981391,145.2442547
Melbourne,cafe,Koala-t,-37.8026852,144.9640397
South Melbourne,cafe,Koffee Kings,-37.830973,144.964945
Drumcondra,cafe,Koffie Haus,-38.1434454,144.359087
Gladstone Park,cafe,Koffy,-37.6838736,144.8958176
Springvale South,supermarket,Koh's Market Place,-37.9718495,145.1497789
Carlton North,cafe,Kohi No Deshi,-37.7754633,144.9600923
Melbourne,cafe,Koko Black Chocolate,-37.8143703,144.9640406
Melbourne,cafe,Koko Black Chocolate,-37.8154143,144.9662539
Boronia,cafe,Koko Lime Cafe,-37.8442996,145.2988036
Thornbury,cafe,Kolache,-37.7490587,145.0020156
Aspendale Gardens,cafe,Koochino Cafe,-38.0222476,145.1176747
Box Hill North,supermarket,Korean World,-37.8206728,145.1240988
Moorabbin Airport,cafe,Korner Cafe & Takeaway,-37.989229,145.104403
Drumcondra,gym,Krav Maga Global,-38.1424811,144.3557456
Mitcham,supermarket,KT Mart Asian Grocery,-37.8160472,145.1934578
Melbourne,supermarket,KT Mart,-37.8042993,144.9590757
Deepdene,cafe,Kuche,-37.7985952,145.0527211
Kalorama,gym,Kumbada Studio,-37.8179219,145.3658519
Cranbourne West,supermarket,Kuya JJ Asian Grocery,-38.1084035,145.2511267
Eltham,gym,KX Pilates,-37.7134819,145.1489648
Northcote,gym,KX Pilates,-37.7702216,144.9989997
Balwyn North,gym,KX Pilates,-37.7916826,145.0946781
Manifold Heights,gym,KX Pilates,-38.1414226,144.3485285
Mornington,gym,KX Pilates,-38.2222769,145.0407783
Laverton,cafe,Kyla's Cafe,-37.8675478,144.7614475
Melbourne,cafe,Kyoto Sushi & Noodle Bar,-37.8141257,144.9605475
South Yarra,cafe,Kāya Espresso,-37.8471169,144.9939591
South Yarra,gym,Kāya Health Clubs,-37.8470764,144.9939645
Montmorency,supermarket,L' Plenty food,-37.7271506,145.113013
Carlton North,gym,L9 Fitness & Skills,-37.7843116,144.9775575
Berwick,cafe,La Baguette,-38.0317595,145.345469
South Yarra,cafe,La Calline,-37.8451846,144.9799686
Carlton,cafe,La Latteria,-37.797415,144.97114
Essendon Fields,supermarket,La Manna Supermarket,-37.7262703,144.8937304
Moorabbin Airport,cafe,La Penini Cafe,-37.9905475,145.1115913
Dandenong South,cafe,La Penini Sandwich Bar,-38.0292591,145.2143208
Melbourne,cafe,La Petite Crêperie,-37.8138954,144.9615104
Melbourne,cafe,La Stradda Cafe,-37.8115213,144.9565801
Doncaster East,cafe,La'Affogato Cafe,-37.7903383,145.1701303
Reservoir,cafe,Lady Bower,-37.7168228,145.0104867
Brunswick West,cafe,Lady Melville Cafe & Courtyard,-37.7539005,144.9456088
Fitzroy,cafe,Ladybird Café,-37.7991717,144.9875019
Craigieburn,cafe,Lago Fino,-37.5836049,144.9194203
Mooroolbark,supermarket,Lai Grocery,-37.7849478,145.3143439
Parkville,cafe,Lakeside Cafe,-37.7837033,144.9532439
Lalor,library,Lalor Library,-37.6730807,145.0181803
Richmond,cafe,LaManna & Sons,-37.8302944,144.9953838
Essendon Fields,cafe,LaManna Cafe,-37.7268472,144.8938799
Keilor Park,cafe,Lambeck Cafe,-37.708959,144.8513597
Caulfield,library,Lamm Jewish Library of Australia,-37.8849688,145.0218193
Northcote,cafe,Lan Coffee,-37.7600607,145.000556
Melbourne,cafe,Lane's Edge,-37.811838,144.972057
Melbourne,cafe,Langleys,-37.8166802,144.9541098
Langwarrin,cafe,Langwarrin General Store,-38.1505813,145.2034333
Upper Ferntree Gully,cafe,Larder & Thyme,-37.8824532,145.2951931
McKinnon,cafe,Largo Cafe,-37.9078766,145.0247858
Ripponlea,cafe,Lark,-37.88575,144.9879646
St Kilda,cafe,Las Chicas,-37.8688614,144.9933636
Maribyrnong,cafe,Latin Foods & Wines,-37.7787989,144.8764727
Hallam,cafe,Latte Cartelle Coffee Drive Thru,-38.0066019,145.2725801
Hawthorn East,cafe,Latte Da,-37.8322082,145.0562552
Fitzroy North,cafe,Launder It,-37.7761083,144.9972528
Ringwood,cafe,Laurent Bakery Eastland,-37.81333,145.2290876
Surrey Hills,cafe,Laurent Boulangerie Patisserie,-37.8132739,145.0837698
Melbourne,cafe,Laurent Boulangerie Patisserie,-37.814938,144.957603
Collingwood,cafe,Laurent Boulangerie Patisserie,-37.8161942,144.984965
Alphington,cafe,Laurent,-37.7685994,145.0424133
Alphington,cafe,Laurent,-37.7686373,145.0423582
Doncaster,cafe,Laurent,-37.7841025,145.1266971
South Yarra,cafe,Laurent,-37.8394747,144.9963818
South Melbourne,cafe,Lavender,-37.8422163,144.9532428
Melbourne,library,Law Library,-37.8023777,144.9597833
Notting Hill,library,Law Library,-37.913008,145.1319215
Richmond,cafe,Lawson Grove Shop,-37.833552,144.9902571
Hawthorn East,library,LB Swinburne Library,-37.822471,145.0393357
Melbourne,cafe,Le Bajo Milkbar,-37.8050387,144.9540536
St Kilda,cafe,Le Bon Cake Shop,-37.8679928,144.9790295
Northcote,cafe,Le Cafe Flo,-37.7592825,145.0001932
Melbourne,cafe,Le Cellier,-37.800571,144.977894
Gardenvale,cafe,Le Cinque Terre,-37.9052955,145.0019979
Melbourne,cafe,Le Gourmet Cakes,-37.7992836,144.978146
Carlton,cafe,Le Miel,-37.7968607,144.9663103
Melbourne,cafe,Le Petit Chateau,-37.8154842,144.964372
Melbourne,cafe,Le Petit Gateau,-37.8163157,144.9595571
Caulfield,cafe,Le petit lapin,-37.8788165,145.0127183
Mentone,cafe,Le Roi Cafe,-37.9823117,145.0647515
Footscray,cafe,Le Vo,-37.7992167,144.8937478
Melbourne,cafe,Le Yeahllow Little Collins Street,-37.8155303,144.9623875
Ringwood,cafe,Leaf & Vine,-37.7986137,145.240599
South Yarra,cafe,Leaf Lane,-37.8451628,145.0021858
Northcote,cafe,Leanna,-37.7684369,145.0016228
Kealba,cafe,Leaping Lizard Cafe,-37.7276486,144.8338445
South Yarra,supermarket,Lee's Asian Grocery,-37.8459557,144.99234
Keilor Park,cafe,Lee's Cafe,-37.7327976,144.8558487
Vermont,cafe,Leeroy,-37.8383398,145.206825
Ormond,cafe,Left Field,-37.9016316,145.0548836
Ringwood,gym,Legacy Health and Fitness,-37.8170281,145.2276218
Melbourne,library,Legal Aid public law library,-37.8156051,144.9568708
Melbourne,cafe,Legals,-37.8131375,144.9587418
Melbourne,cafe,Lemon Tree Cafe,-37.8102506,144.9629326
Fitzroy,cafe,"Lemon, Middle & Orange",-37.8073053,144.9878787
South Melbourne,cafe,lenny,-37.8453786,144.9506207
Heidelberg,supermarket,Leo's Fine Food & Wine,-37.7564568,145.0654972
Kew,supermarket,Leo's Fine Food & Wine,-37.8062858,145.0292817
Camberwell,supermarket,Leo's Fine Food & Wine,-37.8488155,145.0766461
South Melbourne,cafe,Leona,-37.8371382,144.9431078
South Kingsville,cafe,Leroys,-37.8430242,144.8825096
Preston,cafe,Les Crepes Gourmandes,-37.7387178,145.0019363
Bayswater,cafe,Let's Go Cafe,-37.8438525,145.2789522
Chadstone,cafe,Lets Bab,-37.8746334,145.0919615
St Kilda,cafe,Levanter Cafe,-37.8686765,144.9940191
Hughesdale,cafe,Levi,-37.8907605,145.0671243
Dandenong,supermarket,LH Supermarket,-37.9741894,145.2017448
Melbourne,cafe,Liaison,-37.8129404,144.972438
Fitzroy,cafe,Libertine & Co.,-37.7996419,144.9897132
Docklands,library,Library at the Dock,-37.8200204,144.9405445
Gladstone Park,library,Library,-37.6757234,144.8960286
Wheelers Hill,gym,Life Style Fitness,-37.9058492,145.1886418
Richmond,cafe,Life. Kitchen,-37.8142085,145.0046129
Croydon South,gym,Lifecare Pilates,-37.810913,145.2886308
South Melbourne,cafe,Light up Coffee,-37.8334741,144.9638666
Drumcondra,cafe,Lil Pako,-38.1383916,144.3489533
Blackburn North,cafe,Lil' Ray,-37.8052812,145.1554865
Scoresby,cafe,Lily's Banh Mi Cafe,-37.898184,145.2302705
Lilydale,library,Lilydale Library,-37.7660329,145.347166
Lilydale,gym,Lilydale Squash & Fitness Centre,-37.756386,145.3615108
Sandringham,cafe,Limoncello,-37.9500831,145.0039479
Melbourne,supermarket,Lin's Asian Grocery,-37.806289,144.96093
Melbourne,cafe,Lincoln Bakery Cafe,-37.8011716,144.9625798
Melbourne,gym,Lincoln Square Fitness,-37.802112,144.961861
Melbourne,cafe,Lionel's Cafe,-37.8251701,144.9693673
Bellfield,cafe,Lip Cafe,-37.7593628,145.0443093
Fairfield,gym,Listen To Your Body Fairfield,-37.7759929,145.0188392
Ascot Vale,gym,Listen To Your Body,-37.7649455,144.9196767
Princes Hill,gym,Listen To Your Body,-37.7678425,144.9725185
Newtown,gym,Listen to your body,-38.1574982,144.3453847
Kingsville,cafe,Little Advi,-37.8163361,144.8908907
Flemington,cafe,Little Bean Shop,-37.7999106,144.9097394
Notting Hill,cafe,Little Big Shot 3,-37.9136303,145.1327632
Mornington,cafe,Little Birdy Cafe & Catering,-38.2304764,145.037861
Melbourne,cafe,Little Black Cafe,-37.8244506,144.970159
Richmond,cafe,Little Bridge Cafe,-37.817777,144.9910714
Richmond,cafe,Little Bridge Cafe,-37.8177938,144.9912213
Ringwood,cafe,Little Buddy Cafe,-37.8087476,145.2191354
Berwick,cafe,Little by Little Cafe,-38.03615,145.3430632
Melbourne,cafe,Little Charley Cafe,-37.8092247,144.9626471
Notting Hill,cafe,Little Collins Cafe,-37.9006673,145.1346427
Melbourne,cafe,Little Collins,-37.815175,144.9642353
Richmond,cafe,Little Ezida,-37.810578,145.0033759
Moonee Ponds,cafe,Little Fletcher,-37.7553644,144.9196147
Melbourne,cafe,Little Gordon,-37.810524,144.9717049
Geelong West,cafe,Little Green Corner,-38.1500748,144.3580204
Tarneit,cafe,Little Growling Cafe,-37.8470281,144.6517562
Thornbury,cafe,Little Henri,-37.7524547,145.0018799
Sunshine,supermarket,Little India Groceries,-37.7824154,144.8336851
Kingsville,cafe,Little J Cafe,-37.8163691,144.8889212
Maribyrnong,library,Little library,-37.7644597,144.8930959
Fitzroy North,cafe,Little Local,-37.7716643,144.9983866
Geelong West,cafe,Little M Cafe,-38.1475724,144.3581213
Richmond,cafe,Little Molli,-37.806893,144.9966367
Carlton,cafe,Little Mylk Bar - Tasty Vegan Streetfood,-37.7970471,144.9617171
Balwyn,cafe,Little Nonna,-37.8033657,145.0834097
Sunshine,cafe,Little Rays,-37.783115,144.8322367
Melbourne,cafe,Little Rogue,-37.8109925,144.9640518
Gardenvale,cafe,Little Sister,-37.9058312,145.0039154
Melbourne,cafe,Little Sparrow,-37.8121334,144.9641414
Hoppers Crossing,cafe,Little Sparrow,-37.8761135,144.6803421
Hughesdale,cafe,Little Sparrow,-37.8847107,145.0839221
Notting Hill,cafe,Little V Cafe,-37.9159603,145.1513643
Blackburn North,cafe,Little Woodpecker,-37.8037108,145.1473883
Melbourne Airport,cafe,Liv Eat Green,-37.6689621,144.850601
Chelsea,gym,Live Life Well,-38.0526213,145.1158379
Notting Hill,cafe,lizzie P,-37.9099473,145.146071
Burwood,cafe,Loading Zone,-37.844448,145.1126411
Brunswick East,gym,Loading,-37.7638323,144.9729524
Brunswick,cafe,Lobbs,-37.7633023,144.9626302
Northcote,cafe,Local Bean Cafe and Bar,-37.7609199,144.9999239
Northcote,cafe,Local Bean Cafe and Bar,-37.760971,144.9999026
Travancore,cafe,Local Folk,-37.7922179,144.925615
South Kingsville,supermarket,Local Grocer IGA,-37.8296604,144.8858342
Sandringham,cafe,Local Italian,-37.9598041,145.0196415
Port Melbourne,cafe,Local Rules,-37.8363501,144.9197063
Lilydale,cafe,Locavore Cafe,-37.7575402,145.3484485
Werribee,cafe,Lokal Cafe 3030,-37.9008222,144.6626414
Footscray,cafe,Lola,-37.8067865,144.8917421
Mentone,cafe,Lolly Jar Cafe,-37.9828906,145.0643113
Brunswick West,cafe,LoLo & Wren,-37.758199,144.939661
Melbourne,cafe,Lonsdale Street Larder,-37.8094748,144.9711439
Oakleigh South,cafe,Loose Goose Café,-37.9221348,145.083483
Clifton Hill,cafe,Loosie Grind,-37.805306,144.996627
Park Orchards,cafe,Lorenti Cafe & Deli,-37.7791965,145.2173161
Ferntree Gully,cafe,Lorna Cafe,-37.8884645,145.2933512
Ringwood,cafe,lot 7 espresso bar,-37.815282,145.2267822
Derrimut,cafe,Lot 8 Cafe,-37.7909412,144.7728353
Gardenvale,cafe,Lottie Expresso,-37.9020847,145.0188893
Melbourne,cafe,Louie,-37.8159014,144.9631715
Melbourne,cafe,Louis Fitzroy,-37.8014909,144.9775776
Ascot Vale,cafe,Love Latte,-37.7732816,144.9161201
Melbourne,cafe,Lovey Patisserie,-37.8078828,144.9590807
Melbourne,cafe,Lt Nic,-37.8115231,144.9643656
Carrum Downs,cafe,Lubo's Snack-Bar,-38.1067726,145.1650202
South Geelong,cafe,Lucy Lockets,-38.1548629,144.3718588
Carlton North,cafe,Lucy Lockett,-37.7772529,144.969629
Hampton Park,cafe,Lucy’s Cafe,-38.0323951,145.2664313
Camberwell,cafe,Lulabelles,-37.8484849,145.0777587
Richmond,cafe,Lumberjack,-37.8197246,145.0077607
Knoxfield,cafe,Lunch Break Deli,-37.8943637,145.2500165
Clayton South,cafe,Lunch Hour Cafe,-37.9385687,145.1228766
Moorabbin Airport,cafe,Lunch Matters,-37.9842838,145.1112263
Boronia,cafe,Lunch Shop,-37.845018,145.2870186
Travancore,cafe,Luncheonette,-37.7943925,144.9311078
Melbourne,cafe,Lune,-37.8155697,144.9691638
Footscray,cafe,Luuq Food Cafe,-37.8034487,144.898623
Brunswick,cafe,Lux Foundry Cafe,-37.7641964,144.9598267
Melbourne,cafe,Lygon Food Store,-37.7991983,144.9669393
Preston,cafe,M's Cafe,-37.7388734,145.0023733
St Albans,supermarket,MA-B1 African Market,-37.7440872,144.7969635
Greensborough,cafe,Mabel Jones,-37.7047225,145.1027104
Caulfield East,cafe,Machi machi,-37.8765231,145.0420538
Hughesdale,cafe,Machi machi,-37.8871193,145.0811644
Brunswick West,cafe,MaCo Cafe,-37.7535248,144.9461995
Melbourne,cafe,Madame Brussels,-37.8119505,144.971546
Fitzroy,cafe,Made in Sud,-37.80833,144.9905463
Heathmont,cafe,Magic Hand Car Wash,-37.8294331,145.2448155
Coburg,supermarket,Magid Afghan Supermarket,-37.7436146,144.9663291
Upwey,cafe,Magpie House Cafe,-37.9038445,145.3309827
Coburg,supermarket,Mahalaxmi Grocery and convenience store,-37.7419597,144.9653403
Carlton North,cafe,Maillard Toast and Espresso Bar,-37.7796732,144.9867595
Parkdale,cafe,Main Street 3195,-38.006737,145.0869377
Oakleigh South,cafe,Main Street Cafe,-37.9098332,145.1040023
Dandenong,supermarket,Maiwand Supermarket,-37.9864078,145.2126911
South Yarra,cafe,Maker & Monger,-37.8460216,144.992745
Melbourne,cafe,Maker,-37.8137557,144.9613601
Richmond,cafe,Maker,-37.8162651,145.011342
Box Hill North,cafe,Malay Kitchen,-37.8193587,145.1247762
Melbourne,cafe,Malt Kitchen & Pantry,-37.8270209,144.9665969
Malvern,library,Malvern Library,-37.8566697,145.0319883
Caulfield East,cafe,MamaDuke,-37.8764495,145.0446884
Essendon Fields,cafe,Mamma Lina's,-37.7390504,144.8966459
Notting Hill,library,Manga Library,-37.9134344,145.1306135
Narre Warren,gym,Manic Fitness,-38.0213048,145.3024703
Mooroolbark,cafe,Manna Lane,-37.7848607,145.3145179
Bulleen,library,Manningham Toy Library,-37.7619229,145.0986198
Manifold Heights,cafe,Manny's Kitchen,-38.1300532,144.3316693
Dallas,cafe,Manti Cafe,-37.6662523,144.9421252
Wheelers Hill,cafe,MAPh Café,-37.9077033,145.1905514
Footscray,cafe,Maples,-37.800755,144.899536
Melbourne,cafe,Marche Board Game Cafe,-37.8091379,144.961732
Narre Warren North,supermarket,Marco's IGA,-37.9809432,145.3167652
Belgrave,cafe,Mareesa's Cafe,-37.9088497,145.3549128
Upwey,cafe,Maria,-37.9039698,145.3310888
Dandenong,cafe,Marina Shisha Lounge & Cafe,-37.9880456,145.2130973
Carlton,cafe,Marios,-37.7979694,144.9783876
Melbourne,cafe,Market Espresso & Trolley Hire,-37.807955,144.957654
Melbourne,cafe,Market Espresso,-37.8075546,144.9578912
Princes Hill,cafe,Market Lane Coffee,-37.7683591,144.9617647
Carlton,cafe,Market Lane Coffee,-37.7986545,144.968513
Melbourne,cafe,Market Lane Coffee,-37.8062752,144.9579591
Melbourne,cafe,Market Lane Coffee,-37.8066911,144.9590838
South Melbourne,cafe,Market Lane Coffee,-37.8328479,144.9573083
South Yarra,cafe,Market Lane Coffee,-37.8458338,144.9929721
Dandenong,cafe,Marketto,-37.9844232,145.2148445
Strathmore,cafe,Marlen's Warehouse,-37.7438892,144.928426
Melbourne,cafe,Mars Miller,-37.8100645,144.9685203
Melbourne,cafe,Martha Ray's,-37.804749,144.97723
Melbourne,cafe,Martinis,-37.8132231,144.958445
Carlton North,cafe,Mary Miller,-37.7769405,144.9870221
Dandenong,cafe,Mary's Courtyard Cafe,-37.9852997,145.2121135
Notting Hill,cafe,Maryam's Cafe,-37.9171433,145.1392892
Box Hill North,cafe,Mary’s Paddock,-37.8146397,145.1194042
Hughesdale,cafe,Masala Chai Cafe,-37.8985902,145.0869409
Mooroolbark,supermarket,Masala Pantry,-37.7858641,145.3112263
Footscray,cafe,Mason and Eric Cafe,-37.8075474,144.9042924
Surrey Hills,cafe,Mason Lane Cafe,-37.8211219,145.1051368
Moorooduc,cafe,Master Jack Cafe,-38.2146509,145.1097307
Mont Albert North,cafe,Matilda,-37.8088802,145.1083575
Melbourne,cafe,Maverick,-37.8133111,144.9705103
Clifton Hill,cafe,Mavis the Grocer,-37.8030269,144.9970286
Melbourne,cafe,Max Brenner,-37.8106428,144.9653735
Melbourne,cafe,Max Brenner,-37.8108065,144.9651784
North Shore,gym,Max Effort Fitness,-38.0919686,144.36678
Melbourne,cafe,Max's Café,-37.8042401,144.9772845
Upper Ferntree Gully,supermarket,Maxi Foods,-37.8943767,145.3080703
Gladstone Park,cafe,Mayflour Cafe & Cupcake Shop,-37.676342,144.8870529
Fitzroy,supermarket,McCoppins Food & Wine,-37.7888604,144.9895506
Carlton North,cafe,McIver's North Tea and Coffee,-37.7761664,144.9594234
South Melbourne,cafe,Meals With Impact,-37.8207203,144.9490086
Brunswick,supermarket,Mediterranean Wholesalers,-37.7665945,144.9623648
Parkville,cafe,Meercat Manor Cafe,-37.7850593,144.9532017
Caulfield,cafe,Meet at 903,-37.8875305,145.0273606
Alphington,cafe,Meet Me @ Ed’s,-37.7679078,145.0231318
Notting Hill,cafe,Meeting Point,-37.9114896,145.1329461
Footscray,cafe,Mehretina Cafe,-37.799799,144.8970619
South Melbourne,cafe,Meister,-37.8211991,144.9499187
Springvale South,supermarket,Mekong Groceries,-37.9717702,145.1496318
Melbourne,cafe,Melba Café,-37.8077581,144.9612787
Travancore,cafe,Melba's Cafe,-37.7718983,144.949712
Travancore,supermarket,Melba's Food Hall,-37.7718954,144.9498331
Melbourne,gym,Melbourne Altitude Training,-37.8285666,144.9611623
Docklands,cafe,Melbourne Ferry Terminal,-37.816902,144.9450767
Bellfield,gym,Melbourne Gym Sports,-37.7669651,145.0287004
Templestowe Lower,cafe,Melissa Cakes Cafe Bar,-37.7567225,145.121643
Mentone,library,Mentone Public Library,-37.9830254,145.0633418
Mentone,cafe,Mentone South East Cafe,-37.9825317,145.0640196
Parkville,cafe,Mer Kapah Cafe,-37.7860814,144.9500021
Bentleigh East,cafe,Merchants Guild,-37.9210653,145.0567976
Clarinda,cafe,Mercury Inn,-37.9282638,145.1151304
Noble Park,cafe,Merkator Royal,-37.9681244,145.1762392
Hadfield,library,Merlo little library,-37.7206137,144.9602268
Sandringham,cafe,Merrymen,-37.9394544,145.0007218
Narre Warren,cafe,Meteoric,-38.0191548,145.3064277
Ferntree Gully,cafe,Micah Coffee Brewers,-37.8881164,145.2898201
Melbourne,cafe,Michel's Patisserie,-37.8150653,144.952021
Boronia,cafe,Michel's Patisserie,-37.8618987,145.284752
Kooyong,cafe,Michelle's Rolls & Coffee,-37.8285855,145.0344357
Melbourne,cafe,Mid Square Coffee,-37.8027048,144.9642262
Maribyrnong,cafe,middle child,-37.7703158,144.9021958
Scoresby,cafe,Middle Man Cafe,-37.9137538,145.2193471
Middle Park,library,Middle Park Library,-37.8498967,144.9621219
Brighton East,cafe,Middle School Canteen,-37.9279342,145.007105
Box Hill North,cafe,Middleborough Latte Cafe,-37.8082043,145.1402853
Melbourne,cafe,Midtown,-37.814248,144.9671999
Springvale,cafe,Milan Teahouse,-37.9506757,145.1515118
Princes Hill,cafe,Mile End Bagels,-37.768346,144.9612985
Carlton,cafe,Mile End Bagels,-37.7982291,144.9754792
Cheltenham,cafe,Milk Boy,-37.966664,145.0551458
Heathmont,cafe,Milk+Wine Co.,-37.8295958,145.2456204
Boronia,cafe,Milki & Miller,-37.8443716,145.2987898
Melbourne,cafe,Milksha,-37.8149495,144.9636992
Melbourne,cafe,MilkSha,-37.8149917,144.9637058
Princes Hill,cafe,Milkwood,-37.7676168,144.9803349
Mill Park,library,Mill Park Library,-37.6603979,145.0748797
Epping,cafe,Millers Cafe,-37.6500453,145.0198412
Thornbury,cafe,Millhouse Bakery Cafe,-37.7550946,144.9937582
Coburg,cafe,Mills Cafe,-37.7317329,144.9586085
Carlton,cafe,Min Lokal,-37.796901,144.982356
South Melbourne,cafe,Min The Cafe,-37.8201789,144.9420594
South Geelong,gym,Minc Fitness,-38.1636252,144.359515
Noble Park,cafe,Mingi Cafe,-37.9671335,145.1744938
St Albans,supermarket,Minh Hưng,-37.7438416,144.8009936
Richmond,supermarket,Minh Phat Asian Supermarket,-37.8095858,144.9963729
Cairnlea,supermarket,Minh Vi,-37.7585801,144.7904118
Malvern,cafe,Mirror Image,-37.8518463,145.0301339
South Melbourne,cafe,Mish Cafe,-37.834714,144.970926
St Kilda,cafe,Miss Alex & Co,-37.8730744,144.9898227
Footscray,cafe,Miss An'am,-37.8064444,144.890849
Malvern East,cafe,Miss Ash Cafe,-37.8633528,145.0804553
South Melbourne,cafe,Miss Colombia,-37.8453047,144.9590164
Kew East,cafe,Miss D's Cafe Tea Room,-37.7938295,145.0640032
Southbank,cafe,Miss Ella Coffee Shop,-37.834941,144.973595
Croydon,cafe,Miss Lacey Cafe and Wine Bar,-37.7951579,145.2820116
Forest Hill,cafe,Miss Lucy,-37.824236,145.1664199
Heidelberg,cafe,Miss Marie,-37.7438296,145.0657375
Parkville,cafe,Miss Marmalade,-37.7731845,144.9530524
Eltham,cafe,Miss Pryor,-37.7132925,145.1492783
South Morang,cafe,Miss V Espresso & Pizza Bar,-37.6294417,145.0830872
Cheltenham,cafe,Miss Viet,-37.9664711,145.0556372
Brunswick West,cafe,Mister & Missus M,-37.7589875,144.944638
Surrey Hills,cafe,Mister and Miss,-37.8156349,145.1058057
Ripponlea,cafe,Mister Baker,-37.885001,145.0073088
Coburg,cafe,Mister Lincoln,-37.7320936,144.9586243
South Yarra,cafe,Mister Zen,-37.8456372,144.9858866
Fitzroy North,cafe,Mitte,-37.7857013,144.9892465
Coburg North,cafe,Mix Takeaway,-37.7296805,144.9605472
Fitzroy North,cafe,Mixed Business,-37.7854502,144.9943692
Melbourne,cafe,Mixue,-37.8089456,144.9605218
Dandenong,supermarket,MJ Butcher Fruit Veg,-37.9868238,145.2147653
Chelsea,cafe,MJ's Hideaway,-38.0526997,145.1151519
St Albans,supermarket,MKS Spices 'n Things,-37.7444108,144.8037167
Dandenong,supermarket,MKS Spices n Things,-37.9892872,145.2152267
Blackburn North,gym,MnM Studio,-37.8000413,145.1688902
Glen Waverley,cafe,Mocha Jo's,-37.8808251,145.1632307
Melbourne,cafe,Mock Turtle,-37.8171424,144.9657545
Richmond,cafe,Modena,-37.8163023,145.0090461
Briar Hill,cafe,Modern Fusion,-37.7171098,145.1212943
Princes Hill,cafe,Mokum,-37.7691763,144.9616204
Melbourne,cafe,Moment Coffee,-37.8122619,144.9581735
Ormond,cafe,Momo Ghar,-37.8896383,145.0429578
Camberwell,cafe,Monaco's Continental Delicatessen & Food Store,-37.8421671,145.0694522
St Kilda,cafe,Monarch Cakes,-37.8681561,144.9792122
Notting Hill,supermarket,Monash Mini Merchant,-37.911962,145.1330597
Notting Hill,cafe,Monash Snack Bar,-37.9095973,145.1514536
Notting Hill,gym,Monash Sport Fitness Centre,-37.9133436,145.1360148
St Kilda,cafe,Monk Bodhi Dharma,-37.868197,144.9909205
South Melbourne,cafe,Montague Park Foodstore,-37.8371803,144.9538942
Ferntree Gully,cafe,Montania Cafe,-37.8843613,145.2737183
Bayswater,cafe,Montano's Cafe,-37.8408413,145.2653551
Cairnlea,cafe,Monte Coffee,-37.7450249,144.8013075
Montrose,supermarket,Montrose IGA,-37.8106577,145.3431686
Montrose,library,Montrose Library,-37.810426,145.3446201
Brunswick West,cafe,Monza Carspa & Cafe,-37.7526605,144.9454812
Parkville,cafe,Moo Moo Milk Bar,-37.7755285,144.9489674
Geelong,cafe,Moo Mouth Coffee,-38.1490166,144.362555
Docklands,cafe,Moon Mart,-37.805952,144.9422906
Hamlyn Heights,cafe,Moorabool Valley Cafe & Chocolaterie,-38.1065776,144.3174527
Mooroolbark,library,Mooroolbark Library,-37.7858184,145.3125145
Kings Park,supermarket,Morgan's IGA,-37.7260976,144.7809164
Derrimut,supermarket,Morgan's IGA,-37.7921897,144.7895016
Melbourne,cafe,Mork Chocolate,-37.8157527,144.9632245
Mornington,library,Mornington Peninsula Library,-38.2175052,145.0362576
Hoppers Crossing,cafe,Morris + Heath,-37.8811949,144.7036873
Keilor Park,cafe,Mosiacs Deli,-37.709532,144.855493
Richmond,cafe,Mothership,-37.8069234,144.9986977
Travancore,gym,Motus Life,-37.7908754,144.9353463
Mount Waverley,library,Mount Waverley Secondary College Senior Library,-37.8692706,145.1329628
Melbourne,gym,MOVE yoga,-37.8175852,144.9634936
Hawthorn East,cafe,Mr & Mrs Andersons,-37.8406355,145.0461119
South Melbourne,cafe,Mr Albert Eastern Cafe,-37.837184,144.967455
McKinnon,cafe,Mr Brightside,-37.8965855,145.0360134
Parkville,cafe,Mr Fox,-37.775238,144.9490581
Parkville,cafe,Mr Gonzo,-37.7947096,144.9421009
Springvale,cafe,Mr Grumpy’s Cafe,-37.9311156,145.1556187
Surrey Hills,cafe,Mr Hendricks,-37.8133593,145.0866325
Macleod,cafe,Mr Martins Cafe,-37.712135,145.0820314
Southbank,cafe,Mr Percival,-37.8389826,144.9750655
Ringwood,supermarket,Mr Rhino Supermarket,-37.8167439,145.2215903
Melbourne,cafe,Mr Speaker,-37.8092099,144.9715755
Melbourne,cafe,Mr Summit,-37.8241896,144.9624587
Melbourne,cafe,Mr Tulk,-37.8095603,144.9646236
Brunswick West,cafe,Mr Walker,-37.7566096,144.9300412
Fairfield,cafe,Mr Wednesday,-37.7788879,145.0242235
Melbourne,supermarket,Mr. Dad Super Market,-37.8062642,144.9617649
Melbourne,cafe,Mr. Tod,-37.8117758,144.9756391
Cranbourne,supermarket,Mrs Wan's Asian Mart Cranbourne,-38.1116346,145.2825114
Moorabbin Airport,cafe,Mrs. Fields,-37.9712584,145.0888542
Noble Park,cafe,MS Coffee Shop,-37.9657364,145.1744131
Melbourne,cafe,Ms PREtea,-37.8122099,144.9619306
Sassafras,supermarket,Mt Dandenong IGA,-37.8479014,145.3607598
Mount Eliza,gym,Mt Eliza Family Fitness,-38.1921215,145.0910762
Mount Waverley,library,Mt Waverley Library,-37.8747234,145.1272563
Lalor,cafe,Muffin Break,-37.6549871,145.0167899
Melton West,cafe,Muffin Break,-37.686065,144.5629522
Sunshine,cafe,Muffin Break,-37.7819194,144.8313344
Point Cook,cafe,Muffin Break,-37.8955548,144.7515986
Hughesdale,cafe,Muffin Break,-37.900804,145.090371
Cheltenham,cafe,Muffin Break,-37.9580947,145.0534479
Heatherton,cafe,Muffin Break,-37.9701562,145.0890363
Narre Warren,cafe,Muffin Break,-38.0243654,145.3088176
Frankston,cafe,Muffin Break,-38.1411787,145.1246149
Melbourne,cafe,Mugs Alley,-37.8161839,144.976049
Burnley,cafe,Muharam,-37.8212955,145.0260182
Melbourne,cafe,Muleta's Cafe,-37.8086072,144.9580796
Dandenong,cafe,Munch Brunch,-37.9874228,145.2156092
Manifold Heights,cafe,Munchies On Aphrasia,-38.1503441,144.3407558
Melbourne,cafe,Museum Cafe,-37.803693,144.972686
Heatherton,cafe,Muzz Buzz,-37.9698386,145.0878848
Murrumbeena,supermarket,MVJ,-37.8877722,145.0570956
Mooroolbark,cafe,Mwah Foods,-37.7885453,145.3108269
Southbank,cafe,My Cafe & Foodery,-37.835911,144.975866
Strathmore,cafe,My Goodness Treats,-37.7469372,144.9208871
Docklands,cafe,My Koala Café,-37.8140423,144.944826
Melbourne,cafe,My Modern,-37.813046,144.9679913
South Melbourne,cafe,My Sista Says,-37.8364797,144.9435802
Richmond,cafe,My Stubbon Cousin,-37.8196533,144.9953966
Collingwood,cafe,My Sushi,-37.8161557,144.9846178
Springvale South,supermarket,My Tam Grocery,-37.9620491,145.1427
Oakleigh East,cafe,Mykonos,-37.9003997,145.0909924
Mitcham,cafe,Mylk Bar,-37.8269812,145.1943754
Brighton,cafe,Mylk,-37.9139568,144.9946784
Footscray,cafe,Myrtle Cafe,-37.8029913,144.9073392
Parkville,cafe,Mörk Chocolate Brew House,-37.8015381,144.9501893
Pascoe Vale South,cafe,N'Joy Cafe on Cumberland,-37.7319527,144.9385237
Melbourne,cafe,Naau Cafe,-37.8099972,144.9670205
Hampton East,cafe,Naked Japan,-37.9351418,145.0380518
Melbourne,cafe,Namoo Japanese Cafe,-37.8186883,144.956086
Springvale,supermarket,Nan Yang Supermarket,-37.9504771,145.1529931
Melbourne,cafe,Nana's Green Tea,-37.8128242,144.9685593
Carlton,cafe,Napier Quarter,-37.7968656,144.9808288
Narre Warren,library,Narre Warren Library,-38.0194789,145.2994565
Melbourne,library,Narrm Ngarrgu,-37.807721,144.9584163
Melbourne,cafe,Naröcha,-37.8071308,144.960286
Watsonia North,library,Nash Resouce Centre - Library,-37.6914556,145.0699594
South Melbourne,cafe,Nashi,-37.830015,144.97036
Bundoora,cafe,Nat's place,-37.6993795,145.0586687
Hallam,cafe,Natalya's Cafe,-38.009361,145.2733712
Briar Hill,supermarket,Natural Food Market,-37.7165059,145.1209881
Northcote,supermarket,Naturally On High,-37.7597333,145.0002691
Geelong West,cafe,Neck of the Woods,-38.1516641,144.3592108
Middle Park,cafe,Ned's,-37.8508742,144.963645
Melbourne,cafe,Neighbours,-37.8230233,144.9506963
Geelong,cafe,Neko,-38.150189,144.363589
Box Hill North,cafe,Nelson,-37.8161413,145.1197253
Geelong,cafe,Neo Cafe,-38.1483045,144.3613824
Malvern,cafe,Neon Tiger,-37.8526016,145.0363693
Brunswick,cafe,Neruda's South American Cafe,-37.7607769,144.9619346
Braeside,cafe,Nest at Waterways Cafe,-38.0137082,145.1301181
Heathmont,cafe,Never Regular,-37.8287015,145.2370984
Carlton North,cafe,New Age Cafe,-37.7711425,144.959079
Burnside Heights,cafe,New Oriental Cafe,-37.7317659,144.7432107
Newcomb,library,Newcomb Library,-38.169512,144.3920161
Manifold Heights,cafe,Newfolk,-38.1473445,144.3412199
Hamlyn Heights,supermarket,Newlanders IGA,-38.1110418,144.3341236
South Kingsville,cafe,Newport 1881,-37.8419772,144.8796803
South Kingsville,library,Newport Library,-37.8429846,144.8816779
Newtown,supermarket,Newtown Grocery & Liquor Co.,-38.1555199,144.3360491
Melbourne,cafe,Newtown Social Club,-37.802175,144.978063
Upper Ferntree Gully,gym,Next Level Fitness,-37.8818404,145.2965314
Prahran,cafe,Nguyen's Hot Bread,-37.8536807,144.9931608
Melbourne,library,NGV Library,-37.8232168,144.9682045
Melbourne,cafe,Nick's Food Corner,-37.8082138,144.9792154
Tottenham,cafe,Nick's Takeaway,-37.8003945,144.8387758
Carlton,cafe,Nico's Sandwich Deli,-37.7968781,144.9790148
Hawthorn East,cafe,Nigel,-37.8212345,145.0365764
Carlton,cafe,Nijuusan,-37.7987159,144.9663339
Hughesdale,cafe,Nikos Oakleigh Quality Cakes,-37.8999297,145.089816
Fairfield,cafe,Nikos,-37.7787992,145.0174597
Hughesdale,cafe,Nikos,-37.8999258,145.0897393
Malvern,cafe,"Nine Yards, Armadale",-37.8562555,145.0278106
Kealba,cafe,Nineteen 91,-37.7395508,144.8241726
Glen Waverley,cafe,Nitro Lab,-37.879695,145.1637026
Mont Albert North,supermarket,No 1 Asian Supermarket,-37.7883844,145.1181299
Caulfield,cafe,No Stress Cafe,-37.886739,145.0221597
Melbourne,cafe,No. 136 Coffee,-37.8149205,144.9636713
Ascot Vale,cafe,No. 19,-37.7732176,144.9161218
Melbourne,cafe,No. 22 Cafe,-37.8164497,144.9703233
South Melbourne,cafe,No. 84,-37.8399316,144.9574362
Oak Park,cafe,No. 87,-37.717866,144.9227746
Burnley,cafe,Nom Nom's,-37.8399312,145.0320471
Tullamarine,cafe,Noodle Sushi Bar,-37.7050524,144.8584193
Seaholme,cafe,Norfolk Cafe,-37.8704744,144.8310457
Maribyrnong,cafe,North & Eight,-37.7554221,144.9021397
Parkville,cafe,North End Cafe,-37.7955785,144.9381973
Carlton North,cafe,North Island,-37.7830686,144.9826782
Carlton,supermarket,North Melbourne IGA X-press,-37.798856,144.953525
Docklands,library,North Melbourne Library,-37.803565,144.949759
Docklands,supermarket,North Melbourne Supa IGA + Liquor,-37.8045841,144.9497888
Brighton,cafe,North Point Cafe,-37.8977326,144.986409
Travancore,cafe,North x North West,-37.7665304,144.9263401
Carlton,cafe,North,-37.7880896,144.9719341
Northcote,cafe,Northcote Caffe Espresso,-37.7680454,145.0014452
Northcote,library,Northcote Library,-37.769827,145.000836
Brunswick East,cafe,Northern Perk Cafe,-37.7606447,144.9633816
Reservoir,cafe,Northside Cafe,-37.7171498,145.0101509
Northcote,gym,Northside Pilates,-37.7682328,144.9990269
Blackburn South,cafe,Norwood Cafe,-37.8496081,145.1343507
Parkville,cafe,Noughts + Crosses,-37.7808045,144.9399686
Melbourne,cafe,Nourish Salads,-37.8134535,144.9597726
Fitzroy,cafe,Nourish,-37.8047657,144.9834417
North Warrandyte,cafe,Now and Not Yet,-37.7381087,145.2190194
Boronia,supermarket,NQR Boronia,-37.8610862,145.2816513
Newcomb,supermarket,NQR Newcomb,-38.1650473,144.3898935
Derrimut,supermarket,NQR,-37.7847239,144.771428
Kilsyth,supermarket,NQR,-37.802786,145.3091605
Ringwood,supermarket,NQR,-37.8175701,145.2239491
Werribee,supermarket,NQR,-37.9004051,144.6633174
Narre Warren,supermarket,NQR,-38.0229886,145.3049547
Chelsea,supermarket,NQR,-38.0533559,145.116042
North Geelong,supermarket,NQR,-38.1105634,144.3405441
Cranbourne,supermarket,NQR,-38.110829,145.2821454
Murrumbeena,cafe,Nude Duck,-37.8865787,145.057319
Richmond,cafe,Number 1 crispy Pork,-37.8196927,145.0074725
Nunawading,library,Nunawading Library,-37.8175179,145.1816859
Coburg,cafe,O'Heas Bakey & Deli,-37.7362427,144.9498731
Coburg,cafe,O'Hey Cafe,-37.7372338,144.9628915
Brunswick East,cafe,O'Kahve,-37.7623125,144.9627904
Melbourne,cafe,o3 Cafe & Coworking,-37.824192,144.960769
Ashburton,cafe,Oak Room,-37.8635952,145.0824851
Oakleigh East,gym,Oakleigh Indoor Sports and Inflatable World,-37.9090855,145.1005427
Hughesdale,library,Oakleigh Library (City Of Monash),-37.8973303,145.0903144
Brunswick East,cafe,Oasis Juice & Smoothies,-37.761743,144.9631838
Fairfield,supermarket,Oasis,-37.777905,145.0181124
Melbourne,cafe,Octane Espresso Bar,-37.8132592,144.9582051
Black Rock,cafe,Odo,-37.9752049,145.0160575
Coburg,cafe,Officer Coffee,-37.7389806,144.9695094
South Melbourne,cafe,Oishii Tokyo,-37.832886,144.970427
Murrumbeena,supermarket,OK Asian Supermarket,-37.8853827,145.0575483
Melbourne,cafe,Okey Dokey Dessert,-37.8122854,144.9658479
Frankston,cafe,Ol' Mate Coffee,-38.1440052,145.1210104
Travancore,cafe,Old Man Drew,-37.775527,144.928278
Melbourne,cafe,Oli & Levi Espresso,-37.8160083,144.9562443
Melbourne,cafe,Oli & Levi Galleria,-37.814664,144.96252
Sassafras,cafe,Olinda Cafe,-37.8557375,145.3649085
Ringwood East,cafe,Oliru Cafe,-37.8123423,145.2502368
Balwyn North,cafe,Olive Lane,-37.7925919,145.0711365
Travancore,cafe,Olivia Spring Cafe,-37.7667315,144.9244575
Footscray,cafe,Ollie's Deli,-37.7994805,144.8992995
Ringwood,supermarket,Om Sevvel Indian Store,-37.8161719,145.2258226
Brunswick,cafe,Ona Coffee,-37.7649793,144.9615953
Hawthorn East,cafe,Once a Tailor,-37.819017,145.0358522
Glen Iris,cafe,One Little Place,-37.865265,145.0506214
Frankston,cafe,One Pear Tree,-38.1355092,145.123719
Springvale,supermarket,One Stop Minimart,-37.9489788,145.1535441
Prahran,cafe,One Thirty Two,-37.8535761,144.9931812
Balwyn,cafe,Onepluspiece,-37.8130814,145.0823154
Mordialloc,cafe,Onx Cafe,-38.0008013,145.1074852
Highett,cafe,Onyx,-37.9616373,145.0381396
Melbourne,cafe,Operator 25,-37.8107145,144.9571233
Melbourne,cafe,Operator San,-37.8075758,144.9587119
Prahran,cafe,OPPEN,-37.8557335,144.9920889
Kew,cafe,Ora Specialty Coffee,-37.7960005,145.0362884
Hawthorn East,gym,Orange Theory Fitness,-37.8243914,145.0364575
East Geelong,cafe,Orchid & Co,-38.150522,144.3731134
Briar Hill,cafe,Oregon Xpress,-37.6988702,145.1310127
Narre Warren,cafe,Oreo,-38.0196269,145.3089181
Brunswick East,supermarket,Organic Wholefoods,-37.7634376,144.9730183
Travancore,supermarket,Organic Wholefoods,-37.783151,144.9347807
Fitzroy,supermarket,Organic Wholefoods,-37.800652,144.983823
Melbourne,cafe,Original Chai Co,-37.8062626,144.95786
Melbourne,cafe,Original Sushi Cafe,-37.8151693,144.9592869
South Yarra,cafe,Oscar Cooper,-37.8495044,144.992054
Preston,cafe,Oscar Smith,-37.7339921,145.0048807
Mordialloc,cafe,Oscars Hangout,-38.0022289,145.0979053
Ferntree Gully,gym,Oslo Health and Fitness,-37.8839057,145.2772489
Brunswick,cafe,Osoi,-37.7601578,144.9610405
Burnley,cafe,Osso,-37.8215426,145.0252945
South Yarra,cafe,Otello,-37.8383922,144.9900029
Melbourne,cafe,Other Side,-37.8139701,144.9676536
Glen Iris,cafe,Our Kitchen Table,-37.86552,145.0502986
Sandringham,cafe,Our Little Ray of Sunshine,-37.9499429,145.003972
Camberwell,cafe,Our Little Secret,-37.8337202,145.076045
Alphington,cafe,Outer Circle Social Club,-37.7677233,145.0214309
Deepdene,cafe,Outlaw,-37.8241685,145.0814269
South Yarra,cafe,Outpost,-37.837392,144.993008
Notting Hill,cafe,Overflow Cafe Wine Bar,-37.893232,145.1440423
Geelong West,cafe,Overtime Espresso,-38.1460419,144.3597893
Armstrong Creek,cafe,Overtime Espresso,-38.2276345,144.3396723
Sydenham,supermarket,Overton Lea Indian Groceries,-37.6954331,144.7655507
Hampton Park,supermarket,Pacific Mart,-38.0345583,145.2645022
Belmont,cafe,Paddington Cafe,-38.1730228,144.3445825
South Yarra,supermarket,Paddlewheel,-37.8459263,144.99261
Brunswick East,cafe,Padre Coffee,-37.7641062,144.973163
Fitzroy,cafe,Padre Coffee,-37.7993758,144.9860962
Hampton Park,cafe,Paesano,-38.0324837,145.2655121
Hughesdale,cafe,Pagoto Gelato & Waffle House,-37.900182,145.0893482
Newtown,cafe,Pakington Pantry,-38.1563921,144.3455796
Manifold Heights,cafe,Pako Bakery Cafe,-38.1395892,144.3483097
Manifold Heights,cafe,Panache,-38.1419305,144.3483102
Drumcondra,cafe,Panache,-38.1447185,144.3630988
South Kingsville,cafe,Pango Coffee,-37.8426834,144.8839273
Malvern East,cafe,Panineria,-37.8633425,145.0781869
Preston,cafe,Panino Mio,-37.7387811,145.0019252
Melbourne,supermarket,Pantre,-37.810497,144.9621678
Melbourne,cafe,Paper Tiger,-37.8185027,144.9626424
Springvale,cafe,Pappa Roti's,-37.9502501,145.151474
St Albans,supermarket,Parachinar Supermarket,-37.7437556,144.7978822
Williamstown,cafe,Parade Deli,-37.8585792,144.8981101
Reservoir,supermarket,Paradise Food City,-37.7170098,145.0111349
Melbourne,cafe,Parco,-37.8035193,144.9662588
Melbourne,cafe,Parcs,-37.8140374,144.9673718
South Yarra,cafe,Pardon Coffee,-37.8491146,144.9918769
Strathmore,cafe,Parisian Baker,-37.744175,144.90915
South Melbourne,cafe,Park Lane Cafe,-37.8364732,144.9624991
South Yarra,cafe,Park Pantry,-37.834449,144.9823364
Parkdale,cafe,Parkdale Beach Kiosk,-37.9999566,145.0754669
Mentone,cafe,Parkdale Food Store,-37.9931527,145.0761849
Mentone,library,Parkdale Library,-37.9935034,145.0778325
Caulfield,cafe,Parkside Pantry,-37.8727467,145.0245188
Melbourne,cafe,Parlance Coffee,-37.8100517,144.9576095
Avondale Heights,cafe,Particle,-37.7685938,144.8644829
Pascoe Vale South,supermarket,Pascoe Vale Mini Mart,-37.7307393,144.9387095
Hadfield,cafe,Pascoed coffee,-37.7203156,144.9512427
Preston,cafe,Pasquales Cafe,-37.7389903,145.0023125
Fawkner,cafe,Pasticceria Padova,-37.7020865,144.9657409
Melbourne,cafe,Patisserie Madeleine De Proust,-37.7995521,144.9669311
Melbourne,cafe,Patricia Coffee Brewers,-37.8147026,144.9582933
Melbourne,cafe,Patricia Coffee Roasters,-37.8146691,144.9582379
Bentleigh East,cafe,Pauls Milk Bar,-37.9356812,145.0612918
Melbourne,cafe,Pause And Sip By White Mojo,-37.8102807,144.9629277
Carlton,cafe,Pavilion Cafe,-37.8131311,144.9812948
East Geelong,cafe,Pavilion Geelong,-38.1472421,144.3733174
Fitzroy,cafe,Pavlov's Duck,-37.7964633,144.9845425
Cheltenham,cafe,Peaberrys,-37.9663176,145.0553575
Blackburn South,cafe,Peach Orchard Grove,-37.8435149,145.150126
Gardenvale,cafe,Pearl on Bay,-37.9056067,145.0021212
Melbourne,cafe,Pearson & Murphy's,-37.8087434,144.96516
Cheltenham,cafe,Peckish Cafe,-37.9672308,145.0562964
Noble Park,cafe,Peddler Tuck Shop,-37.9660575,145.1747931
Preston,cafe,Pegani's,-37.7392637,145.0020661
Clayton South,cafe,Pegasus Cafe,-37.9268982,145.1189033
Melbourne,cafe,Pellegrini's,-37.811722,144.971173
Greensborough,cafe,Pelligra,-37.7030081,145.1046612
Fitzroy North,cafe,Penny Farthing Espresso,-37.7741967,144.998167
Docklands,cafe,Penny,-37.8143231,144.9382726
Melbourne,cafe,People's Coffee,-37.8136265,144.9707146
Melbourne,cafe,People's Coffee,-37.8149505,144.9573025
Melbourne,cafe,People's Coffee,-37.8172096,144.9599238
Heidelberg,cafe,Pepper Tree Cafe Restaurant,-37.7557965,145.0636875
Coburg,cafe,Pepper Tree Place Cafe,-37.7405345,144.9674951
Travancore,cafe,Pepper,-37.7870662,144.9293574
Mordialloc,cafe,Peppercorn Cafe,-38.0070543,145.0862656
Hughesdale,cafe,Pepperills Cafe,-37.9011096,145.0884937
Wattle Glen,cafe,Peppers Paddock General Store,-37.6665555,145.1833534
Hughesdale,cafe,Perasma,-37.8947148,145.0875109
Notting Hill,cafe,Perfect Choice,-37.8913487,145.1427666
Noble Park,cafe,Persian Cafe Restaurant,-37.966426,145.1747823
Dandenong,cafe,Persian Darbar Cafe,-37.9851745,145.2120461
Doncaster East,supermarket,Persian Halal Butchery & Grocery,-37.7883914,145.149426
Berwick,gym,Personal Performance Training Centre,-38.0370508,145.3369204
Mont Albert North,cafe,Petite By Matilda,-37.8087732,145.1080958
Melbourne,cafe,Petty Sessions Cafe,-37.8131093,144.9567905
Richmond,cafe,pg.2,-37.8256434,144.9990372
Travancore,cafe,phat MILK,-37.7809154,144.932503
South Melbourne,cafe,Philoçoffee Espresso Bar,-37.8365649,144.9688133
Frankston,cafe,Pho A Chau,-38.1431668,145.1235941
Hadfield,cafe,Pho Noodle House,-37.7213293,144.9630643
Ashburton,library,Phoenix Park Library,-37.879715,145.0816495
Oakleigh East,gym,Phoenix Weightlifting Club,-37.908945,145.1021578
Ringwood,gym,Phoenix Yoga Studios,-37.8153264,145.2271908
Springvale,cafe,Phu Khanh,-37.9504012,145.1510861
Notting Hill,cafe,Pi Café,-37.9174161,145.153981
Melbourne,cafe,Piadina Slowfood,-37.8100779,144.9707933
Melbourne,cafe,Piadina Take Away,-37.8060295,144.9786644
Carlton North,cafe,Piccante Cafe,-37.7840077,144.9833889
Melbourne,cafe,Piccolocino,-37.816772,144.9566717
Melbourne Airport,cafe,Pickett's,-37.6703913,144.8484282
Thomastown,supermarket,Pickles and Spices,-37.6951892,145.012757
Carlton North,cafe,Picnic,-37.7848639,144.9823189
Doreen,cafe,Pie Face,-37.6059637,145.1376608
Broadmeadows,cafe,Pie Face,-37.687321,144.9412685
Eltham North,cafe,Pie Face,-37.712065,145.1495807
Preston,cafe,Pie Face,-37.7477319,145.022181
Cairnlea,cafe,Pie Face,-37.7697553,144.7752712
Docklands,cafe,Pie Face,-37.8028983,144.9298351
Melbourne,cafe,Pie Face,-37.810506,144.966817
Melbourne,cafe,Pie Face,-37.8127917,144.9599049
Melbourne,cafe,Pie Face,-37.8190302,144.953578
Melbourne,cafe,Pie Face,-37.8287953,144.9639042
Port Melbourne,cafe,Pie Face,-37.8309599,144.9187474
Cheltenham,cafe,Pie Face,-37.9528274,145.0764758
Mentone,cafe,Pie Face,-37.9826422,145.0752187
Carrum Downs,cafe,Pie Face,-38.0993767,145.1741679
Frankston,cafe,Pie Face,-38.1460664,145.1351637
Pascoe Vale South,supermarket,Piedemonte's IGA,-37.7392053,144.9467635
Carlton North,supermarket,Piedimonte's Supa IGA plus Liquor,-37.7834993,144.982928
Seaholme,cafe,Pier 71 Bar e Cucina,-37.8679771,144.8301691
Eltham,cafe,Pierross,-37.7154163,145.1493651
South Melbourne,cafe,Pietro e Paolo Cafe,-37.8359499,144.9537927
Sassafras,cafe,Piggery cafe,-37.8754532,145.3552972
Kingsville,gym,Pilates and Yoga Shed,-37.8131566,144.8879125
Vermont,gym,Pilates Just For You,-37.8384622,145.2067363
Preston,gym,Pilates Republic,-37.7369343,144.9949126
Carlton North,gym,Pilates Republic,-37.774706,144.9621779
Carlton North,cafe,Pillar of Pepper,-37.7846457,144.98252
Richmond,cafe,Pillar of salt,-37.8292368,144.9974357
Notting Hill,cafe,Pinewood Sandwich Bar,-37.8909704,145.1438161
Alphington,cafe,Pinkie,-37.7681835,145.0440114
Altona North,cafe,Pinnacle Cafe,-37.8388549,144.8245671
Noble Park,cafe,Pita Lounge,-37.9737448,145.1863663
Altona North,cafe,Pitstop Cafe,-37.8444881,144.8435787
Hughesdale,gym,Pivotal Health & Fitness,-37.8932192,145.0771748
South Yarra,cafe,Pizza & Grill Cafe,-37.8455951,144.9945199
Seaford,gym,Planet Fitness (under construction),-38.1187562,145.1472279
Geelong,cafe,Planet Smoothie,-38.1464903,144.362897
Strathmore,cafe,Plank Espresso,-37.7303194,144.9285688
Eltham,cafe,Platform 3095,-37.7135911,145.1480837
Glen Waverley,cafe,Platform 7,-37.8790677,145.1628896
Glen Iris,cafe,Platform Espresso,-37.8599482,145.0577856
McKinnon,cafe,Platform One,-37.90383,145.040483
Diamond Creek,cafe,Platters Cafe,-37.673949,145.1596766
Melbourne,cafe,Plenary Café,-37.8251369,144.9531076
Plenty,cafe,Plentiful General Store,-37.6695579,145.123235
Thornbury,cafe,Plenty & More Cafe,-37.7449825,145.0065091
Fitzroy,cafe,Plug Nickel,-37.8051621,144.983949
Melbourne,cafe,Plus Coffee & Co,-37.8171521,144.9649344
Bayswater,gym,Plus Fitness,-37.8419308,145.2663369
Melton West,cafe,PM's Coffee,-37.6852146,144.5669726
Notting Hill,cafe,Poacher & Hound Cafe & Catering,-37.8944145,145.1342746
Manifold Heights,cafe,Poco,-38.1385114,144.3485973
Mulgrave,cafe,Podium Cafe,-37.9196083,145.1594642
Lilydale,cafe,Point Of View,-37.7658294,145.3475766
Richmond,cafe,Pokapoka Japanese Kitchen,-37.8164079,144.9876344
Northcote,cafe,Poke The Bear,-37.772212,144.998816
Preston,cafe,Pomona Cafe,-37.7369704,144.99515
Preston,gym,Pony Club Gym,-37.7352534,145.0046795
Carlton,cafe,Pop-up Cafe,-37.7961444,144.9617215
Cranbourne,cafe,Popp Eyes,-38.1128929,145.2835982
Footscray,cafe,Popping&Tea,-37.7998265,144.9021021
Hadfield,cafe,Poppy Cafe & Pantry,-37.7240388,144.946884
Mount Eliza,cafe,Pops Cafe,-38.1840322,145.0884095
South Melbourne,library,Port Melbourne Library,-37.835771,144.944496
Port Melbourne,cafe,Port Xpresso,-37.830267,144.9231635
Montrose,cafe,Posie Project,-37.8110426,145.3440263
Melbourne,cafe,Potto,-37.8169468,144.9526354
Manifold Heights,gym,Power Fitness,-38.1342023,144.3406847
Briar Hill,gym,Powerhouse Strength & Conditioning,-37.7169248,145.1207874
South Yarra,library,Prahran Library,-37.8496416,144.9931092
South Yarra,library,Prahran Square Library,-37.8477282,144.9927141
Thornbury,gym,Prana House,-37.7537853,145.0012441
Dandenong,cafe,Preeti Creations Coffee,-37.9879322,145.2124841
Carlton,cafe,Prego Amico,-37.8030472,144.9834264
Greensborough,cafe,prelude.,-37.7026345,145.10522
St Kilda,cafe,Presse Cafe,-37.8733544,144.9899586
Reservoir,gym,Preston Cycling Club,-37.7165228,145.0177084
Preston,gym,Preston Health & Fitness,-37.7374625,145.0004768
Preston,library,Preston Library,-37.7401873,145.0059442
Cheltenham,cafe,Pretzel World,-37.9584624,145.0552778
Malvern,cafe,prickly pear coffee (free wifi),-37.8630645,145.0281356
Springvale South,supermarket,Pride Of Punjab,-37.9621014,145.1432283
Berwick,cafe,Primary @ Pioneers Park,-38.0287204,145.3476515
Carlton North,cafe,Primary Cafe,-37.783541,144.9589958
Melbourne,cafe,Prime House,-37.8148316,144.9587712
Wantirna South,supermarket,Prime Sun Asian Groceries,-37.8772029,145.2212411
Melbourne,cafe,Prime's Hai Tea,-37.810321,144.963948
Northcote,cafe,Prior Thornbury,-37.7615854,144.9998893
Maribyrnong,cafe,Pro Shop,-37.7768319,144.900867
Carlton,cafe,Professors Walk Cafe,-37.7981416,144.9595503
Princes Hill,cafe,Project 281,-37.7685365,144.9606697
Fitzroy,gym,Project Better,-37.7955789,144.9850385
Melbourne,cafe,Project Zero Coffee,-37.8167704,144.9563295
St Kilda,cafe,Prophecy Espresso,-37.8599507,144.9778653
Hawthorn East,cafe,Prospect Espresso,-37.828333,145.0575383
Richmond,gym,Prosport Health & Fitness,-37.8264952,145.0027674
Melbourne,cafe,Protagonist,-37.821422,144.968849
Melbourne Airport,cafe,Proud Mary Coffee,-37.6708025,144.8482735
Fitzroy,cafe,Proud Mary,-37.802337,144.985247
Fitzroy,cafe,Proud Sprout,-37.8053633,144.985785
Bundoora,supermarket,Psarakos Market,-37.694299,145.0593965
Northcote,supermarket,Psarakos Market,-37.7597746,145.0007011
Northcote,supermarket,Psarakos Market,-37.759849,145.001043
Northcote,supermarket,Psarakos Market,-37.7600763,145.0010085
Geelong West,cafe,Public,-38.1468806,144.356508
South Geelong,cafe,Pucci's Caffe,-38.1623593,144.3535131
Belgrave,cafe,Puffing Billy Café,-37.9093602,145.3544177
Brunswick East,cafe,Pulcinella,-37.7638655,144.9628255
Cranbourne North,gym,Pump Up Fitness,-38.0851846,145.2913733
Docklands,cafe,Punch Bowl,-37.829828,144.93597
Ormond,supermarket,Pura Milk,-37.901546,145.054541
South Melbourne,cafe,Pure Pie,-37.821147,144.9498822
Mount Waverley,cafe,Purple Orange Cafe,-37.8758384,145.1279212
South Melbourne,gym,Push Fitness,-37.8224,144.9465343
Melbourne,cafe,Puzzle Coffee,-37.810342,144.9633882
Melbourne,cafe,Puzzle Coffee,-37.8190192,144.953659
Hadfield,gym,PVH fitness,-37.7094219,144.9506441
Ormond,cafe,Quality Cafe,-37.8893673,145.0407525
Footscray,cafe,"Queen of Sheba restaurant, bar & cafe",-37.8034933,144.8985849
Oakleigh East,cafe,Queen of The Roast,-37.9092739,145.1041935
Melbourne,cafe,Queen Street Food Store,-37.8137003,144.9604035
Melbourne,cafe,Queen Vic Juice,-37.8069945,144.9592155
Melbourne,cafe,Queens Cafe,-37.8045164,144.9642927
Brunswick East,gym,Quickfit Coburg,-37.7549881,144.9756598
Carlton North,gym,QuickFit,-37.7786534,144.9708621
Richmond,cafe,Quint Cafe,-37.809917,144.995821
Rowville,cafe,Quirky Bean Cafe,-37.9197598,145.2368782
Melbourne,cafe,Quists Coffee,-37.8138348,144.968048
Preston,supermarket,Quoc Te United Asian Food Stores,-37.7388992,145.0037023
Melbourne,cafe,Radio,-37.805572,144.976576
Ravenhall,cafe,Raffies,-37.7661473,144.7366817
Bellfield,cafe,Raglan Cafe,-37.751691,145.025486
Springvale,cafe,Rainbow Coffee,-37.950507,145.1508443
Upper Ferntree Gully,cafe,Ramble On Cafe,-37.8945869,145.3085955
Cairnlea,cafe,Ramciel,-37.7451315,144.8013056
Sassafras,cafe,Ranges Cafe & Bar,-37.8558233,145.3645099
Croydon,supermarket,Rangoon City Mart,-37.7985307,145.2810421
Upper Ferntree Gully,cafe,Rapture Cafe,-37.8822645,145.2968637
Thornbury,cafe,Raqwa Cafe and Beer Garden,-37.7460124,145.0060625
Burnside,cafe,Raven Cafe,-37.7602336,144.7441325
Brighton,cafe,Raw Galore,-37.9139385,144.9947855
Princes Hill,cafe,Ray's Cafe,-37.767025,144.96108
Fitzroy,gym,RBT Result Based Training,-37.8082416,144.9859843
South Melbourne,gym,RBT South Melbourne,-37.8327589,144.9493195
Hampton,gym,Re-Creation Trackside,-37.9380461,145.0019211
Upwey,cafe,Real Food in Tecoma,-37.9062148,145.3428856
Melbourne,cafe,Realfoods,-37.8086901,144.9638078
Ringwood,library,Realm,-37.8148968,145.2292514
Oakleigh East,gym,Rec Express,-37.9085534,145.1036375
Brunswick West,gym,Reconnect Yoga,-37.7593478,144.9449457
South Yarra,cafe,Recovery Cafe,-37.8477397,144.9944188
Maribyrnong,gym,ReCreation,-37.7555156,144.90246
Thornbury,cafe,Red Bean,-37.7477873,145.0045551
Burnside Heights,cafe,Red Beetle Cafe,-37.7335953,144.7416481
Fitzroy,cafe,Red Bird Cafe,-37.805337,144.9940945
Box Hill North,cafe,Red Cup Cafe,-37.8195855,145.1339899
Northcote,cafe,Red Door Corner Store Cafe,-37.7728134,145.0040563
Mordialloc,cafe,Red Pillar Cafe,-38.0082424,145.1073926
Reservoir,cafe,Red Spoon Cafe,-37.7086844,144.997602
Ringwood,gym,Reformation Pilates,-37.8141312,145.2290332
Melbourne,cafe,Refuel Café,-37.8040564,144.9606475
Ormond,cafe,Remnscnt Cafe,-37.8898198,145.0442613
Thornbury,cafe,Remy’s Place,-37.7470533,145.0050313
Blackburn,gym,Renew PT,-37.8111747,145.157374
Ripponlea,cafe,Repeat Offender,-37.8874469,144.9913053
Kew,cafe,Replete Providore,-37.8153588,145.0416497
South Yarra,cafe,Republic,-37.8390844,144.9915223
Reservoir,library,Reservoir Public Library and Community Centre,-37.7165012,145.0057162
Caulfield East,cafe,Restore Cafe Bar,-37.8760674,145.0422014
Hughesdale,cafe,Retsi Cafe & Bar,-37.899222,145.0901919
Richmond,cafe,Reunion & Co,-37.8196796,145.0073478
Surrey Hills,cafe,Reunion Cafe Dining,-37.8231909,145.0975739
Montmorency,gym,Revive Personal Training,-37.7196332,145.1385291
South Yarra,gym,Revl Training,-37.848895,144.99398
Cheltenham,gym,Revo Fitness,-37.9578319,145.0514591
Heatherton,gym,Revo Fitness,-37.9708964,145.0915041
Carlton North,cafe,Rex,-37.7756696,144.9622366
Coburg,cafe,Reynard Street Cafe,-37.7477914,144.9591941
Parkville,cafe,Reynolds Street Sandwich Bar,-37.7970342,144.9372333
South Melbourne,cafe,Rhumba’s,-37.8191324,144.9454241
Caulfield East,cafe,Rich Tea & Dessert,-37.8862135,145.0565676
Coburg,supermarket,Richies IGA Fine Food and Wine Merchants,-37.7363922,144.9691528
Richmond,supermarket,Richmond Grocery Store,-37.810333,144.997368
Richmond,cafe,Richmond Hill Cafe & Larder,-37.8178204,144.9914647
Richmond,library,Richmond Library,-37.8252831,144.9982985
Richmond,gym,Richmond Recreation Centre,-37.8176456,145.0022369
Richmond,cafe,Riché,-37.8181283,144.9960881
Notting Hill,cafe,Ricketts Cafe,-37.8954808,145.1427327
Beaumaris,cafe,Ricketts Point Cafe,-37.9911474,145.0292746
Junction Village,cafe,Ridge Café,-38.1495069,145.2902929
Keilor East,cafe,Ring Side Snack Bar,-37.7370538,144.8535617
Thornbury,cafe,Rio Express,-37.755847,144.9944288
Sassafras,cafe,Ripe Cafe,-37.8636742,145.3533768
Hampton Park,gym,Ripped Gym,-38.033971,145.2645378
Hughesdale,cafe,Risk,-37.8991591,145.0902011
Kooyong,supermarket,Ritches IGA,-37.8282513,145.0346305
Aspendale Gardens,supermarket,Ritchie's IGA,-38.0219331,145.1181056
Carrum Downs,supermarket,Ritchies IGA,-38.0887498,145.1823156
Frankston North,supermarket,Ritchies IGA,-38.1122489,145.1566421
Frankston South,supermarket,Ritchies IGA,-38.163341,145.1377155
Ringwood North,supermarket,Ritchies,-37.7941495,145.2357555
Wantirna,supermarket,Ritchies,-37.8477523,145.2330332
Mount Waverley,supermarket,Ritchies,-37.8763513,145.1285091
Bentleigh East,supermarket,Ritchies,-37.9204777,145.0581977
Rowville,supermarket,Ritchies,-37.9284957,145.2525168
Narre Warren,supermarket,Ritchies,-38.0268159,145.30377
Mount Eliza,supermarket,Ritchies,-38.1851366,145.0898437
Kooyong,cafe,River Glen Kitchen,-37.8285427,145.0344436
Hawthorn East,cafe,Riversdale Gourmet,-37.829686,145.043441
Melbourne,cafe,Riverside Deli,-37.8199064,144.9582571
Footscray,cafe,Riverside Takeaway,-37.8025279,144.910183
Melbourne,cafe,Riverslide Skate Shop and Café,-37.8209295,144.9728423
Melbourne,library,RMIT Carlton Library,-37.8059656,144.9640939
Melbourne,library,RMIT Swanston Library,-37.8081589,144.9639444
Gardenvale,cafe,Ro,-37.905749,145.0055873
Footscray,cafe,Roadhaven Cafe,-37.8084519,144.9018378
Mont Albert,supermarket,Roaring Bear Asian Grocery,-37.8283644,145.121194
Sandringham,cafe,Roc Bakery Cafe,-37.9620007,145.0192931
Gardenvale,cafe,rocksalt,-37.9058439,145.0040434
Dandenong,supermarket,Rockyz Minimart,-37.9843967,145.2142798
Travancore,cafe,Rollin 169,-37.7943167,144.9311209
Belgrave,cafe,Rollin' Brew,-37.9091523,145.3550912
Richmond,cafe,Romano's Coffee,-37.809743,144.995519
South Yarra,cafe,Romano's,-37.8428049,144.995471
Melbourne,cafe,Romape Cibo Da Strada,-37.8076606,144.9568049
Murrumbeena,cafe,Romape,-37.8859178,145.0574848
Melbourne,cafe,Romeo's,-37.8072702,144.9573678
Doncaster East,cafe,Rooster Rock,-37.7814484,145.1636923
Heidelberg,library,Rosanna Library,-37.7429477,145.0669663
Manifold Heights,cafe,Rosco's Social Club,-38.1425382,144.3475872
Glenroy,cafe,Rose water,-37.7166048,144.9360246
Newtown,cafe,Rosey Joans,-38.1575937,144.3452788
Sunshine,supermarket,Roshan,-37.7861841,144.8327165
Melbourne,cafe,Roule Galette,-37.8167558,144.9662846
Lilydale,cafe,Round Bird Can't Fly,-37.7576979,145.3490897
North Geelong,cafe,Routley's Bakery Cafe,-38.1096624,144.3526058
South Kingsville,cafe,Routleys Bakery,-37.8424186,144.8810925
Carlton,library,Rowden White Library (Levels 2 & 3),-37.7986236,144.963595
Richmond,cafe,Rowena Corner Store,-37.8206613,144.9917479
Richmond,cafe,Rowena Corner Store,-37.8215275,144.9926479
Rowville,library,Rowville Library,-37.9198015,145.2372294
Ringwood East,cafe,Roxy's Kitchen,-37.8044402,145.2538569
Brunswick West,cafe,Roy's on Melville,-37.7645062,144.9437038
Sandringham,cafe,Royal Avenue Tennis Centre,-37.959015,145.0143949
South Melbourne,cafe,Royal Domain Café,-37.8316581,144.9710687
Parkville,supermarket,Royal Supermarket,-37.7945593,144.9498377
Fitzroy,cafe,Rubber Duck Cafe,-37.789085,144.990631
Ringwood North,cafe,Rubiki,-37.79461,145.2363067
Box Hill North,cafe,Rubix,-37.8088283,145.1401341
Coburg,cafe,Ruby's Cafe,-37.7459314,144.9776531
Footscray,cafe,Rudimentary,-37.7981687,144.901086
Croydon Hills,cafe,Rumour Mill,-37.7837204,145.2685623
Knoxfield,cafe,Rushdale Cafe,-37.9002836,145.2530883
Carlton,library,Russian House Library,-37.8003865,144.9823455
Preston,cafe,Rustic Bean,-37.7389839,145.0022509
Belgrave,cafe,Rustic Cafe,-37.9099167,145.3535744
Melbourne,cafe,Rustica Canteen,-37.811275,144.963487
Melbourne Airport,cafe,Rustica,-37.6688406,144.8509444
South Yarra,cafe,Rustica,-37.8425515,144.9948355
Richmond,cafe,Sable,-37.8260934,144.9960421
Coburg,supermarket,Sacca's Fine Foods,-37.7321843,144.9516322
Dandenong,supermarket,Sadaqat,-37.9863454,145.2123237
Albion,cafe,Sadie Black,-37.7769544,144.814961
Carlton,cafe,Sage And Grace Cafe,-37.7926639,144.9618701
Burwood,cafe,Sage,-37.8461391,145.1133839
Hawthorn East,cafe,Saint Helen Cafe,-37.8294195,145.0409839
Richmond,cafe,Saint Thomas,-37.8287591,144.9975049
Footscray,supermarket,Salaam Namasthe,-37.801132,144.9012427
Seaholme,cafe,Salt n Pepa Cafe,-37.868572,144.8301794
Melbourne,cafe,Saluministi Sandwiches,-37.8180936,144.9610702
Docklands,cafe,Saluministi,-37.8204154,144.9411899
Ascot Vale,library,Sam Merrifield Library,-37.7647788,144.9244489
Melbourne,cafe,Sam Spade,-37.8109952,144.959629
Hadfield,cafe,Sam's East Street Bakehouse,-37.7093179,144.9506595
Melbourne,cafe,San Churro,-37.8015265,144.9665907
Middle Park,cafe,Sandbar Beach Cafe,-37.8509538,144.9545739
Sandringham,library,Sandringham Library,-37.9490387,145.0029332
Parkville,cafe,Sandrock,-37.793935,144.948979
Grovedale,cafe,Sandstone & Co.,-38.2065827,144.3405739
Hampton,cafe,Sandy Beach HQ & Kiosk,-37.9457289,144.9978134
Lalor,supermarket,Santino Continental Grocery,-37.673998,145.0162019
Notting Hill,cafe,Saporo,-37.9078492,145.132316
Melbourne,cafe,Saranti Cafe,-37.817412,144.9635
Clayton South,supermarket,Sarawan Spices & Home Entertainment,-37.9250199,145.1194237
Kew,cafe,Sardi,-37.8168273,145.0200672
Melbourne,cafe,Sargon Cafe,-37.8152332,144.9564593
Melbourne,cafe,Sargon,-37.7997161,144.9557748
Thornbury,cafe,Sartoria,-37.7479228,145.0043889
Sassafras,cafe,Sassafras Cafe,-37.8622229,145.3539465
Carnegie,cafe,Satsuki,-37.8784429,145.0677447
Bentleigh East,cafe,Saul's Sandwiches,-37.922637,145.0734865
Mulgrave,supermarket,Savemore,-37.9409631,145.1660729
Carlton North,cafe,Savour Cafe' & Juice Bar,-37.7767379,144.9603666
Footscray,cafe,Scarlett Corner,-37.800281,144.901256
Melbourne,cafe,Schmucks Bagels,-37.8145279,144.9568615
Melbourne,cafe,Schmucks Bagels,-37.8189599,144.9551873
Wantirna,cafe,Schokolade Cafe,-37.8598754,145.2405739
Melbourne,cafe,Scholar & Co,-37.800157,144.9636365
Melbourne,cafe,Science Gallery Cafe,-37.800252,144.9644285
Clayton,supermarket,Science Store,-37.9109319,145.1302193
Scoresby,cafe,Scoresby Cafe,-37.8992912,145.2179599
Notting Hill,cafe,Script @ Jazz Club,-37.9131416,145.1336302
Williamstown,cafe,Scwabs Galley,-37.8630553,144.903892
Seaford,supermarket,Seaford Friendly Grocer,-38.1035856,145.1261614
Williamstown North,cafe,Searz Cafe,-37.8457715,144.8725188
Dandenong,cafe,Seasoning Cafe,-37.9853004,145.2121885
Olinda,cafe,Seasons at Cloudehill,-37.861114,145.3769658
Montmorency,cafe,Second Home,-37.721519,145.1391006
Notting Hill,cafe,Secret Garden Eatery,-37.9098385,145.1323381
Footscray,cafe,Seddon Deadly Sins,-37.8047818,144.8919571
Ferntree Gully,gym,SEEC Entertainment,-37.8824381,145.2718759
Melbourne,cafe,SeedLing Cafe,-37.817015,144.9653734
Melbourne,cafe,Segafredo,-37.8132425,144.96013
Noble Park,cafe,Selfie Cafe,-37.9680501,145.1743409
Brighton East,cafe,Senior School Canteen,-37.9278939,145.0079146
Docklands,cafe,Sensoray Lab,-37.8219299,144.9264746
Notting Hill,cafe,Sentosa,-37.9191126,145.1547885
Box Hill North,supermarket,Seoul Grocery,-37.8193264,145.1245932
Hawthorn East,supermarket,Serendipity,-37.8430583,145.0543907
Heatherton,cafe,Serina Cafe,-37.970116,145.0889741
Richmond,cafe,Serotonin Eatery,-37.8281633,145.0090979
Reservoir,supermarket,Seven Days Food Store,-37.6997006,144.996714
Melbourne,cafe,Seven Seeds,-37.8028349,144.9590354
Travancore,cafe,Sgt. Nelson,-37.7884492,144.9307035
Malvern,supermarket,Shahi India,-37.8646311,145.0281237
Springvale,supermarket,Shahi,-37.9459516,145.1529339
Melbourne,cafe,Shamble Coffee Brewers,-37.8161818,144.9606255
Hawthorn East,cafe,Shanklin,-37.8330621,145.0473785
Greenvale,cafe,Sharetea,-37.6393399,144.8819721
Doncaster,cafe,Sharetea,-37.786526,145.1263349
Melbourne,cafe,Sharetea,-37.811371,144.9644057
Notting Hill,cafe,Sharetea,-37.9114064,145.13442
Melbourne,cafe,Shed Café,-37.824189,144.9556711
Eltham,cafe,Shillinglaw Cafe,-37.7166081,145.1460999
Cairnlea,cafe,Shisha Cafe,-37.7703681,144.7730386
Preston,cafe,Shisha Square,-37.7420559,145.0031713
Melbourne,cafe,Shooter McGavin's,-37.8007773,144.9656309
Mount Eliza,cafe,Shop Ate Cafe & Store,-38.1845555,145.0893977
Northcote,cafe,Short Round,-37.758767,145.0003869
Melbourne,cafe,Side Pocket Cafe,-37.8131735,144.9557748
South Melbourne,cafe,Sidearm,-37.8279891,144.9497198
Noble Park,supermarket,Siem Reap's Grocery,-37.9657007,145.1743815
Mordialloc,cafe,Siesta Cafe & Deli,-38.007812,145.0868984
Melbourne,supermarket,Sika Supermarket,-37.8044181,144.9772684
Richmond,cafe,Silvs on Kennedy,-37.8246278,145.01112
Fitzroy,gym,Simhanada Ashtanga Yoga School,-37.7977128,144.9874572
Sandringham,cafe,Single Shot,-37.9536535,145.0205797
Surrey Hills,cafe,Sips and Stories,-37.8247987,145.0976162
Carlton,cafe,Sir Charles,-37.7982584,144.9789257
Travancore,cafe,Sir Duke,-37.7668607,144.9211773
Notting Hill,library,Sir Louis Matheson Library,-37.9129916,145.1344006
Melbourne,cafe,Sir Osborn,-37.809092,144.973293
Manifold Heights,cafe,Sixteen06,-38.1386355,144.3215808
Doncaster East,gym,Sixtwo Pilates & Yoga,-37.7889124,145.1493996
Newtown,cafe,Skinny Dippers Cafe,-38.1599234,144.3396656
South Yarra,cafe,Slater St Bench,-37.838756,144.9770146
Murrumbeena,cafe,Slave 2 The Bean,-37.8875283,145.0572406
Carlton North,cafe,Sleepy's Cafe and Wine Bar,-37.7808966,144.9777786
Springvale,gym,SLF,-37.9453838,145.1528641
Melbourne,cafe,Slowpoke,-37.802864,144.977535
Melbourne,cafe,Small Batch,-37.804406,144.9543935
Richmond,gym,Smart Fit Studio,-37.8177323,144.9903472
Bulleen,supermarket,Smart Supermarket,-37.7656708,145.0919275
Melbourne,cafe,Smith and Deli,-37.8014628,144.9787111
Fitzroy,cafe,Smith+Deli,-37.8046867,144.9854003
Coburg,cafe,Smokin Hut,-37.7465543,144.9659443
South Melbourne,cafe,Smooth E,-37.83133,144.967228
Brunswick East,cafe,Smug Relish,-37.7626723,144.9734469
Epping,gym,Snap Fitness,-37.6536486,145.022943
Greensborough,gym,Snap Fitness,-37.7046136,145.1012947
Eltham,gym,Snap Fitness,-37.7129884,145.1491304
Coburg,gym,Snap Fitness,-37.7323212,144.9496382
Coburg,gym,Snap Fitness,-37.732322,144.9497391
Thornbury,gym,Snap Fitness,-37.7520301,145.0020514
Heidelberg,gym,Snap Fitness,-37.7563819,145.0691533
Carlton North,gym,Snap Fitness,-37.7765593,144.9606792
Croydon,gym,Snap Fitness,-37.7991393,145.2835027
Footscray,gym,Snap Fitness,-37.8000493,144.8993755
South Yarra,gym,Snap Fitness,-37.8378982,144.9936807
Prahran,gym,Snap Fitness,-37.8546207,145.0123369
Vermont South,gym,Snap Fitness,-37.8557409,145.1802207
Oakleigh South,gym,Snap Fitness,-37.9228249,145.0829397
Berwick,gym,Snap Fitness,-38.0305877,145.3481842
Cranbourne West,gym,Snap Fitness,-38.1155832,145.2409236
Waurn Ponds,gym,Snap Fitness,-38.2029351,144.3120728
Deepdene,cafe,Snow Pony,-37.8109171,145.0662108
Travancore,cafe,So & So,-37.7809563,144.9325295
Manifold Heights,cafe,Sodi,-38.1404702,144.3481206
Manifold Heights,cafe,Soft Cafe,-38.1307486,144.3314684
Fitzroy,cafe,Sojo To Go,-37.8050173,144.984725
Melbourne,cafe,Solah,-37.8089999,144.9798533
Somerton,cafe,Somerton Kebab & Cafe,-37.6437401,144.9468251
West Footscray,cafe,Somerville Road Seafood & Chippery,-37.812325,144.8799835
Mount Waverley,cafe,Son of Tuccii,-37.8769483,145.1273583
Melbourne,cafe,Sonido,-37.8055734,144.9763794
Springvale,cafe,Sonoun Kimlee Coffee,-37.9488541,145.1512916
Fitzroy,supermarket,Sonsa Foods,-37.8025305,144.9838161
Ringwood,supermarket,Soon Lee Asian Grocery,-37.8162069,145.2256617
Brunswick East,cafe,Sorrento Cafe Bar,-37.7578676,144.9635643
Melbourne,cafe,Soul Cafe,-37.813182,144.965246
Princes Hill,cafe,Soul of Hoffman,-37.7703846,144.9527304
Mill Park,cafe,Soul Origin,-37.6514636,145.072059
Mornington,cafe,Soul Origin,-38.2183777,145.0393331
Edithvale,cafe,Soul Press,-38.0386616,145.1082766
Mount Eliza,cafe,Soul Press,-38.1841323,145.0882376
Deepdene,cafe,Soul Sisters,-37.8267728,145.0573864
Melbourne,cafe,Soul Soup,-37.8054556,144.9643665
Croydon South,cafe,SoulPod Cafe,-37.8119414,145.2699771
Northcote,cafe,South Crescent Cafe,-37.7789159,145.0018046
Upper Ferntree Gully,gym,South East Fitness Solutions,-37.890478,145.2991214
Fitzroy,cafe,South of Johnston,-37.806001,144.984635
Deepdene,gym,South Pacific Health Club,-37.8251892,145.0573733
Mentone,gym,South Pacific Health Club,-37.9811009,145.0648595
South Yarra,gym,South Yarra Judo Academy,-37.8446661,144.9997852
Melbourne,library,Southbank Library at Boyd,-37.8255777,144.9612198
Melbourne,library,Southbank Library,-37.8245882,144.9692009
Carlton North,cafe,Spazio Paradiso,-37.782812,144.9774271
Melbourne,cafe,Speck,-37.8133966,144.9597518
Burwood,cafe,Sphere,-37.8563666,145.1140894
Laverton,supermarket,Spicelines,-37.8672665,144.7610077
Caulfield East,cafe,Spilt Milk,-37.8889789,145.0567426
Melbourne,cafe,Spin Coffee,-37.81648,144.958255
Bentleigh East,gym,Spin,-37.9207505,145.0571455
Northcote,cafe,Spit Jack,-37.7787719,145.0104413
South Yarra,cafe,Splash Cafe & Juice Bar,-37.8392649,144.9965715
Mernda,cafe,Split Bean Cafe,-37.5943065,145.0903006
Clarinda,cafe,Sports Bar,-37.9287781,145.1198641
Ripponlea,cafe,Spot On Ripponlea,-37.8771189,144.9984494
St Kilda,cafe,Spout,-37.8768135,144.9963232
Springvale South,cafe,Springvale Coffee,-37.9615875,145.1425925
Springvale,library,Springvale Library,-37.9567711,145.1526249
Springvale South,supermarket,Springvale South SUPA IGA,-37.97202,145.1497316
Epping,cafe,Spuntino,-37.6540585,145.0188795
Fitzroy,cafe,Square and Compass,-37.8096886,144.9839138
Melbourne,cafe,Square One,-37.8184404,144.9568979
Cheltenham,cafe,Squires Loft,-37.9658724,145.0574186
Clyde North,supermarket,Sri Kumaran Stores,-38.0941151,145.3329963
Chadstone,supermarket,Srini's Ceylon Madura,-37.8821544,145.1092559
St Albans,library,St Albans Library,-37.741671,144.8006153
St Albans,supermarket,St Albans Supermarket & Halal Meat,-37.7442247,144.7983251
Melbourne,cafe,St Ali And The Queen,-37.8076392,144.9585625
Carlton,cafe,St Ali Canteen,-37.7984714,144.9630398
South Melbourne,cafe,St Ali Coffee Roasters,-37.8313313,144.9604687
Melbourne,cafe,St Cooper Cafe,-37.8008415,144.9553927
South Yarra,cafe,St Edmonds,-37.8496315,144.991785
Carrum Downs,library,St Joachim's School Library,-38.1031698,145.178057
Middle Park,cafe,St Kilda Pier Kiosk,-37.8647212,144.9657172
St Kilda,library,St Kilda Public Library,-37.867817,144.9888815
Melbourne Airport,cafe,St. Ali Coffee,-37.6688268,144.8507935
South Melbourne,cafe,ST. Ali,-37.8313001,144.9603137
Melbourne,cafe,St. Brew,-37.8196739,144.9511872
Hadfield,cafe,st. derby,-37.7242951,144.9468858
Hughesdale,cafe,St. Gerry's Dessert Bar,-37.8993831,145.0901668
Ormond,cafe,St. Zita’s,-37.8893812,145.0428478
Carlton,cafe,Stagger Lee's,-37.7989463,144.978543
Brooklyn,supermarket,Stan Cash,-37.8164766,144.852429
Melbourne,cafe,Stand Up Cafe,-37.8201673,144.9566388
Carlton North,cafe,Standing Room,-37.7847866,144.9823865
Carlton,cafe,Standing Room,-37.7970749,144.9624025
Caulfield East,cafe,Standing Room,-37.8776128,145.0459708
Oakleigh East,cafe,Stanley,-37.894657,145.1142505
Springvale,cafe,Star Cafe Springvale,-37.9498886,145.1515469
Meadow Heights,cafe,Starbucks,-37.6486084,144.9320455
Dallas,cafe,Starbucks,-37.6630262,144.9229616
Doncaster,cafe,Starbucks,-37.7852236,145.1257292
Melbourne,cafe,Starbucks,-37.8098319,144.9637582
Melbourne,cafe,Starbucks,-37.8100151,144.9636114
Melbourne,cafe,Starbucks,-37.8112888,144.964367
Melbourne,cafe,Starbucks,-37.8115889,144.9705649
Melbourne,cafe,Starbucks,-37.814606,144.9631005
Melbourne,cafe,Starbucks,-37.8146591,144.9631304
Melbourne,cafe,Starbucks,-37.8149559,144.966053
Melbourne,cafe,Starbucks,-37.8171266,144.9525788
Melbourne,cafe,Starbucks,-37.817934,144.965031
Bayswater,cafe,Starbucks,-37.8309112,145.2714954
Hughesdale,cafe,Starbucks,-37.8868658,145.0838351
Seaford,cafe,Starbucks,-38.1182961,145.1479651
Waurn Ponds,cafe,Starbucks,-38.2009696,144.3126052
Melbourne,library,State Library Victoria,-37.8097018,144.965488
Avondale Heights,cafe,Stateline Melbourne,-37.7678591,144.8638638
Fairfield,cafe,Stathmos,-37.7780364,145.0184531
Hadfield,cafe,Station 38,-37.7214882,144.9602883
Sandringham,cafe,Station Mingle cafe,-37.9508794,145.0042856
Mentone,cafe,Station Stop Cafe,-37.9932298,145.0761614
Taylors Lakes,cafe,Station Street Cafe,-37.7004104,144.7741532
Nunawading,cafe,Station Street Cafe,-37.8207173,145.1767486
Thomastown,cafe,Station Street Coffee Club,-37.6781346,145.0153177
Ferntree Gully,cafe,Station Street Green Co,-37.8823798,145.2945773
South Melbourne,cafe,Station Street Trading Company,-37.8334809,144.9444003
Newtown,cafe,Steampocket Pizzeria & Cafe,-38.154562,144.3454302
South Kingsville,cafe,Stepping Stone,-37.8403469,144.8805286
Sandringham,cafe,Stevie,-37.9489404,145.0043312
Hampton Park,supermarket,Sti Lankan,-38.0351067,145.2662178
Richmond,cafe,Stillman Cafe,-37.8216302,145.0081508
Ringwood,cafe,Stirr It Up,-37.8127583,145.2344411
Melbourne,cafe,Stockroom 567,-37.818908,144.9553914
South Melbourne,cafe,Stokers,-37.8313848,144.9600301
Caulfield,cafe,Stomach Club,-37.8796823,145.0235597
Briar Hill,cafe,Stones Throw,-37.7173476,145.1209025
Carlton North,cafe,Stop 122,-37.7723711,144.9716862
Carlton,cafe,Stop 17,-37.8035466,144.983323
Mornington,cafe,Store Fifteen,-38.2170317,145.0366437
Sassafras,cafe,Storehouse Roastery Olinda,-37.8483208,145.3611832
Sassafras,cafe,Storehouse Sassafras,-37.863743,145.3532681
Southbank,cafe,Story Coffee,-37.8176,144.9493274
Melbourne,cafe,Stovetop,-37.8034586,144.9606811
Wantirna,cafe,Straits Cafe,-37.8605579,145.2401825
Travancore,cafe,Strangers,-37.7659496,144.9219261
Burwood,cafe,Stream Cafe,-37.8546233,145.1077917
Fitzroy,cafe,STREAT,-37.8064154,144.9901235
Malvern,cafe,Street Organics,-37.8582356,145.0409629
Malvern,cafe,Street Organics,-37.858354,145.0409442
Prahran,cafe,Streettalk,-37.8545239,145.0118216
Seaholme,gym,Strive Active Altona,-37.8655255,144.8307735
Melbourne,cafe,Strozzi,-37.8167054,144.9630762
Essendon Fields,cafe,Strudels Cafe,-37.7369137,144.8909864
Berwick,cafe,"Student Lounge, Bar & Bistro",-38.0401561,145.3397965
Hadfield,gym,Studio 47 Reformer Pilates,-37.7219744,144.9512811
Thomastown,cafe,Sue's Sandwich Deli,-37.6894119,144.9943561
Ascot Vale,cafe,Sugar Beat Cafe,-37.7830457,144.9076343
Hampton Park,cafe,Sugar Buns,-38.0324129,145.2668774
Travancore,cafe,Sugarbeat,-37.7765464,144.9281229
Carlton North,cafe,Sugardough,-37.7730805,144.9713047
Montmorency,gym,Summit 360 Fitness,-37.7195438,145.1382125
Notting Hill,cafe,Sunny Lane,-37.9124679,145.1395759
Dandenong,cafe,Sunny Thor,-37.9886201,145.2137759
Rosanna,cafe,Sunnyside,-37.7495048,145.0550162
Tottenham,cafe,Sunrise Deli Cafe,-37.7983222,144.839669
Sunshine,supermarket,Sunshine Fresh Fruit Market,-37.7849129,144.8336095
Sunshine,supermarket,Sunshine Fruit Market,-37.7848052,144.8331028
Sunshine,library,Sunshine Library,-37.783421,144.8320559
Brunswick East,cafe,Suntop Plaza,-37.7662959,144.980279
Lalor,supermarket,Supa IGA Thomastown,-37.6777574,144.9989322
Meadow Heights,supermarket,Supa IGA,-37.6505966,144.9224592
Melbourne,cafe,Superfloor Cafe,-37.800023,144.9645621
Mernda,gym,SuperGym,-37.6004771,145.096402
Elsternwick,cafe,Superrandom,-37.8959839,144.9948871
Melbourne,cafe,Supersede,-37.8067341,144.9594107
Noble Park,supermarket,Surur African Variety,-37.9664136,145.176482
South Melbourne,cafe,Sushi Lane,-37.834496,144.9711
South Melbourne,cafe,Sushi Nori,-37.8210544,144.9498179
Coburg,cafe,Sussex Sandwich Bar,-37.7331855,144.9493642
Hadfield,cafe,Sussex Street Coffee,-37.7218149,144.9513387
The Basin,cafe,Svaks Passion for Cake and Coffee,-37.8562654,145.3161148
Melbourne,cafe,Swan Lab Barista School,-37.812258,144.9671232
Hughesdale,gym,Sweat Nation,-37.8894162,145.0670886
South Geelong,cafe,Sweet Adeline,-38.1636891,144.3494222
Oakleigh South,cafe,Sweet Bites Lunch Bar,-37.9155158,145.1055898
Parkville,cafe,Sweet Evelyn,-37.7731775,144.9529904
Mitcham,cafe,Sweet Lime Cafe,-37.8308363,145.1944825
Keilor,cafe,Sweet Lulu's,-37.7193067,144.8354923
Brunswick East,cafe,Sweet Nata,-37.756292,144.9641354
Cheltenham,cafe,Sweet! Espresso,-37.9749218,145.0688024
Dandenong South,cafe,Swift Way Takeaway,-38.0340724,145.2065124
Notting Hill,cafe,Swift's Cafe,-37.9128232,145.1340817
Parkville,cafe,Swish Kitchen Cafe,-37.773553,144.9544424
Balwyn,cafe,Sylvia's Cafe and Larder,-37.8034204,145.0839945
Watsonia North,cafe,Syrup,-37.7097805,145.082465
Wheelers Hill,cafe,T House at Jells,-37.8967535,145.1964982
Melbourne,cafe,T-Roy Browns,-37.819258,144.9619275
Keilor Park,cafe,T.C. Cafe,-37.7300371,144.8608441
Mulgrave,cafe,Tailor Made Coffee,-37.9349163,145.1687433
Footscray,cafe,Tailor Made,-37.8103071,144.8895614
Murrumbeena,cafe,Tailored,-37.8854254,145.0575412
Fitzroy North,cafe,Taiyo Sun,-37.7782676,144.9883515
Seaford,cafe,Take it Easy,-38.0991768,145.1522315
Carlton North,cafe,Take Two,-37.7753182,144.9709527
Oakleigh East,gym,Taketani Judo Academy,-37.9097682,145.1097988
Coburg,cafe,Taki's Bakery,-37.7335593,144.9589413
Melbourne,cafe,Tami Sweet,-37.810728,144.9681424
Preston,cafe,Tammy's Borek,-37.7385409,145.0024238
Box Hill North,supermarket,Tan Huang Asian Grocer,-37.8196347,145.1225176
Melbourne,supermarket,Tan Hung Asian Grocer,-37.810963,144.9614412
Yarrambat,cafe,Tanck’s Corner,-37.6399784,145.1342279
Melbourne,supermarket,Tang Asian Grocery,-37.812105,144.96749
Burnley,cafe,Tapa,-37.8210951,145.0234554
Hadfield,cafe,Tarboosh,-37.7171253,144.944998
Northcote,cafe,Taso's Cafe & Patisserie,-37.7598253,145.0000966
Drumcondra,cafe,Taste Jamaica,-38.1385196,144.3490779
Preston,cafe,Tasties Cafe,-37.7393728,145.00394
Upwey,cafe,Tasty Az,-37.9164925,145.3347351
Coburg,cafe,Tasty Sub,-37.7432549,144.9661194
McKinnon,cafe,Tax Agent Espresso,-37.9254125,145.0350942
Malvern East,cafe,Taylor Made Eatery,-37.8633056,145.0779068
Surrey Hills,cafe,Tea House Cafe,-37.8387716,145.1051074
Melbourne,cafe,Tea Wave,-37.8032399,144.9637051
East Geelong,cafe,Teahouse @ gbg,-38.1499134,144.3772495
Footscray,gym,Team Adrenalin,-37.7877741,144.8897883
Cheltenham,cafe,Teaser Black,-37.9588545,145.0556682
Preston,cafe,Teaser,-37.7394533,145.0036085
Box Hill North,cafe,Teaser,-37.8188457,145.1219276
Footscray,cafe,Tee & Coffee,-37.8064922,144.8912606
South Melbourne,cafe,Teej Cafe,-37.8185302,144.9476112
Hughesdale,cafe,Temperance Society,-37.9001489,145.0810983
Parkville,cafe,Temple Arden,-37.8006745,144.9456092
Chelsea Heights,cafe,Temptation Pies,-38.0420257,145.1392928
Essendon,cafe,Ten one ate,-37.7501213,144.9145114
Melbourne,cafe,Ten Square,-37.8119646,144.9605372
Mordialloc,cafe,Tender Roast & Cafe,-38.0076129,145.0867487
Hampton East,cafe,Teo's Pizza,-37.9485483,145.0424305
West Melbourne,cafe,Teresa's Cafe,-37.8105085,144.9228446
Caulfield East,cafe,Terminus Ln,-37.8772321,145.0571085
Brunswick East,supermarket,Terra Madre,-37.7585741,144.9634205
Fitzroy North,supermarket,Terra Madre,-37.7796091,144.9966435
Fitzroy,cafe,Terror Twilight,-37.7991491,144.9849275
Ferntree Gully,cafe,Terry's Cafe,-37.8839621,145.2821546
Balwyn North,cafe,Tesoro,-37.7920439,145.0935581
Ringwood East,cafe,Th!nk.cafe.,-37.8120343,145.2512851
Springvale,supermarket,Thai Hoa Long Co,-37.9488938,145.1511298
Sandringham,cafe,Thai Rani,-37.9622049,145.0188027
Nunawading,supermarket,Thai Sun Food Market,-37.8207129,145.1765969
Brunswick East,cafe,Thangs,-37.7628556,144.9734203
Springvale,cafe,Thanh Nga Cafe,-37.9522075,145.1511274
Surrey Hills,cafe,Thanks a Latte,-37.813272,145.0839235
Hadfield,cafe,That Coffee Shop,-37.7202819,144.959963
Melbourne,cafe,That Schnitzel Place,-37.810514,144.969612
Upper Ferntree Gully,cafe,The 1000 steps cafe,-37.8891796,145.3173805
Altona,cafe,The 6th Child,-37.8643243,144.8130099
Glenroy,cafe,The Acai Company,-37.7164606,144.934683
Hughesdale,cafe,The Alleyway Cartel,-37.8896906,145.0679071
Fairfield,cafe,The Alphington Foodstore,-37.7780786,145.0307394
Fitzroy,cafe,The Alt Grill and Bar,-37.7991997,144.984395
South Melbourne,cafe,The Ambitious Act,-37.8342952,144.9613688
Middle Park,cafe,The Armstrong Street Food Store,-37.8503666,144.9640871
Port Melbourne,cafe,The Avenue Cafe,-37.8367035,144.9197517
South Melbourne,cafe,The Avenue Foodstore,-37.8441215,144.951594
South Kingsville,cafe,The Backyard,-37.8426387,144.8816162
Mitcham,cafe,The Bakery Cafe,-37.8276674,145.1943811
Drumcondra,cafe,The Base,-38.1426003,144.3557814
Brighton,cafe,The Baths,-37.9100535,144.9854448
Sandringham,cafe,The Bay Road Café,-37.9529833,145.0120069
Melbourne,cafe,The Bean Project,-37.8082906,144.9629789
Melbourne,cafe,The Bean Room,-37.810158,144.96662
Brighton,cafe,The Beanery,-37.9140191,144.9947505
Fitzroy,cafe,The Belljar,-37.7916738,144.9856759
Maribyrnong,cafe,The Boathouse,-37.7680672,144.9027808
Keilor Park,gym,The Body Mill,-37.7227024,144.8464782
Melbourne,cafe,The Bond Store,-37.8217545,144.9639586
Coburg,cafe,The Boot Factory,-37.7378221,144.9688758
Surrey Hills,cafe,The Boulevard Food Store,-37.8209127,145.1047763
Kew East,cafe,The Cake Alchemist,-37.7937773,145.0640129
Lalor,cafe,The Cake Box,-37.6735342,145.0162272
Melbourne,cafe,The Cheesecake Shop,-37.8135447,144.959816
Chelsea,cafe,The Chelsea Collective,-38.0530981,145.1160657
The Basin,cafe,The Chocolate Dragon Fly Cafe,-37.8559952,145.3159802
Beaumaris,cafe,The CNR,-37.9920566,145.041811
Dandenong,cafe,The Coffee Bar,-37.9876834,145.2169005
Craigieburn,cafe,The Coffee Club,-37.59344,144.9137548
Mill Park,cafe,The Coffee Club,-37.6508101,145.0699105
Melton West,cafe,The Coffee Club,-37.6864068,144.5618445
Burnside Heights,cafe,The Coffee Club,-37.7323756,144.743196
Ascot Vale,cafe,The Coffee Club,-37.7657426,144.9225764
Doncaster,cafe,The Coffee Club,-37.7853814,145.1258992
Docklands,cafe,The Coffee Club,-37.8122596,144.9379903
Forest Hill,cafe,The Coffee Club,-37.836053,145.1650739
Chelsea,cafe,The Coffee Club,-38.0536472,145.1163701
Frankston,cafe,The Coffee Club,-38.1436852,145.1230027
Geelong,cafe,The Coffee Club,-38.1466607,144.3624731
Ferntree Gully,cafe,The Coffee House,-37.8840624,145.2761482
Black Rock,cafe,The Colonel's Son,-37.9759004,145.0164138
Camberwell,cafe,The Conti Deli & Cafe,-37.8340288,145.0782155
Mickleham,cafe,The Corner Store,-37.533092,144.9049578
Alphington,cafe,The Cornerstore,-37.771939,145.0456399
Grovedale,cafe,The Cottage Cafe Grovedale,-38.2008082,144.3419181
Melbourne,cafe,The Cupcake Queens,-37.8140211,144.9615058
Melbourne,cafe,The Dessert Kitchen,-37.8114469,144.9693178
Hampton East,cafe,The Diplomat Cafe,-37.9486065,145.0424654
South Melbourne,supermarket,The Dome Express,-37.819346,144.948342
South Melbourne,cafe,The Espressionist,-37.8241747,144.9433559
Footscray,gym,The Exercise Room,-37.803324,144.8947601
Brunswick,cafe,The Factory Cafe,-37.7651025,144.9475575
Coburg,cafe,The Faculty Cafe,-37.735716,144.9651877
Melbourne,cafe,The Fair Trader,-37.815598,144.971982
Braeside,cafe,The Famished Wolf,-38.0027731,145.1115994
Clifton Hill,cafe,The Farm Cafe,-37.8030287,145.0057511
Carlton,cafe,The Fat Spatula,-37.7904549,144.9714973
Princes Hill,gym,The Fit Project,-37.7670899,144.9615771
Cheltenham,gym,The Fit Shop,-37.9596729,145.0742507
Lalor,gym,The Fitness Workshop - Lalor Gym,-37.665791,144.9914051
Carlton,cafe,The Fitz,-37.7967671,144.9786367
Melbourne,cafe,The Flour Melbourne,-37.8059008,144.9547869
Nunawading,cafe,The Food Cage,-37.8199917,145.164038
Ferntree Gully,cafe,The Food Pantry,-37.8827171,145.2943553
Bellfield,cafe,The Foreigner,-37.7664626,145.0445918
Heathmont,cafe,The Fortunate Son Cafe,-37.8194402,145.2444832
Manifold Heights,cafe,The Fox & Hen,-38.1374737,144.3374018
Cheltenham,supermarket,The Fruit Men,-37.9661394,145.0553864
Croydon,cafe,The Full Pantry,-37.7901276,145.266826
Werribee,cafe,The Garden Feast Cafe,-37.8938184,144.6745849
Altona North,cafe,"The General Cafe, Altona North",-37.8347238,144.8398631
Coburg North,cafe,The Generator,-37.7269932,144.9583611
Melbourne,cafe,The George,-37.8177211,144.9582495
Bayswater,cafe,The Gilded Rose Cafe,-37.8419043,145.2669986
Coburg,cafe,The Glass Den,-37.7402405,144.9688792
Melbourne,cafe,The Grain Store,-37.819583,144.9569289
Sunshine,cafe,The Granary Cafe,-37.7848855,144.8311889
Malvern,cafe,The Green Goose,-37.8647833,145.0284087
Collingwood,cafe,The Grey Smith,-37.8163058,144.9859031
Seddon,gym,The Gym Yarraville,-37.8203744,144.8957768
Ascot Vale,supermarket,The Happy Apple,-37.7734413,144.9155392
Footscray,supermarket,The Happy Apple,-37.8060054,144.8915718
Briar Hill,gym,The Happy Loft,-37.7170175,145.120896
Bayswater,cafe,The Hatter and the Hare,-37.8414096,145.271023
Carlton,cafe,The Heart of Carlton,-37.797375,144.968215
Fitzroy North,cafe,The Herbert Café,-37.7692631,144.9961418
Wheelers Hill,cafe,The Hills Pantry,-37.9099522,145.1894115
Montrose,cafe,The Hummingbird Cafe,-37.8108673,145.3436773
Hurstbridge,cafe,The Hurstbridge Post Cafe,-37.6397841,145.1930128
Forest Hill,cafe,The Jolimont,-37.8438026,145.1804487
Burnside Heights,cafe,The Jolly Miller Cafe,-37.7302887,144.7437361
Williams Landing,cafe,The Jolly Miller Cafe,-37.8674042,144.7434749
Melbourne,cafe,The Journal Cafe,-37.8169101,144.965784
Blackburn,cafe,The Joy Parade,-37.820848,145.1420223
South Melbourne,cafe,The Kettle Black,-37.8341251,144.9713427
Williamstown,cafe,The Kiosk,-37.867408,144.8891163
Patterson Lakes,cafe,The Lake Restaurant,-38.067838,145.1437508
Taylors Lakes,gym,The Lakes Gym,-37.7030874,144.8008763
Carlton North,cafe,The Lamb,-37.7717369,144.9614716
Hughesdale,cafe,The Last Piece,-37.9002708,145.0899934
Frankston,cafe,The Laughing Lark Cafe,-38.142033,145.1251718
Melbourne,cafe,The League Of Honest Coffee,-37.807659,144.9559533
Melbourne,cafe,The League of Honest Coffee,-37.8092534,144.9684342
Lilydale,cafe,The Lilydale General,-37.7512678,145.3483956
Notting Hill,cafe,The Little Birdie Cafee,-37.8948811,145.132646
Strathmore,cafe,The Little Cardboard Cafe,-37.743798,144.9282766
Hampton East,cafe,The Little Elphant,-37.9467313,145.031919
Springvale,library,The Little Library,-37.9505552,145.151529
Footscray,cafe,The Little Man Cafe,-37.8051987,144.8918816
Footscray,cafe,The Little Rabbit Cafe,-37.7993585,144.8947935
Melbourne,cafe,The Little Royal,-37.8147003,144.9641568
Hughesdale,cafe,The Little Spot,-37.8908723,145.0664364
Footscray,cafe,The Local Cafe,-37.7976656,144.9036732
Mentone,cafe,The Local On Como,-37.9932954,145.0760159
Watsonia North,cafe,The Locker Room,-37.6827456,145.0734092
Melbourne,cafe,The Lunch Spot,-37.8286531,144.9612087
Mitcham,cafe,The Mabel,-37.8080928,145.1965481
Eltham,cafe,The Main Cafe,-37.714671,145.1485413
Melbourne,cafe,The Maj,-37.810263,144.969954
Camberwell,cafe,The Maling Room,-37.8243392,145.0825907
Montmorency,cafe,The Manx Cafe,-37.724282,145.1237599
Notting Hill,cafe,The Meating House,-37.9166715,145.1507517
Notting Hill,supermarket,The Monash Merchant,-37.9118936,145.1359711
Mordialloc,cafe,The Mordi Canteen,-38.0087007,145.0872264
Footscray,cafe,The Morning Rush,-37.8033406,144.8997633
Carrum Downs,cafe,The Mustard Seed Cafe,-38.102088,145.1855511
Mordialloc,cafe,The Nest Cafe & Grocer,-38.0009395,145.1018979
Carlton North,cafe,The Nicholson Coffee & Eatery,-37.7738352,144.9585706
Highett,cafe,The Odd Room,-37.9555141,145.038141
Carlton North,cafe,The Old Bikeshop Cafe,-37.7750446,144.9709954
Northcote,cafe,The Old Dog Cafe,-37.7611601,145.0004753
Preston,cafe,The Old Firehouse Cafe,-37.7386848,145.0041021
Thornbury,cafe,The Old Milkbar,-37.7541217,145.0165265
South Melbourne,cafe,The Old Paper Shop Deli,-37.832562,144.96021
South Melbourne,cafe,The Original Cafe,-37.830547,144.969795
South Melbourne,cafe,The Other Brother,-37.8219353,144.9437997
North Geelong,cafe,The Paddock Bakery,-38.114328,144.3565706
Hadfield,cafe,The Pantry,-37.7201384,144.9410001
Beaumaris,cafe,The Parlor Milkbar & Kitchen,-37.9708624,145.0394372
Nunawading,cafe,The Peddler,-37.8125159,145.172222
Preston,cafe,The Penguine,-37.7365052,145.0040877
Box Hill North,cafe,The Penny Drop,-37.8175676,145.1221178
Melbourne,cafe,The Perch Cafe,-37.8123945,144.9549224
North Geelong,cafe,The Pickers Union Cafe,-38.1147807,144.3555366
Aspendale,gym,The Pilates Vibe,-38.0261166,145.1010087
Newport,cafe,The Pint of Milk,-37.845333,144.8923868
Heidelberg,cafe,The Pioneer Cafe,-37.7450233,145.0712675
South Melbourne,cafe,The Port Bake House,-37.8375671,144.9430892
Travancore,cafe,The Premises,-37.794335,144.9301651
Kew,cafe,The Quartermaster's Store,-37.8129305,145.042787
Melbourne,cafe,The Queensberry Pour House,-37.8042408,144.962033
Travancore,cafe,The Re-Up,-37.7705806,144.9259001
South Melbourne,gym,The Renovator,-37.8339297,144.9485996
Malvern East,cafe,The Resident,-37.8636356,145.0803452
Hawthorn East,cafe,The Resistance Bar & Cafe,-37.8212118,145.0360283
Montmorency,gym,The Ridge,-37.7200705,145.1379054
Narre Warren North,cafe,The Rise Pizzeria Cafe,-37.9807682,145.3166421
Mount Eliza,cafe,The Sandbar Cafe,-38.1847467,145.0889364
Hawthorn East,cafe,The Sandwich Platter,-37.8237932,145.0348604
Croydon Hills,cafe,The Scented Garden Cafe,-37.7838197,145.2693292
Melbourne,cafe,The School of Life,-37.8170674,144.9541163
Ormond,cafe,The Servery,-37.8900908,145.0426445
South Geelong,cafe,The Showman's Bar and Cafe,-38.1712944,144.3732375
Upwey,cafe,The Side Corner,-37.903582,145.331043
Campbellfield,cafe,The Smokestack Cafe,-37.6638954,144.9644502
Werribee,cafe,The Social Sutra,-37.903153,144.658489
Fitzroy,supermarket,The Source Bulk Foods,-37.8028064,144.9837684
South Yarra,supermarket,The Source Bulk Foods,-37.8466976,144.991997
Manifold Heights,supermarket,The Source Bulk Foods,-38.1420781,144.3482659
Moorabbin,gym,The Sports Clinic of Football,-37.941896,145.0654516
Brunswick East,cafe,The Spot,-37.755171,144.9755835
Narre Warren North,cafe,The Squatting Frog,-37.9820006,145.3115271
St Kilda,cafe,The St Kilda Dispensary,-37.8686805,144.9870917
South Yarra,cafe,The Stables of Como Cafe,-37.8380151,145.0031876
Surrey Hills,cafe,The Steam Coffee Company,-37.8238421,145.0978568
South Melbourne,cafe,the story so far,-37.8406052,144.9553398
Aspendale,cafe,The Street Cafe Aspendale,-38.0271981,145.1025631
St Kilda,cafe,The Studio Beans Coffee Roasters,-37.8641953,144.9819462
Fitzroy,cafe,The Studio Beans,-37.8066979,144.9862227
Heidelberg,cafe,The Sycamore Tree,-37.7560745,145.0638057
Fairfield,cafe,The Tea Rose,-37.7795393,145.0172709
South Yarra,cafe,The Terrace,-37.8293863,144.9826001
Footscray,cafe,The Theatre Society Cafe,-37.7993549,144.8947309
Princes Hill,cafe,The Third Tier Tea Room,-37.7674986,144.980358
North Geelong,gym,The Training Room,-38.1137234,144.3567961
Melbourne,gym,The Underground Fitness Club,-37.803623,144.956669
Sunshine North,cafe,The Usual Joint,-37.7622167,144.8287936
Balwyn North,cafe,The Village Cafe,-37.7929622,145.0718249
Manifold Heights,cafe,The Village Door,-38.1405333,144.3486929
Diamond Creek,cafe,The Vines Cafe,-37.6724207,145.1512341
Altona,cafe,The Wee Kitchen,-37.8641834,144.8138193
Docklands,gym,The Wharf Club,-37.8218676,144.9362
Footscray,cafe,The Whitehall Cafe,-37.8020343,144.9053523
Reservoir,cafe,The Window Cnr Cafe,-37.7239899,145.0154676
Melbourne,cafe,The Workers' Food Room,-37.815458,144.963089
East Geelong,cafe,The Yot,-38.1451844,144.3661733
Ringwood East,cafe,The Younger Brother,-37.8130203,145.2478351
St Kilda,cafe,Theatre Works Café,-37.86418,144.9759707
Lalor,supermarket,Thiện Liên,-37.6736578,145.0168675
Sandringham,cafe,Thomas Street Grocery,-37.9398446,145.0137735
Thomastown,library,Thomastown Library,-37.6789316,145.0067845
Northcote,cafe,Thomson Street Foodstore,-37.7804348,145.0124306
Thornbury,cafe,Thornbury Espresso Bar,-37.7542172,145.0014936
Malvern,cafe,Thread,-37.8528138,145.0399317
Richmond,cafe,Three Bags Full,-37.8073914,144.9965445
Princes Hill,cafe,Three Hands Cafe,-37.7675422,144.9621946
Campbellfield,cafe,Three Links Cafe,-37.6511206,144.9467107
Fairfield,cafe,Three Locals,-37.7772524,145.0186159
Richmond,cafe,Three One Two One,-37.8194887,145.0057518
Brunswick,cafe,Three Phase Rehearsal Studios Cafe/Bar,-37.7594167,144.9623566
Melbourne,cafe,Three Squares,-37.8089766,144.9605337
Aspendale,gym,Thrive Yoga & Pilates,-38.0357648,145.1067313
Springvale,cafe,Thu Thu,-37.9510984,145.1514727
St Albans,supermarket,Thuan Khiem,-37.7435227,144.8009276
Sunshine,supermarket,Thuận Hưng,-37.7843373,144.8325582
Ashburton,cafe,Thymes Five,-37.8635826,145.082418
Parkville,cafe,Thyme²,-37.7935333,144.9468045
Footscray,supermarket,Thành Phát,-37.7998502,144.9024005
Carlton,cafe,Tiamo,-37.7981827,144.9671674
Northcote,cafe,Tibbs & Bones,-37.7683052,144.9993575
Williamstown,cafe,Tick Tok,-37.8628862,144.9033974
Brooklyn,cafe,Tico's Coffee,-37.816586,144.8510165
Parkville,supermarket,Tiem Tap Hoa Asian Grocer,-37.7948464,144.9415679
Ripponlea,cafe,Tiffany's on Tennyson,-37.8805019,144.9913314
Melbourne,cafe,Tiger's Den,-37.8109777,144.9631657
Melbourne,cafe,Time Out Cafe,-37.8177722,144.9684176
Prahran,cafe,Timeless,-37.8568338,144.9877469
Fitzroy North,cafe,Tinker,-37.7734181,144.998036
Carlton North,cafe,Tinpot Cafe,-37.7834518,144.9838712
Melbourne,cafe,Tinto,-37.817369,144.959472
Montmorency,supermarket,Tip Top Butchers,-37.7206159,145.1378877
South Yarra,cafe,Tivoli Express,-37.8393375,144.9980742
Fawkner,cafe,TJ's Cafe,-37.7195009,144.9801293
Mount Eliza,cafe,To you from me,-38.1853408,145.0895743
Docklands,cafe,Toasta & Co.,-37.8093369,144.9461003
Geelong West,cafe,Toasty,-38.1484948,144.3575872
Melbourne,cafe,TOFWD,-37.8172784,144.9658134
Princes Hill,cafe,Tokyo Baby,-37.7708532,144.9546224
Carlton,cafe,Tokyo Lamington,-37.79679,144.96552
Carlton North,cafe,Toledo Brunswick,-37.7699499,144.9715392
South Yarra,cafe,Tom Dick and Harry,-37.8395211,144.9950977
Melbourne,cafe,Tom Thumb,-37.8148983,144.9727708
Melbourne,cafe,Tomm.,-37.8147196,144.9580058
Ringwood East,gym,Tone and Trim Zone,-37.8130772,145.2477101
Highton,cafe,Tonton,-38.1716495,144.3246605
South Yarra,library,Toorak/South Yarra Library,-37.8402252,144.9994218
Mornington,cafe,Top End,-38.225896,145.0428736
Cheltenham,cafe,Top Juice,-37.9581488,145.0531511
Clayton South,supermarket,Top Mart,-37.9276154,145.1189253
Travancore,cafe,Top Notch Coffee,-37.7669937,144.9246164
Fitzroy North,cafe,Top of the Hill,-37.7741613,144.998174
Richmond,cafe,Top Paddock,-37.8327164,144.996373
Melbourne,cafe,Top Tea,-37.8091334,144.9606099
Melbourne,cafe,Top Tea,-37.8121854,144.9652417
Box Hill North,cafe,Top Tea,-37.8192548,145.12198
Springvale,cafe,Toppings and Tea,-37.9505895,145.1513876
Melbourne,cafe,Tori’s,-37.8129514,144.9614331
Oakleigh East,cafe,Toshlina’s Coffee & Food,-37.8991643,145.0941194
St Helena,gym,Total Balance Fitness Training,-37.6769998,145.1273852
Ringwood North,gym,Total Fitness For Life,-37.7939984,145.2359664
Carlton North,cafe,Toto's Cafe,-37.7749108,144.9592193
Rosanna,cafe,Touchstone Cafe,-37.7276467,145.070219
Richmond,cafe,Touchwood,-37.819564,145.0075537
Mordialloc,cafe,Tour De Cafe,-38.0095028,145.0856401
Deepdene,cafe,Town and Country,-37.8108565,145.0636443
Box Hill North,cafe,Traducci,-37.8187795,145.1219761
Sandringham,gym,Train-Rec 24/7,-37.9405792,145.0023057
Burwood,gym,Training Day,-37.8552677,145.1086764
Notting Hill,gym,Training Day,-37.9190182,145.135523
Parkdale,gym,Tranquility Yoga Studio,-38.0048389,145.0868642
Melbourne,cafe,Traveller Coffee,-37.8114318,144.971205
Balwyn North,cafe,Travelling Bandit,-37.7916567,145.0936385
Bellfield,cafe,Tre Fontane,-37.7672369,145.0445173
Melbourne,cafe,Treasury Deli and Cafe,-37.8126591,144.9745925
Clifton Hill,cafe,Trennery Cafe,-37.8002121,145.0001761
Heidelberg,cafe,Tres,-37.7429815,145.0644674
Geelong,cafe,Tropical Cafe & Bar,-38.1471165,144.3613318
Flemington,cafe,Tru Coffee,-37.7999196,144.9098348
Coburg,cafe,True North,-37.744843,144.9656152
Mentone,cafe,Truly Scrumptious,-37.9813487,145.0633267
Springvale South,supermarket,Trường Giang Grocery,-37.9715195,145.1490246
Kew,cafe,Tsuko's,-37.8069909,145.0298555
Carlton North,supermarket,TT Mart,-37.7788898,144.9781392
Richmond,cafe,Tuck Shop Turnery,-37.8137736,144.9987864
Werribee,cafe,Tuckers,-37.9032849,144.6574335
Tullamarine,library,Tullamarine Library,-37.7021617,144.8741442
Ripponlea,cafe,Turtle Café,-37.8823497,144.982876
South Yarra,cafe,Tusk High Bar,-37.8508607,144.9930486
Geelong West,cafe,Tutti,-38.147352,144.356579
Melbourne,cafe,Tutto,-37.8008602,144.9665693
Docklands,cafe,Twenty & Six,-37.8026618,144.9475391
Dandenong South,cafe,Twin Bridge Cafe,-38.0346888,145.2106378
Coburg,cafe,Twins Cafe,-37.7427031,144.9657736
Fitzroy,cafe,Two Birds Cafe,-37.8053159,144.9851698
South Yarra,cafe,Two Birds One Stone,-37.8380714,144.9939255
Preston,cafe,Two Boys and a Pot,-37.7383041,145.0115247
Mitcham,cafe,Two Brothers,-37.8272468,145.1943519
Chelsea,cafe,Two Feet First,-38.0550242,145.1169737
Melbourne,cafe,Two Fingers,-37.8159946,144.9693655
Coburg,cafe,Two Franks,-37.747367,144.9535764
Gardenvale,cafe,Two Many Chefs,-37.905337,145.0023136
Essendon Fields,cafe,Two Minutes Turkish,-37.72693,144.8952874
Malvern East,cafe,Two Seeds,-37.8633586,145.078289
Manifold Heights,cafe,Two Sugars,-38.1401427,144.3487159
Fitzroy,cafe,Two:Bob,-37.7891908,144.9885873
Clayton South,cafe,Twosome Story,-37.9256619,145.1199301
Bellfield,cafe,TY Coffee,-37.7498953,145.0425026
Preston,cafe,Tyler's Milk Bar,-37.7317518,145.0147492
Sunshine,supermarket,Tài Phát,-37.7844741,144.8324182
Richmond,supermarket,Tân Hung Asian Grocery,-37.8104013,144.9980745
Footscray,supermarket,Tân Mỹ,-37.799386,144.8998
Sunshine,supermarket,Tân Đại,-37.7839029,144.8318715
Carlton North,gym,UBX Training,-37.7700442,144.9721485
Langwarrin,gym,UBX Training,-38.1514798,145.1970224
Greensborough,gym,UBX,-37.7040533,145.1037116
Hawthorn East,cafe,UDLE,-37.8210755,145.0377514
Narre Warren,gym,UFC Gym,-38.0214522,145.3047507
Carlton,cafe,Ultimate Coffee Bar,-37.797413,144.968219
Carlton,cafe,Uncle & Jak,-37.798217,144.9758
Fitzroy North,cafe,Uncle Drew Cafe,-37.7942352,144.9981404
Notting Hill,cafe,Uni Park Cafe,-37.9159446,145.1483704
Essendon Fields,gym,Unified Fitness Systems,-37.7238343,144.8887635
Melbourne,cafe,Union Kiosk,-37.8150064,144.9652364
Narre Warren,gym,Universal Athlete Centre,-38.0325928,145.3048953
Carlton,gym,Universal Practice,-37.7985033,144.9790573
Cranbourne West,supermarket,Universal Way Spices,-38.0914081,145.2553953
Melbourne,cafe,University Cafe,-37.7994488,144.9668738
Campbellfield,cafe,Unnamed cafe,-37.650641,144.9690142
Melbourne Airport,cafe,Unnamed cafe,-37.668405,144.8459907
Thomastown,cafe,Unnamed cafe,-37.6786351,145.0064618
Bundoora,cafe,Unnamed cafe,-37.6971376,145.058073
Hadfield,cafe,Unnamed cafe,-37.6983991,144.9538124
Reservoir,cafe,Unnamed cafe,-37.6997251,144.9964843
Research,cafe,Unnamed cafe,-37.7070718,145.2033806
Glenroy,cafe,Unnamed cafe,-37.7073796,144.9385511
Tullamarine,cafe,Unnamed cafe,-37.7173626,144.8616051
Strathmore,cafe,Unnamed cafe,-37.7191736,144.9073237
Kingsbury,cafe,Unnamed cafe,-37.7210539,145.0485492
Airport West,cafe,Unnamed cafe,-37.7244354,144.8813213
Strathmore,cafe,Unnamed cafe,-37.7302434,144.9242605
Coburg,cafe,Unnamed cafe,-37.7330369,144.9600072
Niddrie,cafe,Unnamed cafe,-37.743779,144.8912362
Brunswick West,cafe,Unnamed cafe,-37.752778,144.9427128
Thornbury,cafe,Unnamed cafe,-37.7553248,145.0010051
Bellfield,cafe,Unnamed cafe,-37.7558195,145.0478111
Brunswick West,cafe,Unnamed cafe,-37.7581666,144.9448053
Alphington,cafe,Unnamed cafe,-37.7682203,145.0260356
Alphington,cafe,Unnamed cafe,-37.7688318,145.0425316
Fairfield,cafe,Unnamed cafe,-37.7711893,145.0267211
Parkville,cafe,Unnamed cafe,-37.7784547,144.9483961
Parkville,cafe,Unnamed cafe,-37.7844386,144.9515139
Doncaster East,cafe,Unnamed cafe,-37.788959,145.150145
Kew East,cafe,Unnamed cafe,-37.7920768,145.0479937
Carlton,cafe,Unnamed cafe,-37.7945918,144.9788489
Carlton,cafe,Unnamed cafe,-37.7946063,144.9793332
Kew East,cafe,Unnamed cafe,-37.7988534,145.0507674
Flemington,cafe,Unnamed cafe,-37.8004887,144.9275721
Footscray,cafe,Unnamed cafe,-37.801479,144.8991037
North Melbourne,cafe,Unnamed cafe,-37.8021662,144.9500184
Kilsyth,cafe,Unnamed cafe,-37.803301,145.3112575
Melbourne,cafe,Unnamed cafe,-37.804474,144.9635988
Melbourne,cafe,Unnamed cafe,-37.8056375,144.9519801
Kew,cafe,Unnamed cafe,-37.8075455,145.0291815
Melbourne,cafe,Unnamed cafe,-37.808532,144.970723
Melbourne,cafe,Unnamed cafe,-37.8106095,144.9619218
Melbourne,cafe,Unnamed cafe,-37.8108221,144.9623579
Melbourne,cafe,Unnamed cafe,-37.8118469,144.9594788
Melbourne,cafe,Unnamed cafe,-37.8120661,144.9652048
West Footscray,cafe,Unnamed cafe,-37.8124482,144.8780231
Melbourne,cafe,Unnamed cafe,-37.8133332,144.9720018
Melbourne,cafe,Unnamed cafe,-37.8160745,144.9523651
South Melbourne,cafe,Unnamed cafe,-37.8185765,144.9448216
Surrey Hills,cafe,Unnamed cafe,-37.8191497,145.0888784
Richmond,cafe,Unnamed cafe,-37.8193046,145.0040948
Blackburn,cafe,Unnamed cafe,-37.8206278,145.1502412
Hawthorn East,cafe,Unnamed cafe,-37.8231854,145.0447835
Hawthorn East,cafe,Unnamed cafe,-37.8232752,145.0447544
Docklands,cafe,Unnamed cafe,-37.8235948,144.9256041
Hawthorn East,cafe,Unnamed cafe,-37.8237673,145.0441837
Richmond,cafe,Unnamed cafe,-37.8242051,144.9917605
Croydon South,cafe,Unnamed cafe,-37.8253856,145.2800958
Richmond,cafe,Unnamed cafe,-37.8270607,145.0092913
Hawthorn East,cafe,Unnamed cafe,-37.8281019,145.0582614
South Kingsville,cafe,Unnamed cafe,-37.829633,144.8855713
South Kingsville,cafe,Unnamed cafe,-37.8297346,144.885279
Camberwell,cafe,Unnamed cafe,-37.8316072,145.0695217
Richmond,cafe,Unnamed cafe,-37.8319865,144.9949994
Box Hill,cafe,Unnamed cafe,-37.8342031,145.1250038
Southbank,cafe,Unnamed cafe,-37.8368963,144.9752123
Surrey Hills,cafe,Unnamed cafe,-37.8378012,145.1112566
Forest Hill,cafe,Unnamed cafe,-37.8413062,145.1719015
Laverton North,cafe,Unnamed cafe,-37.8415879,144.7836514
South Yarra,cafe,Unnamed cafe,-37.8468866,144.9789382
Malvern,cafe,Unnamed cafe,-37.8494263,145.04093
Camberwell,cafe,Unnamed cafe,-37.8514182,145.0799473
Camberwell,cafe,Unnamed cafe,-37.8517804,145.0798964
Sassafras,cafe,Unnamed cafe,-37.8525329,145.3689076
Blackburn South,cafe,Unnamed cafe,-37.8532834,145.1494725
Williams Landing,cafe,Unnamed cafe,-37.8536586,144.7453556
Ashburton,cafe,Unnamed cafe,-37.8641694,145.0928761
Glen Iris,cafe,Unnamed cafe,-37.8644424,145.0502691
Malvern,cafe,Unnamed cafe,-37.8649217,145.0497495
Ashburton,cafe,Unnamed cafe,-37.8667644,145.0853288
Malvern East,cafe,Unnamed cafe,-37.8698562,145.0605605
Caulfield,cafe,Unnamed cafe,-37.875825,145.0390391
Caulfield,cafe,Unnamed cafe,-37.8788823,145.013273
Ripponlea,cafe,Unnamed cafe,-37.8821158,144.9828431
Ripponlea,cafe,Unnamed cafe,-37.8849743,144.986564
Caulfield,cafe,Unnamed cafe,-37.8940166,145.0207864
Notting Hill,cafe,Unnamed cafe,-37.9205237,145.1437637
Clayton South,cafe,Unnamed cafe,-37.9418503,145.1215797
Moorabbin,cafe,Unnamed cafe,-37.942489,145.0672019
Clarinda,cafe,Unnamed cafe,-37.9434455,145.1186738
Springvale,cafe,Unnamed cafe,-37.9491142,145.153743
Springvale,cafe,Unnamed cafe,-37.9497784,145.1521517
Springvale,cafe,Unnamed cafe,-37.9510151,145.1514175
Beaumaris,cafe,Unnamed cafe,-37.9857335,145.0348735
Beaumaris,cafe,Unnamed cafe,-37.9863341,145.0344854
Mordialloc,cafe,Unnamed cafe,-37.9928175,145.1064786
Braeside,cafe,Unnamed cafe,-37.9936261,145.1103293
Eumemmerring,cafe,Unnamed cafe,-38.0077425,145.2601878
Eumemmerring,cafe,Unnamed cafe,-38.0081287,145.2356889
Braeside,cafe,Unnamed cafe,-38.0091118,145.1167125
Eumemmerring,cafe,Unnamed cafe,-38.01136,145.2573024
Hallam,cafe,Unnamed cafe,-38.0134903,145.2699756
Hallam,cafe,Unnamed cafe,-38.0147682,145.2584224
Berwick,cafe,Unnamed cafe,-38.0428756,145.3436976
Berwick,cafe,Unnamed cafe,-38.0451963,145.3467659
Narre Warren South,cafe,Unnamed cafe,-38.066613,145.3005516
Seaford,cafe,Unnamed cafe,-38.0934855,145.1322309
Botanic Ridge,cafe,Unnamed cafe,-38.126955,145.2704471
Botanic Ridge,cafe,Unnamed cafe,-38.1304612,145.2694819
Frankston North,cafe,Unnamed cafe,-38.1321535,145.1758275
Manifold Heights,cafe,Unnamed cafe,-38.138567,144.3366715
Drumcondra,cafe,Unnamed cafe,-38.1447263,144.3550663
Frankston,cafe,Unnamed cafe,-38.1485698,145.1378991
Frankston,cafe,Unnamed cafe,-38.1510982,145.1300942
Moolap,cafe,Unnamed cafe,-38.1761021,144.4125873
South Geelong,cafe,Unnamed cafe,-38.1801298,144.351971
Baxter,cafe,Unnamed cafe,-38.1946904,145.1479418
Somerville,cafe,Unnamed cafe,-38.2212057,145.1767863
Niddrie,gym,Unnamed gym,-37.738923,144.8709189
Niddrie,gym,Unnamed gym,-37.739108,144.8709874
Princes Hill,gym,Unnamed gym,-37.7694118,144.9618913
Doncaster,gym,Unnamed gym,-37.7870799,145.1261098
Doncaster,gym,Unnamed gym,-37.7872093,145.1131487
Carlton,gym,Unnamed gym,-37.7960767,144.9605646
Docklands,gym,Unnamed gym,-37.8075916,144.948368
Blackburn,gym,Unnamed gym,-37.8112595,145.1583495
Balwyn,gym,Unnamed gym,-37.8124512,145.0815788
Blackburn,gym,Unnamed gym,-37.8173737,145.1555217
Burnley,gym,Unnamed gym,-37.8205675,145.0316916
Box Hill,gym,Unnamed gym,-37.8211802,145.1376273
Burnley,gym,Unnamed gym,-37.8219033,145.0271871
Burnley,gym,Unnamed gym,-37.8219523,145.0275225
Melbourne,gym,Unnamed gym,-37.8263132,144.9680462
Williams Landing,gym,Unnamed gym,-37.8541253,144.7385053
Ashburton,gym,Unnamed gym,-37.8666203,145.0855084
Ferntree Gully,gym,Unnamed gym,-37.8824381,145.2721048
Brighton East,gym,Unnamed gym,-37.9151877,145.0179089
Clayton South,gym,Unnamed gym,-37.9273119,145.1175749
Highett,gym,Unnamed gym,-37.955512,145.0387687
Keysborough,gym,Unnamed gym,-37.9948916,145.1727683
Craigieburn,library,Unnamed library,-37.5904829,144.9096451
Eltham North,library,Unnamed library,-37.6870386,145.1400824
Eltham North,library,Unnamed library,-37.6892448,145.1401059
Essendon Fields,library,Unnamed library,-37.7361952,144.8889183
Lilydale,library,Unnamed library,-37.7599143,145.3442927
Footscray,library,Unnamed library,-37.7932678,144.9013832
Burwood,library,Unnamed library,-37.8471254,145.1148559
Vermont South,library,Unnamed library,-37.8656311,145.1756667
Ripponlea,library,Unnamed library,-37.8766747,145.0046094
Clayton South,library,Unnamed library,-37.928041,145.1175361
Dingley Village,library,Unnamed library,-37.981958,145.1345439
Doveton,library,Unnamed library,-37.9947962,145.2384536
Carrum Downs,library,Unnamed library,-38.1029786,145.1869128
Charlemont,library,Unnamed library,-38.2197256,144.3556086
Diggers Rest,supermarket,Unnamed supermarket,-37.6260169,144.7165356
Reservoir,supermarket,Unnamed supermarket,-37.7170874,145.0094464
Reservoir,supermarket,Unnamed supermarket,-37.7171224,145.0096656
Reservoir,supermarket,Unnamed supermarket,-37.7171493,145.009976
West Footscray,supermarket,Unnamed supermarket,-37.8007293,144.8685916
Cheltenham,supermarket,Unnamed supermarket,-37.9705899,145.0687847
Doveton,supermarket,Unnamed supermarket,-37.985339,145.2392158
Dandenong,supermarket,Unnamed supermarket,-37.9882161,145.2183473
Belgrave Heights,supermarket,Unwrapped Pantry,-37.9301511,145.3595351
Doncaster East,cafe,Up The Road,-37.7816011,145.1636295
Footscray,cafe,Upsize,-37.7992772,144.8965347
South Melbourne,cafe,Upstanding Citizens,-37.8211524,144.9492866
Melbourne,cafe,Upstate Coffee,-37.813731,144.9708413
Geelong West,gym,Upstate,-38.1504135,144.3589339
Geelong West,gym,Upstate,-38.1506657,144.3594945
Melbourne,cafe,Uptown Jazz Café,-37.8021833,144.9776109
Cranbourne North,cafe,Urban Chill Coffee,-38.0849322,145.292257
Melbourne,cafe,Urban Deli,-37.812479,144.970072
Greensborough,cafe,Urban Grooves,-37.7046062,145.1014747
Moorabbin,supermarket,USA Foods,-37.9431586,145.0713505
Bellfield,cafe,V & B Coffee & Bakery,-37.7492736,145.0426162
Springvale,supermarket,Vacancy,-37.9517484,145.1517065
Melbourne,cafe,Vacation,-37.8159177,144.9721312
Bentleigh East,cafe,Valentinos Fish & Chips,-37.9356293,145.0613079
Belmont,supermarket,Valerie's Pantry,-38.1732868,144.344262
Hughesdale,cafe,Vanilla Lounge and Cakes,-37.8993547,145.0898381
Ringwood North,cafe,Vanille Blanche Cafe,-37.7955638,145.2353602
Melbourne,gym,Vault Crossfit,-37.8130719,144.9601471
Melbourne,supermarket,Vegetable Connection,-37.799665,144.97808
Mount Eliza,cafe,Velos Mazeh Musette Coffee,-38.1829653,145.0899812
Seaholme,cafe,Velvet Bean Altona,-37.8659092,144.8309545
Melbourne Airport,cafe,Veneziano Coffee Roasters,-37.6688708,144.8506493
Vermont South,library,Vermont South Library,-37.8544818,145.1813168
Caulfield,cafe,Vern’s,-37.8870552,145.0223373
Carlton,cafe,Vertue Coffee Roasters,-37.7976778,144.9683437
Narre Warren,cafe,Vesper Cafe & Takeaway,-38.0211227,145.2953006
Mornington,cafe,Via Boffe,-38.2187851,145.038169
Balwyn North,cafe,Via Roma,-37.7926959,145.071711
Cairnlea,cafe,Vicpies,-37.7582199,144.7902529
Fitzroy,cafe,Victoria Deli,-37.8092382,144.9891137
Fitzroy,cafe,Victoria Lounge,-37.8099642,144.9939912
Dandenong,cafe,Villa,-37.9869139,145.2148345
Carlton,cafe,Vincent the Dog,-37.7977605,144.9691421
Frankston,cafe,Virgo Espresso,-38.1438347,145.1249227
South Yarra,gym,Vision Personal Training,-37.8479027,144.9941178
Caulfield,gym,Vision Personal Training,-37.8870104,145.0215441
Burnley,gym,Visions Fitness Centre,-37.821682,145.0292664
Clifton Hill,cafe,VIT Cafe,-37.8009591,145.0022916
Dandenong,cafe,Viva La Vida,-37.988005,145.2158515
Diamond Creek,gym,VivaLife Pilates Studio,-37.6731417,145.1512609
Newcomb,cafe,VN Rolls,-38.1651219,144.39051
Melbourne,cafe,Vona Co,-37.8158657,144.9631604
Kingsbury,cafe,Vorea,-37.7122869,145.0477419
Footscray,cafe,Vu Bar,-37.793141,144.899436
Sunshine,supermarket,Vạn Hưng,-37.7841742,144.8324769
Mount Eliza,gym,W Method Pilates,-38.1826411,145.0902346
Taylors Lakes,cafe,W'Gardens Coffee Co. Drive Thru Coffee,-37.6957882,144.7760171
Melbourne,cafe,Waffle On,-37.8173618,144.9658924
Sunshine,cafe,Walia Ibex,-37.7860761,144.8317217
Sunshine,cafe,Walia Ibex,-37.7864685,144.8329251
Dandenong,cafe,Walker Street Cafe,-37.9881139,145.2122931
St Kilda,cafe,Wall Two80,-37.8685396,144.9932349
Carlton North,cafe,Walrus,-37.7704927,144.9616957
Richmond,gym,Wards Gym,-37.8278798,145.0035451
Melbourne,cafe,Warkop,-37.8126094,144.9729732
Richmond,cafe,Warm Hug,-37.8163488,144.9951648
Richmond,cafe,Warm Hugs,-37.8163383,144.9951366
Warrandyte,cafe,Warran Glen Cafe,-37.7450008,145.2361359
Warrandyte,cafe,Warrandyte Cafe,-37.7410624,145.2120871
North Warrandyte,library,Warrandyte Library,-37.7376851,145.2196474
Warrandyte,cafe,Warrandyte Stonehouse Cafe,-37.7392646,145.2296912
Drumcondra,gym,Waterfront Health Studio,-38.144304,144.3616891
Craigieburn,cafe,Waterside Cafe,-37.5917427,144.9046373
Watsonia North,library,Watsonia Library,-37.7104001,145.083534
Grovedale,library,Waurn Ponds Library,-38.1973961,144.3209911
Newtown,cafe,We are the press,-38.1583367,144.3447291
Camberwell,cafe,Weatherson Foods,-37.8246911,145.081835
South Yarra,cafe,Wee Bird,-37.8439628,144.9778926
Kingsville,cafe,Wee Jeanie,-37.8164713,144.8899389
Geelong West,cafe,Welcome Back Cafe,-38.1476446,144.3583667
Briar Hill,cafe,Were Street Food Store,-37.7166013,145.1213346
Footscray,cafe,West 48,-37.795709,144.8835446
Gladstone Park,cafe,West Espresso Brewers,-37.6764861,144.8862872
West Footscray,library,West Footscray Library,-37.7976543,144.8781317
West Footscray,cafe,Westerly,-37.8123011,144.8798735
Footscray,supermarket,Western Halal Meat,-37.8011993,144.9012307
Manifold Heights,library,Western Heights College Library,-38.1234654,144.3283482
Melbourne,cafe,Westwood,-37.8055306,144.9511039
Pearcedale,cafe,Wetland Café,-38.2117095,145.2509252
Wheelers Hill,library,Wheelers Hill Branch Library,-37.9077981,145.1909033
Malvern,cafe,Where Is Henry?,-37.853009,145.041383
Flemington,gym,White Dog Studio,-37.8017045,144.9070837
Ringwood,cafe,White Mojo,-37.8141303,145.2287896
Box Hill North,cafe,White Mojo,-37.8192903,145.1218015
Ripponlea,cafe,Who is Bunker Spreckels,-37.8859784,144.9883055
Kew,cafe,Who's Harry,-37.8158094,145.0210125
Ferntree Gully,supermarket,Wholefood Merchants,-37.8823427,145.2725503
Ferntree Gully,supermarket,Wholefood Merchants,-37.882963,145.2728047
Notting Hill,cafe,Wholefoods,-37.9117568,145.1332253
Ormond,cafe,Whyte Cafe,-37.8893911,145.0409564
Notting Hill,cafe,Wicked Cafe,-37.9009483,145.1312993
Cranbourne,cafe,Wicked Sensation,-38.1125927,145.2826218
Carlton North,cafe,Wide Open Road,-37.7762834,144.961226
Melbourne,cafe,Wild Bean Cafe,-37.8276047,144.9578222
Elsternwick,cafe,Wild Bean Cafe,-37.9006615,145.0071149
Parkville,cafe,Wild Dogs Cafe,-37.7823512,144.9510713
Ripponlea,gym,Wild Gypsea Wellness,-37.8877632,144.9839562
Coburg,cafe,Wild Timor Cafe,-37.7475961,144.9656412
Carlton,cafe,Wild Timor Coffee Co.,-37.7986544,144.9654934
Hurstbridge,cafe,Wild Wombat,-37.6404804,145.192419
Parkdale,cafe,Wild Yam Health Foods & Cafe,-38.0066093,145.086842
Frankston,cafe,Wildness,-38.1448351,145.1386459
Williamstown,library,Williamstown Library,-37.858278,144.896436
Kingsville,cafe,Willis & Anderson,-37.8169062,144.8920915
Kew,cafe,Willo Cafe,-37.7965609,145.035415
Flemington,cafe,Willo&Co Cafe,-37.8008298,144.9164612
Doncaster East,cafe,Wind Chimes Cafe,-37.7826886,145.1635478
Fitzroy,supermarket,Wing Chong Asian Supermarket,-37.8097393,144.9939322
Richmond,cafe,Winkel,-37.815283,144.9999352
Breakwater,cafe,Winston & Co,-38.1713604,144.3835647
Newtown,cafe,Winter's,-38.1564551,144.3455686
Macleod,cafe,Wish Upon a Cupcake,-37.7125605,145.0817991
Travancore,cafe,Wolf and Hound,-37.7865075,144.9291899
Altona North,cafe,Wolf Cafe and Eatery,-37.8448451,144.8422057
Werribee,cafe,Wolf on Watton,-37.9030188,144.6577145
Drumcondra,gym,Wonder Yoga,-38.1353042,144.349143
Geelong West,gym,Wonder Yoga,-38.1492672,144.3586002
Princes Hill,cafe,Wood And Co Coffee,-37.7678509,144.9552577
Belmont,cafe,WoodHouse,-38.1745767,144.3429283
Braeside,cafe,Woodlands Cafe and Takeaway,-37.994263,145.1187825
South Yarra,cafe,Woods,-37.8462292,144.9786964
Melbourne,cafe,Woodside Green,-37.8049081,144.9644892
Malvern,cafe,Woodstock,-37.8562409,145.0255752
Fitzroy,supermarket,Woolworths Metro Smith Street,-37.7978744,144.9841966
Brunswick East,supermarket,Woolworths Metro,-37.7578952,144.9638489
Ascot Vale,supermarket,Woolworths Metro,-37.7729791,144.9158047
Travancore,supermarket,Woolworths Metro,-37.7761084,144.9285108
Fitzroy,supermarket,Woolworths Metro,-37.7888884,144.9910691
Clifton Hill,supermarket,Woolworths Metro,-37.8002028,144.9949422
Melbourne,supermarket,Woolworths Metro,-37.8032025,144.9573621
Docklands,supermarket,Woolworths Metro,-37.8072174,144.943022
Melbourne,supermarket,Woolworths Metro,-37.8095589,144.9612274
Melbourne,supermarket,Woolworths Metro,-37.8100673,144.9587799
Melbourne,supermarket,Woolworths Metro,-37.810488,144.97004
Melbourne,supermarket,Woolworths Metro,-37.8159063,144.9560406
Kingsville,supermarket,Woolworths Metro,-37.81666,144.8916701
Melbourne,supermarket,Woolworths Metro,-37.8166713,144.9645325
Melbourne,supermarket,Woolworths Metro,-37.8190233,144.953305
Melbourne,supermarket,Woolworths Metro,-37.8268606,144.9593308
St Kilda,supermarket,Woolworths Metro,-37.8591642,144.9777767
Prahran,supermarket,Woolworths Metro,-37.8630952,145.0101814
Black Rock,supermarket,Woolworths Metro,-37.9738785,145.0163098
Donnybrook,supermarket,Woolworths,-37.5347438,144.960541
Mernda,supermarket,Woolworths,-37.5940251,145.0899513
Craigieburn,supermarket,Woolworths,-37.5941929,144.914809
Roxburgh Park,supermarket,Woolworths,-37.6161622,144.9153001
Epping,supermarket,Woolworths,-37.6278019,145.0274063
Mill Park,supermarket,Woolworths,-37.6520545,145.0741496
Lalor,supermarket,Woolworths,-37.6541932,145.0175181
Mill Park,supermarket,Woolworths,-37.6666811,145.060937
Lalor,supermarket,Woolworths,-37.6723358,145.0145459
Broadmeadows,supermarket,Woolworths,-37.6803737,144.9182109
Eltham North,supermarket,Woolworths,-37.6848714,145.1356942
Melton West,supermarket,Woolworths,-37.6858086,144.5666064
Melton West,supermarket,Woolworths,-37.6868858,144.5610829
Gladstone Park,supermarket,Woolworths,-37.6875423,144.8849079
Hillside,supermarket,Woolworths,-37.6915795,144.7478699
Bundoora,supermarket,Woolworths,-37.6950185,145.0585251
Taylors Lakes,supermarket,Woolworths,-37.699412,144.7778007
Taylors Lakes,supermarket,Woolworths,-37.7024047,144.7994466
Watsonia North,supermarket,Woolworths,-37.7048039,145.1000868
Glenroy,supermarket,Woolworths,-37.7070041,144.9387874
Kingsbury,supermarket,Woolworths,-37.7128214,145.0475954
Eltham,supermarket,Woolworths,-37.7141239,145.1502458
Essendon Fields,supermarket,Woolworths,-37.7146375,144.887236
Weir Views,supermarket,Woolworths,-37.7221703,144.5708161
Burnside Heights,supermarket,Woolworths,-37.7230371,144.7516
Burnside Heights,supermarket,Woolworths,-37.7301438,144.7430619
Preston,supermarket,Woolworths,-37.737145,145.0028388
Essendon Fields,supermarket,Woolworths,-37.7381316,144.8928873
Essendon Fields,supermarket,Woolworths,-37.7381501,144.8928594
Bellfield,supermarket,Woolworths,-37.7383116,145.0284356
Coburg,supermarket,Woolworths,-37.7438688,144.9638043
Cairnlea,supermarket,Woolworths,-37.7448814,144.8016816
Avondale Heights,supermarket,Woolworths,-37.7502451,144.8609684
Albanvale,supermarket,Woolworths,-37.7508329,144.7734061
Thornbury,supermarket,Woolworths,-37.751159,145.003581
Heidelberg,supermarket,Woolworths,-37.7590857,145.0686273
Lilydale,supermarket,Woolworths,-37.7601449,145.3494123
Travancore,supermarket,Woolworths,-37.7677535,144.9214136
Carlton North,supermarket,Woolworths,-37.7697835,144.9600119
Alphington,supermarket,Woolworths,-37.7701721,145.0416219
Doncaster,supermarket,Woolworths,-37.7729494,145.1136659
Maribyrnong,supermarket,Woolworths,-37.7732859,144.8896964
Carlton North,supermarket,Woolworths,-37.7758181,144.9618499
Sunshine,supermarket,Woolworths,-37.7803951,144.8319234
Doncaster,supermarket,Woolworths,-37.7867173,145.1262784
Travancore,supermarket,Woolworths,-37.7871515,144.92789
Doncaster East,supermarket,Woolworths,-37.7894683,145.15829
Parkville,supermarket,Woolworths,-37.7963605,144.940678
Carlton,supermarket,Woolworths,-37.7981407,144.9683576
Croydon,supermarket,Woolworths,-37.8001309,145.2830309
Carlton,supermarket,Woolworths,-37.8014256,144.9832348
Kilsyth,supermarket,Woolworths,-37.803235,145.3108152
Kew,supermarket,Woolworths,-37.8057563,145.0309266
Richmond,supermarket,Woolworths,-37.8093706,144.99558
Melbourne,supermarket,Woolworths,-37.8110951,144.9655613
Ringwood,supermarket,Woolworths,-37.8120412,145.2284585
Docklands,supermarket,Woolworths,-37.8120887,144.9391271
Blackburn,supermarket,Woolworths,-37.8123394,145.1527346
Surrey Hills,supermarket,Woolworths,-37.812641,145.0831702
Box Hill North,supermarket,Woolworths,-37.8195494,145.1212804
South Melbourne,supermarket,Woolworths,-37.8205606,144.9436054
Hawthorn East,supermarket,Woolworths,-37.8208755,145.0363418
South Melbourne,supermarket,Woolworths,-37.8210674,144.9500958
Kilsyth South,supermarket,Woolworths,-37.8229337,145.3020376
Melbourne,supermarket,Woolworths,-37.82581,144.9635577
Hawthorn East,supermarket,Woolworths,-37.8294287,145.058971
South Melbourne,supermarket,Woolworths,-37.8306564,144.9573651
Docklands,supermarket,Woolworths,-37.8311018,144.9307435
Blackburn South,supermarket,Woolworths,-37.8312489,145.1473581
South Kingsville,supermarket,Woolworths,-37.8318024,144.8831375
Camberwell,supermarket,Woolworths,-37.8340002,145.0773307
Forest Hill,supermarket,Woolworths,-37.8358294,145.1644531
South Yarra,supermarket,Woolworths,-37.8371902,144.9969896
Forest Hill,supermarket,Woolworths,-37.8374684,145.1844001
Tarneit,supermarket,Woolworths,-37.8400099,144.6738163
Prahran,supermarket,Woolworths,-37.8405629,145.0081654
Bayswater,supermarket,Woolworths,-37.8408888,145.2627028
Altona North,supermarket,Woolworths,-37.8427366,144.8448831
Malvern,supermarket,Woolworths,-37.8456299,145.0422777
South Yarra,supermarket,Woolworths,-37.8474492,144.9927111
South Yarra,supermarket,Woolworths,-37.8481054,145.0052368
Blackburn South,supermarket,Woolworths,-37.8489987,145.1339749
Blackburn South,supermarket,Woolworths,-37.8527844,145.1344072
Williamstown North,supermarket,Woolworths,-37.8577633,144.8825866
Boronia,supermarket,Woolworths,-37.8616619,145.2843812
Hoppers Crossing,supermarket,Woolworths,-37.862377,144.6871827
Malvern,supermarket,Woolworths,-37.8628805,145.0271098
Ashburton,supermarket,Woolworths,-37.8664371,145.0937478
Williams Landing,supermarket,Woolworths,-37.867388,144.7424967
St Kilda,supermarket,Woolworths,-37.868243,144.991277
St Kilda,supermarket,Woolworths,-37.8685209,144.978811
Glen Waverley,supermarket,Woolworths,-37.8747173,145.1648652
Mount Waverley,supermarket,Woolworths,-37.8784183,145.1276618
Ferntree Gully,supermarket,Woolworths,-37.883705,145.2778081
Murrumbeena,supermarket,Woolworths,-37.8845285,145.0587077
Hughesdale,supermarket,Woolworths,-37.887188,145.0842821
Caulfield East,supermarket,Woolworths,-37.8876801,145.0564116
Mambourin,supermarket,Woolworths,-37.8880208,144.6072287
Ormond,supermarket,Woolworths,-37.8889215,145.0410268
Ferntree Gully,supermarket,Woolworths,-37.889438,145.2936982
Scoresby,supermarket,Woolworths,-37.8983779,145.2318694
Werribee,supermarket,Woolworths,-37.8992104,144.662848
Oakleigh East,supermarket,Woolworths,-37.9009686,145.0910073
Belgrave,supermarket,Woolworths,-37.9095382,145.3526923
Wheelers Hill,supermarket,Woolworths,-37.9097755,145.1898734
Brighton,supermarket,Woolworths,-37.9154629,144.99538
McKinnon,supermarket,Woolworths,-37.9195218,145.0421121
Rowville,supermarket,Woolworths,-37.9209702,145.2351822
Clayton,supermarket,Woolworths,-37.9212208,145.1399271
Oakleigh South,supermarket,Woolworths,-37.9219021,145.0834939
Hampton East,supermarket,Woolworths,-37.9347217,145.0389409
Hampton,supermarket,Woolworths,-37.9371235,145.0020806
Clarinda,supermarket,Woolworths,-37.9403963,145.1037428
Hampton East,supermarket,Woolworths,-37.9490549,145.0409963
Springvale,supermarket,Woolworths,-37.9533977,145.151589
Cheltenham,supermarket,Woolworths,-37.9595542,145.0555939
Dandenong,supermarket,Woolworths,-37.974201,145.2052615
Endeavour Hills,supermarket,Woolworths,-37.9762694,145.2592951
Mentone,supermarket,Woolworths,-37.981623,145.0624125
Dingley Village,supermarket,Woolworths,-37.9834708,145.1329898
Mentone,supermarket,Woolworths,-37.9841,145.077111
Dandenong,supermarket,Woolworths,-37.9874773,145.2177309
Keysborough,supermarket,Woolworths,-37.9929941,145.172621
Eumemmerring,supermarket,Woolworths,-38.0052689,145.2483456
Mordialloc,supermarket,Woolworths,-38.0080122,145.0867012
Keysborough,supermarket,Woolworths,-38.0117526,145.1606959
Narre Warren,supermarket,Woolworths,-38.0168578,145.3006679
Berwick,supermarket,Woolworths,-38.0295132,145.3468395
Hampton Park,supermarket,Woolworths,-38.032744,145.2663806
Chelsea,supermarket,Woolworths,-38.0543304,145.1158311
Narre Warren South,supermarket,Woolworths,-38.0664709,145.3009876
Patterson Lakes,supermarket,Woolworths,-38.067669,145.1433995
Corio,supermarket,Woolworths,-38.0744592,144.3574169
Bell Post Hill,supermarket,Woolworths,-38.0896434,144.3371719
Cranbourne East,supermarket,Woolworths,-38.1002009,145.2939531
Carrum Downs,supermarket,Woolworths,-38.1020969,145.1836689
Clyde North,supermarket,Woolworths,-38.1036137,145.324723
Cranbourne West,supermarket,Woolworths,-38.1080715,145.2506305
Seaford,supermarket,Woolworths,-38.1092936,145.1265883
Manifold Heights,supermarket,Woolworths,-38.1370122,144.3477524
Frankston,supermarket,Woolworths,-38.140202,145.126413
Langwarrin,supermarket,Woolworths,-38.1411816,145.2075134
Manifold Heights,supermarket,Woolworths,-38.1458229,144.3360867
Highton,supermarket,Woolworths,-38.1607658,144.306154
Newcomb,supermarket,Woolworths,-38.1685801,144.3885481
Newcomb,supermarket,Woolworths,-38.1698198,144.3932902
Highton,supermarket,Woolworths,-38.1724143,144.3232461
Mount Eliza,supermarket,Woolworths,-38.1838062,145.0898802
Baxter,supermarket,Woolworths,-38.1941735,145.1594628
Grovedale,supermarket,Woolworths,-38.1988403,144.3191948
Mornington,supermarket,Woolworths,-38.2178096,145.0389791
Somerville,supermarket,Woolworths,-38.2244567,145.1715701
Armstrong Creek,supermarket,Woolworths,-38.2307704,144.3722793
Glen Waverley,cafe,Workshop Bros,-37.8812301,145.1631195
Melbourne,cafe,Workshop Brothers Southbank,-37.8211618,144.9636124
Ormond,cafe,Workshop Glenhuntly,-37.8894803,145.0417852
Ferntree Gully,gym,World Fitness Cartel,-37.883184,145.2706792
Kingsville,cafe,Woven Cafe,-37.8204915,144.8938036
Kingsbury,cafe,Writer's Block,-37.720436,145.048555
Melbourne,cafe,Wu Cha,-37.8118625,144.9678868
Mambourin,library,Wyndham Library Service - Manor Lakes Branch,-37.8760312,144.6051439
Werribee,library,Wyndham Library Service - Werribee Branch,-37.903859,144.6578416
Melbourne,supermarket,Xin Fang Supermarket,-37.808246,144.955088
Melbourne,cafe,Xing Fu Tang,-37.8121824,144.9620102
Melbourne,cafe,Xing Fu Tang,-37.8137882,144.9659694
Caulfield,cafe,Xposé Cafe,-37.8866662,145.0212247
Docklands,supermarket,Xpress Supermarket,-37.8147577,144.9383467
Bayswater,cafe,xpresso Cafe,-37.842041,145.2671367
Melbourne,cafe,Xpressomondo,-37.8170387,144.9655773
Notting Hill,cafe,XS Roasting Kitchen,-37.9089519,145.1588272
Melbourne,cafe,Xtraction,-37.812214,144.956019
Ascot Vale,supermarket,Yahweh,-37.764606,144.9218945
Campbellfield,cafe,Yalla! Yalla! Bakery and Cafe,-37.670592,144.966661
Yallambie,supermarket,Yallambie Food Mart,-37.7262906,145.1041276
Fairfield,cafe,Yarra Edge Nursery Cafe,-37.7879626,145.0098075
Melbourne,cafe,Yi Fang Tea,-37.8107167,144.9640564
Box Hill North,cafe,Yi Fang Tea,-37.8197416,145.1210973
Coburg,cafe,Yiannis Pantheon Cakes,-37.7434669,144.9660834
St Kilda,cafe,Yo Chi,-37.8686527,144.9939283
Glen Waverley,cafe,Yo My Good Ness,-37.8802914,145.1634591
Sandringham,gym,Yoga Arts Academy,-37.9535471,145.0206009
Upper Ferntree Gully,gym,Yoga Balance,-37.8830589,145.2966058
Northcote,gym,Yoga Jivana,-37.768215,144.9987821
South Kingsville,gym,Yoga Path,-37.843904,144.8843456
Springvale,cafe,Yolo,-37.9503409,145.1514605
Preston,cafe,Young Man Cafe,-37.7350746,145.0046629
Prahran,cafe,Yuca Melbourne,-37.8409355,145.0106326
South Yarra,cafe,Yummy Puff,-37.8467203,144.9943148
Lalor,supermarket,Zahra Grocery,-37.6730412,145.0163624
Lalor,supermarket,Zahra Grocery,-37.6730468,145.0161862
Kew,cafe,Zakka Life,-37.8067974,145.0303399
Richmond,gym,Zap Fitness,-37.8191467,145.0076136
Caulfield East,gym,Zap Fitness,-37.8838144,145.0545561
Oakleigh East,gym,Zap Fitness,-37.9099972,145.1191352
Travancore,gym,Zapp Fitness,-37.7874998,144.9264242
Brunswick East,cafe,Zaytoune Lebanese Sweets,-37.7622313,144.9631082
Dandenong South,cafe,Zenith Cafe,-38.0203159,145.2207431
Gardenvale,cafe,Zeppelin,-37.9058567,145.0041512
Doncaster East,cafe,Zero95,-37.7879194,145.1496633
Kooyong,cafe,Zia's Cafe,-37.8285512,145.0339597
Surrey Hills,cafe,Zimt,-37.8227863,145.0980296
Parkville,cafe,Zinc,-37.793089,144.948876
Melbourne,cafe,Zio's Restaurant,-37.8094356,144.9786606
Epping,cafe,Zoli Cafe,-37.6486899,145.0254666
Parkville,cafe,Zoo Bakery,-37.7835473,144.9531253
Melbourne,cafe,Zouki Cafe,-37.8119043,144.9775796
Huntingdale,cafe,zouki,-37.9206886,145.1231377
Mooroolbark,supermarket,ZoZam,-37.7856705,145.3137655
Box Hill North,cafe,æ Coffee,-37.8183846,145.119021
Lalor,supermarket,Đông Tiến,-37.6738163,145.0167885
Springvale,cafe,Đại Gia,-37.9517848,145.1519649
Sunshine,supermarket,Đại Phát Supermarket,-37.78391,144.832682
