suburb,category,name,lat,lon
Ivanhoe,supermarket,Woolworths,-37.7701721,145.0416219
Ivanhoe,cafe,The Cornerstore,-37.771939,145.0456399
Ivanhoe,cafe,Docasa,-37.7716644,145.0465519
Ivanhoe,cafe,The Foreigner,-37.7664626,145.0445918
Ivanhoe,cafe,Lip Cafe,-37.7593628,145.0443093
Ivanhoe,cafe,Unnamed cafe,-37.7688318,145.0425316
Ivanhoe,cafe,Laurent,-37.7685994,145.0424133
Ivanhoe,cafe,Laurent,-37.7686373,145.0423582
Ivanhoe,cafe,Pinkie,-37.7681835,145.0440114
Ivanhoe,cafe,Tre Fontane,-37.7672369,145.0445173
Ivanhoe,gym,Core Principles Personal And Group Training,-37.7716817,145.0458851
Alphington,cafe,Kissaten,-37.782721,145.0218161
Alphington,cafe,The Alphington Foodstore,-37.7780786,145.0307394
Alphington,cafe,Becca Foodstore,-37.775467,145.0259122
Alphington,cafe,Unnamed cafe,-37.7711893,145.0267211
Alphington,gym,Melbourne Gym Sports,-37.7669651,145.0287004
Fairfield,supermarket,Oasis,-37.777905,145.0181124
Fairfield,supermarket,IGA,-37.7762599,145.0183324
Fairfield,supermarket,Cardamones Food and Wine,-37.7765628,145.0187591
Fairfield,cafe,Fairfield Boathouse,-37.7851623,145.0136098
Fairfield,cafe,Cafe Pantheon,-37.7780476,145.0181099
Fairfield,cafe,Stathmos,-37.7780364,145.0184531
Fairfield,cafe,Nikos,-37.7787992,145.0174597
Fairfield,cafe,Bean Counter Cafe,-37.7795803,145.0167123
Fairfield,cafe,15 lbs Cafe,-37.7795467,145.0171851
Fairfield,cafe,The Tea Rose,-37.7795393,145.0172709
Fairfield,cafe,Hoppa & Joe,-37.7829876,145.0187413
Fairfield,cafe,Harvest,-37.7775279,145.0181682
Fairfield,cafe,Brazen Brownies and Dessert Bar,-37.7766626,145.0187082
Fairfield,cafe,Three Locals,-37.7772524,145.0186159
Fairfield,cafe,Mr Wednesday,-37.7788879,145.0242235
Fairfield,cafe,Meet Me @ Ed’s,-37.7679078,145.0231318
Fairfield,cafe,Unnamed cafe,-37.7682203,145.0260356
Fairfield,cafe,Outer Circle Social Club,-37.7677233,145.0214309
Fairfield,cafe,Arthur Street Deli,-37.7830395,145.0184356
Fairfield,cafe,In The Cup,-37.7967278,145.0113441
Fairfield,gym,Body Centre Pilates,-37.7788003,145.0171517
Fairfield,gym,Listen To Your Body Fairfield,-37.7759929,145.0188392
Fairfield,gym,Curves,-37.7665123,145.0198769
Thornbury,supermarket,Psarakos Market,-37.7597746,145.0007011
Thornbury,supermarket,Thornbury Cellars IGA,-37.7511479,144.9881648
Thornbury,supermarket,Naturally On High,-37.7597333,145.0002691
Thornbury,supermarket,Bivihome,-37.7662487,145.0299719
Thornbury,cafe,The Old Milkbar,-37.7541217,145.0165265
Thornbury,cafe,Unnamed cafe,-37.7592139,145.0211822
Thornbury,cafe,IMA Café,-37.7544816,144.9803487
Thornbury,cafe,Casa Nata,-37.7525393,145.0017602
Thornbury,cafe,Tickled Pink,-37.7511169,144.9878597
Thornbury,cafe,Rio Express,-37.755847,144.9944288
Thornbury,cafe,Millhouse Bakery Cafe,-37.7550946,144.9937582
Thornbury,cafe,Bakes & Bagels,-37.7512209,144.988889
Thornbury,cafe,Artiga Specialty Coffee,-37.7592231,145.0286774
Thornbury,cafe,Thornbury Espresso Bar,-37.7542172,145.0014936
Thornbury,cafe,Haytch,-37.7583494,145.0008271
Thornbury,cafe,Lan Coffee,-37.7600607,145.000556
Thornbury,cafe,Ampersand Coffee and Food,-37.754549,145.0011357
Thornbury,cafe,Unnamed cafe,-37.7553248,145.0010051
Thornbury,gym,Prana House,-37.7537853,145.0012441
Thornbury,gym,Evado Studios,-37.7602614,145.0001412
Thornbury,gym,Balance Yoga,-37.755487,144.99372
Northcote,supermarket,Coles,-37.7691345,145.0013383
Northcote,supermarket,ALDI,-37.768958,145.000045
Northcote,supermarket,Coles,-37.7673811,145.0017674
Northcote,supermarket,IGA,-37.7717526,144.9986811
Northcote,cafe,Launder It,-37.7761083,144.9972528
Northcote,cafe,Spit Jack,-37.7787719,145.0104413
Northcote,cafe,Kaféz,-37.769324,145.000303
Northcote,cafe,Northcote Caffe Espresso,-37.7680454,145.0014452
Northcote,cafe,Fergerson Plarre,-37.7685841,145.0016758
Northcote,cafe,South Crescent Cafe,-37.7789159,145.0018046
Northcote,cafe,Penny Farthing Espresso,-37.7741967,144.998167
Northcote,cafe,Four Beans,-37.7828728,144.9967212
Northcote,cafe,Red Door Corner Store Cafe,-37.7728134,145.0040563
Northcote,cafe,Barry,-37.7801923,144.9966978
Northcote,cafe,Degani Bakery Cafe,-37.767703,145.002235
Northcote,cafe,The Herbert Café,-37.7692631,144.9961418
Northcote,cafe,Ash & Rye,-37.7781836,145.010194
Northcote,cafe,Espresso Bar,-37.7677644,144.9993553
Northcote,cafe,Espresso Alley,-37.7694962,144.999785
Northcote,cafe,Thomson Street Foodstore,-37.7804348,145.0124306
Northcote,cafe,Dan's Deli,-37.7688056,144.9992886
Northcote,cafe,Field Black,-37.7660561,144.9994903
Northcote,cafe,Fork & Path,-37.7657603,144.9991871
Northcote,cafe,Tibbs & Bones,-37.7683052,144.9993575
Northcote,cafe,Little Local,-37.7716643,144.9983866
Northcote,cafe,Poke The Bear,-37.772212,144.998816
Northcote,cafe,Leanna,-37.7684369,145.0016228
Northcote,cafe,Bicycle Thieves,-37.7668565,144.9990461
Northcote,cafe,Top of the Hill,-37.7741613,144.998174
Northcote,cafe,Cuppa Turca,-37.7725662,144.9985034
Northcote,cafe,Tinker,-37.7734181,144.998036
Northcote,gym,Yoga Jivana,-37.768215,144.9987821
Northcote,gym,Jetts Fitness,-37.7672358,144.999405
Northcote,gym,Northside Pilates,-37.7682328,144.9990269
Northcote,gym,KX Pilates,-37.7702216,144.9989997
Northcote,gym,Fitness XO,-37.780241,144.9969837
Northcote,gym,Charge CrossFit,-37.7672309,144.985502
Northcote,library,Northcote Library,-37.769827,145.000836
Clifton Hill,supermarket,Woolworths Metro,-37.7888884,144.9910691
Clifton Hill,supermarket,Continental Supermarket,-37.7879567,144.9992427
Clifton Hill,cafe,Rubber Duck Cafe,-37.789085,144.990631
Clifton Hill,cafe,Uncle Drew Cafe,-37.7942352,144.9981404
Clifton Hill,cafe,Dirty Apron,-37.790641,144.997134
Clifton Hill,cafe,The Belljar,-37.7916738,144.9856759
Clifton Hill,gym,Clifton Hill Yoga Studio,-37.7892468,144.9902274
Clifton Hill,gym,Clifton Hill Pilates & Rehab,-37.7895239,144.9895559
Abbotsford,supermarket,ALDI,-37.8093845,144.9956596
Abbotsford,supermarket,Minh Phat Asian Supermarket,-37.8095858,144.9963729
Abbotsford,supermarket,Woolworths,-37.8093706,144.99558
Abbotsford,supermarket,IGA,-37.7999747,144.9957652
Abbotsford,supermarket,Woolworths Metro,-37.8002028,144.9949422
Abbotsford,supermarket,Wing Chong Asian Supermarket,-37.8097393,144.9939322
Abbotsford,supermarket,Green Square IGA plus Liquor,-37.8109903,145.007512
Abbotsford,cafe,Quint Cafe,-37.809917,144.995821
Abbotsford,cafe,Hektor Woodleys,-37.8115506,145.0124691
Abbotsford,cafe,Romano's Coffee,-37.809743,144.995519
Abbotsford,cafe,Loosie Grind,-37.805306,144.996627
Abbotsford,cafe,VIT Cafe,-37.8009591,145.0022916
Abbotsford,cafe,EJ's Gourmet Food,-37.799808,144.993784
Abbotsford,cafe,Bomb Cafe,-37.8000341,144.9938076
Abbotsford,cafe,Abbotsford Pantry,-37.8084889,144.9999844
Abbotsford,cafe,Dr. Morse,-37.799833,144.9941396
Abbotsford,cafe,Mothership,-37.8069234,144.9986977
Abbotsford,cafe,Mavis the Grocer,-37.8030269,144.9970286
Abbotsford,cafe,Kaede,-37.8004034,144.9973958
Abbotsford,cafe,Three Bags Full,-37.8073914,144.9965445
Abbotsford,cafe,Coffee Peddlr,-37.8074085,144.9929792
Abbotsford,cafe,Trennery Cafe,-37.8002121,145.0001761
Abbotsford,cafe,Chomp Cafe,-37.7999748,144.9998757
Abbotsford,cafe,Little Ezida,-37.810578,145.0033759
Abbotsford,cafe,Coffee Supreme,-37.8091914,145.006807
Abbotsford,cafe,Little Molli,-37.806893,144.9966367
Abbotsford,gym,Gym 24/7 Richmond,-37.8108571,145.0053212
Abbotsford,library,Collingwood Library,-37.804503,144.99293
Abbotsford,library,Collingwood Toy Library,-37.7973804,144.9958633
Fitzroy North,supermarket,McCoppins Food & Wine,-37.7888604,144.9895506
Fitzroy North,supermarket,Frootz on Parade,-37.789079,144.989017
Fitzroy North,cafe,Mitte,-37.7857013,144.9892465
Fitzroy North,cafe,Picnic,-37.7848639,144.9823189
Fitzroy North,cafe,Mixed Business,-37.7854502,144.9943692
Fitzroy North,cafe,Tinpot Cafe,-37.7834518,144.9838712
Fitzroy North,cafe,Greensleeves Coffee House,-37.7832356,144.9821608
Fitzroy North,cafe,Standing Room,-37.7847866,144.9823865
Fitzroy North,cafe,Pillar of Pepper,-37.7846457,144.98252
Fitzroy North,cafe,Growers Espresso,-37.779903,144.986937
Fitzroy North,cafe,Cliftons Cafe,-37.7886755,144.9900011
Fitzroy North,cafe,Cavallini,-37.7880728,144.9914462
Fitzroy North,cafe,Bean Around Bakery-Café,-37.7881146,144.9913458
Fitzroy North,cafe,Dench Cafe,-37.7830635,144.9826302
Fitzroy North,cafe,Curly Joe's drive-thru coffee,-37.7759511,144.9789669
Fitzroy North,cafe,Citrus,-37.7832134,144.9841088
Fitzroy North,cafe,Maillard Toast and Espresso Bar,-37.7796732,144.9867595
Fitzroy North,cafe,Two:Bob,-37.7891908,144.9885873
Fitzroy North,cafe,Taiyo Sun,-37.7782676,144.9883515
Fitzroy North,cafe,North Island,-37.7830686,144.9826782
Fitzroy North,cafe,Piccante Cafe,-37.7840077,144.9833889
Fitzroy North,gym,CorePlus,-37.7842202,144.9775739
Fitzroy North,gym,L9 Fitness & Skills,-37.7843116,144.9775575
Fitzroy North,library,"Bargoonga Nganjin, North Fitzroy Library",-37.7847456,144.9828628
Brunswick East,supermarket,IGA X-press,-37.7686793,144.97235
Brunswick East,supermarket,TT Mart,-37.7788898,144.9781392
Brunswick East,supermarket,IGA,-37.7787245,144.9764299
Brunswick East,supermarket,Coles,-37.7721229,144.9784681
Brunswick East,supermarket,Organic Wholefoods,-37.7634376,144.9730183
Brunswick East,supermarket,Foodworks,-37.7631481,144.9733325
Brunswick East,cafe,Milkwood,-37.7676168,144.9803349
Brunswick East,cafe,The Third Tier Tea Room,-37.7674986,144.980358
Brunswick East,cafe,The Old Bikeshop Cafe,-37.7750446,144.9709954
Brunswick East,cafe,Sugardough,-37.7730805,144.9713047
Brunswick East,cafe,District 35,-37.779923,144.9773463
Brunswick East,cafe,Suntop Plaza,-37.7662959,144.980279
Brunswick East,cafe,East Elevation,-37.7675831,144.9722714
Brunswick East,cafe,Double Dutch Coffee Bar,-37.7708597,144.97166
Brunswick East,cafe,Joan Specialty Coffee,-37.7704851,144.9763398
Brunswick East,cafe,Code 21,-37.7786686,144.9761618
Brunswick East,cafe,Cafe,-37.7655418,144.9832825
Brunswick East,cafe,Stop 122,-37.7723711,144.9716862
Brunswick East,cafe,Carolina,-37.7794735,144.9780372
Brunswick East,cafe,Take Two,-37.7753182,144.9709527
Brunswick East,cafe,Padre Coffee,-37.7641062,144.973163
Brunswick East,cafe,Bellboy Cafe,-37.7722836,144.9791799
Brunswick East,cafe,Hermitz & Co,-37.7692152,144.9719832
Brunswick East,cafe,Galeri Coffee & Art,-37.7716533,144.9718117
Brunswick East,cafe,El Mirage,-37.7676444,144.9721856
Brunswick East,cafe,Cafe No. 8,-37.778867,144.9708297
Brunswick East,cafe,Clove Cafe & Restaurant,-37.7640315,144.9729162
Brunswick East,cafe,Chava's Espresso Bar,-37.7639175,144.972937
Brunswick East,cafe,Core Roasters,-37.7780849,144.9771821
Brunswick East,cafe,Catalogue,-37.7776302,144.970984
Brunswick East,gym,Australian Strength Performance,-37.7761724,144.9716363
Brunswick East,gym,Listen To Your Body,-37.7678425,144.9725185
Brunswick East,gym,Armature Pilates,-37.7678124,144.9722313
Brunswick East,gym,Armature Strength,-37.7683332,144.9730902
Brunswick East,gym,AKA Studio Yoga,-37.767077,144.9804137
Brunswick East,gym,Integrated Bodywork Pilates + Massage,-37.7794311,144.9780445
Brunswick East,gym,UBX Training,-37.7700442,144.9721485
Brunswick East,gym,CrossFit,-37.7697718,144.9807553
Brunswick East,gym,QuickFit,-37.7786534,144.9708621
Brunswick East,gym,Loading,-37.7638323,144.9729524
Brunswick East,gym,Cheeks Pilates,-37.7764692,144.9711349
Brunswick East,gym,Anytime Fitness,-37.7781676,144.9775984
Brunswick East,library,1 John Street Little Library,-37.7769637,144.9758697
Collingwood,supermarket,Foodworks,-37.7998871,144.9922356
Collingwood,supermarket,The Source Bulk Foods,-37.8028064,144.9837684
Collingwood,supermarket,Sonsa Foods,-37.8025305,144.9838161
Collingwood,supermarket,Coles,-37.803803,144.983619
Collingwood,cafe,Ladybird Café,-37.7991717,144.9875019
Collingwood,cafe,Brunches n Lunches,-37.7995311,144.988708
Collingwood,cafe,Nourish,-37.8047657,144.9834417
Collingwood,cafe,The Alt Grill and Bar,-37.7991997,144.984395
Collingwood,cafe,Glassworks Café,-37.8047212,144.9881172
Collingwood,cafe,Cambridge Cafe,-37.8071265,144.9849617
Collingwood,cafe,Proud Mary,-37.802337,144.985247
Collingwood,cafe,Friends of the Earth,-37.7999187,144.9842634
Collingwood,cafe,Bluebird Espresso,-37.7993857,144.9895163
Collingwood,cafe,INI Coffee,-37.8064871,144.9831393
Collingwood,cafe,Crossroads Cafe,-37.804665,144.9900996
Collingwood,cafe,Cibi Cafe (Dine In),-37.7970912,144.9858952
Collingwood,cafe,Everyday Coffee,-37.7982461,144.9858872
Collingwood,cafe,Libertine & Co.,-37.7996419,144.9897132
Collingwood,cafe,Victoria Deli,-37.8092382,144.9891137
Collingwood,cafe,Dog House,-37.7998667,144.9919632
Collingwood,cafe,South of Johnston,-37.806001,144.984635
Collingwood,cafe,"Lemon, Middle & Orange",-37.8073053,144.9878787
Collingwood,cafe,STREAT,-37.8064154,144.9901235
Collingwood,cafe,Allpress Roastery,-37.8065212,144.9891319
Collingwood,cafe,Georgie's on Cambridge,-37.804436,144.985751
Collingwood,cafe,Made in Sud,-37.80833,144.9905463
Collingwood,cafe,Caffe Chiera,-37.8067338,144.9891349
Collingwood,cafe,Proud Sprout,-37.8053633,144.985785
Collingwood,cafe,Plug Nickel,-37.8051621,144.983949
Collingwood,cafe,Sojo To Go,-37.8050173,144.984725
Collingwood,cafe,Terror Twilight,-37.7991491,144.9849275
Collingwood,cafe,The Studio Beans,-37.8066979,144.9862227
Collingwood,cafe,Coffee + Office,-37.7965615,144.9848355
Collingwood,cafe,Padre Coffee,-37.7993758,144.9860962
Collingwood,cafe,Into Coffee,-37.8055174,144.9866741
Collingwood,cafe,Acoffee,-37.7982359,144.9856593
Collingwood,cafe,Smith+Deli,-37.8046867,144.9854003
Collingwood,gym,CrossFit Collingwood,-37.8061913,144.9899356
Collingwood,gym,RBT Result Based Training,-37.8082416,144.9859843
Collingwood,gym,Simhanada Ashtanga Yoga School,-37.7977128,144.9874572
Collingwood,gym,Project Better,-37.7955789,144.9850385
Collingwood,gym,Absolute MMA Collingwood,-37.8038711,144.990661
Collingwood,gym,Anytime Fitness,-37.8042366,144.9866837
Collingwood,gym,Fluid Fitness,-37.8068392,144.9897202
Fitzroy,supermarket,KimChi Korean Japanese Grocery,-37.802712,144.977554
Fitzroy,supermarket,Sika Supermarket,-37.8044181,144.9772684
Fitzroy,supermarket,Casa Iberica,-37.7979262,144.9759075
Fitzroy,supermarket,Foodworks,-37.805942,144.98017
Fitzroy,supermarket,Hinoki Japanese Pantry,-37.8005727,144.983832
Fitzroy,supermarket,Organic Wholefoods,-37.800652,144.983823
Fitzroy,supermarket,Aunt Maggies,-37.806295,144.981009
Fitzroy,supermarket,Vegetable Connection,-37.799665,144.97808
Fitzroy,supermarket,Foodworks,-37.802612,144.978102
Fitzroy,supermarket,Cheaper Buy Miles,-37.798272,144.9791079
Fitzroy,supermarket,Fitzroy IGA,-37.794231,144.9793382
Fitzroy,supermarket,ALDI,-37.7987035,144.9836527
Fitzroy,cafe,Stagger Lee's,-37.7989463,144.978543
Fitzroy,cafe,Sir Charles,-37.7982584,144.9789257
Fitzroy,cafe,Endis Café,-37.7988255,144.9771439
Fitzroy,cafe,Black Cat,-37.799889,144.978373
Fitzroy,cafe,Min Lokal,-37.796901,144.982356
Fitzroy,cafe,Le Gourmet Cakes,-37.7992836,144.978146
Fitzroy,cafe,Atomica Caffé,-37.7993698,144.9784906
Fitzroy,cafe,Gutz,-37.800815,144.977868
Fitzroy,cafe,Houndstooth,-37.7982227,144.976029
Fitzroy,cafe,Garden View Cafe,-37.80604,144.973766
Fitzroy,cafe,Alimentari,-37.7997308,144.9780654
Fitzroy,cafe,Newtown Social Club,-37.802175,144.978063
Fitzroy,cafe,Stop 17,-37.8035466,144.983323
Fitzroy,cafe,Marios,-37.7979694,144.9783876
Fitzroy,cafe,Burnside,-37.806186,144.98289
Fitzroy,cafe,Uptown Jazz Café,-37.8021833,144.9776109
Fitzroy,cafe,Auntie Mai's,-37.8059088,144.9775888
Fitzroy,cafe,Piadina Take Away,-37.8060295,144.9786644
Fitzroy,cafe,Radio,-37.805572,144.976576
Fitzroy,cafe,Caffettino,-37.80547,144.975633
Fitzroy,cafe,Cafe Rosamond,-37.8034776,144.9832625
Fitzroy,cafe,Uncle & Jak,-37.798217,144.9758
Fitzroy,cafe,Archie's,-37.805994,144.98093
Fitzroy,cafe,Arcadia,-37.8060083,144.981038
Fitzroy,cafe,Max's Café,-37.8042401,144.9772845
Fitzroy,cafe,Le Cellier,-37.800571,144.977894
Fitzroy,cafe,Nick's Food Corner,-37.8082138,144.9792154
Fitzroy,cafe,Gabriel - Fitzroy,-37.805983,144.9808259
Fitzroy,cafe,Birdman Eating,-37.8064272,144.9825263
Fitzroy,cafe,Prego Amico,-37.8030472,144.9834264
Fitzroy,cafe,Slowpoke,-37.802864,144.977535
Fitzroy,cafe,Breakfast Thieves,-37.79636,144.983649
Fitzroy,cafe,Pavlov's Duck,-37.7964633,144.9845425
Fitzroy,cafe,Juddy Roller,-37.7990341,144.9825548
Fitzroy,cafe,Argos Loves Company,-37.803143,144.977468
Fitzroy,cafe,Martha Ray's,-37.804749,144.97723
Fitzroy,cafe,Napier Quarter,-37.7968656,144.9808288
Fitzroy,cafe,Addict,-37.7989725,144.9832189
Fitzroy,cafe,Unnamed cafe,-37.7945918,144.9788489
Fitzroy,cafe,Beeter Swit,-37.795159,144.9791681
Fitzroy,cafe,The Fitz,-37.7967671,144.9786367
Fitzroy,cafe,Cleaver & Quill Cafe,-37.8014271,144.9775045
Fitzroy,cafe,Smith and Deli,-37.8014628,144.9787111
Fitzroy,cafe,Unnamed cafe,-37.7946063,144.9793332
Fitzroy,cafe,Courtyard 55,-37.8076182,144.9755061
Fitzroy,cafe,Bentwood,-37.8006268,144.9801978
Fitzroy,cafe,Blonde Food and Drink,-37.7937584,144.9790683
Fitzroy,cafe,Louis Fitzroy,-37.8014909,144.9775776
Fitzroy,cafe,Hectors Deli,-37.8015812,144.9787002
Fitzroy,cafe,Sonido,-37.8055734,144.9763794
Fitzroy,cafe,Industry Beans,-37.7947657,144.9781415
Fitzroy,cafe,Nico's Sandwich Deli,-37.7968781,144.9790148
Fitzroy,cafe,Awa French Crêperie,-37.8021756,144.9779401
Fitzroy,gym,Action School of Yoga,-37.80068,144.983757
Fitzroy,gym,Das Studio Pilates,-37.7987,144.984084
Fitzroy,gym,Barrebody,-37.802211,144.977498
Fitzroy,gym,"By Design, Mind & Body",-37.7980493,144.9772092
Fitzroy,gym,Fitness 24 Hours,-37.798069,144.979249
Fitzroy,gym,F45 Training,-37.7956214,144.9754325
Fitzroy,gym,Universal Practice,-37.7985033,144.9790573
Fitzroy,gym,Body Fit Training,-37.7939105,144.9790529
Fitzroy,library,Fitzroy Library,-37.8018889,144.979691
Brunswick,supermarket,Woolworths,-37.7758181,144.9618499
Brunswick,supermarket,Coles,-37.7758523,144.9626265
Brunswick,supermarket,ALDI,-37.7709122,144.9616256
Brunswick,supermarket,Gervasi FoodWorks,-37.7560827,144.9641749
Brunswick,supermarket,Mediterranean Wholesalers,-37.7665945,144.9623648
Brunswick,supermarket,Woolworths Metro,-37.7578952,144.9638489
Brunswick,supermarket,Hyper Panda,-37.7620906,144.962826
Brunswick,supermarket,Cheaper Buy Miles,-37.7749261,144.9606389
Brunswick,supermarket,Terra Madre,-37.7585741,144.9634205
Brunswick,supermarket,Basfoods Direct,-37.7657045,144.9537329
Brunswick,cafe,A Minor Place,-37.7614923,144.9696521
Brunswick,cafe,Ray's Cafe,-37.767025,144.96108
Brunswick,cafe,Lux Foundry Cafe,-37.7641964,144.9598267
Brunswick,cafe,McIver's North Tea and Coffee,-37.7761664,144.9594234
Brunswick,cafe,A1 Lebanese Bakery,-37.7620103,144.962841
Brunswick,cafe,Miss Marmalade,-37.7731845,144.9530524
Brunswick,cafe,Code Black,-37.7747117,144.9624457
Brunswick,cafe,The Nicholson Coffee & Eatery,-37.7738352,144.9585706
Brunswick,cafe,Acustico,-37.7739337,144.9591941
Brunswick,cafe,Degani,-37.7565659,144.9721925
Brunswick,cafe,Wide Open Road,-37.7762834,144.961226
Brunswick,cafe,D1uno Cafe & Catering,-37.75699,144.9746662
Brunswick,cafe,Choukette,-37.7703732,144.9617167
Brunswick,cafe,Mokum,-37.7691763,144.9616204
Brunswick,cafe,KINES,-37.7642001,144.961028
Brunswick,cafe,Sweet Evelyn,-37.7731775,144.9529904
Brunswick,cafe,Green Refectory,-37.7747918,144.9606604
Brunswick,cafe,Toto's Cafe,-37.7749108,144.9592193
Brunswick,cafe,Project 281,-37.7685365,144.9606697
Brunswick,cafe,For Change Cafe,-37.7614456,144.9609565
Brunswick,cafe,Toledo Brunswick,-37.7699499,144.9715392
Brunswick,cafe,Kohi No Deshi,-37.7754633,144.9600923
Brunswick,cafe,Lucy Lockett,-37.7772529,144.969629
Brunswick,cafe,Zaytoune Lebanese Sweets,-37.7622313,144.9631082
Brunswick,cafe,Capulus & Co,-37.7774093,144.9599209
Brunswick,cafe,The Lamb,-37.7717369,144.9614716
Brunswick,cafe,Hoian Corner Cafe,-37.7640712,144.9614133
Brunswick,cafe,Soul of Hoffman,-37.7703846,144.9527304
Brunswick,cafe,Espresso Bar,-37.775603,144.9610844
Brunswick,cafe,Giant Little Kitchen,-37.7554887,144.9637126
Brunswick,cafe,Three Hands Cafe,-37.7675422,144.9621946
Brunswick,cafe,Bertoncello Coffee Roasters,-37.76639,144.9618478
Brunswick,cafe,Rex,-37.7756696,144.9622366
Brunswick,cafe,Market Lane Coffee,-37.7683591,144.9617647
Brunswick,cafe,Lobbs,-37.7633023,144.9626302
Brunswick,cafe,Swish Kitchen Cafe,-37.773553,144.9544424
Brunswick,cafe,Three Phase Rehearsal Studios Cafe/Bar,-37.7594167,144.9623566
Brunswick,cafe,Mile End Bagels,-37.768346,144.9612985
Brunswick,cafe,Dojo Espresso,-37.7671015,144.9616773
Brunswick,cafe,Neruda's South American Cafe,-37.7607769,144.9619346
Brunswick,cafe,Bagels & Co,-37.7624758,144.9627688
Brunswick,cafe,Northern Perk Cafe,-37.7606447,144.9633816
Brunswick,cafe,Oasis Juice & Smoothies,-37.761743,144.9631838
Brunswick,cafe,O'Kahve,-37.7623125,144.9627904
Brunswick,cafe,Dre's Deli,-37.7717486,144.9642225
Brunswick,cafe,Sorrento Cafe Bar,-37.7578676,144.9635643
Brunswick,cafe,Savour Cafe' & Juice Bar,-37.7767379,144.9603666
Brunswick,cafe,Cold Brew Coffee Bar,-37.7688501,144.9624605
Brunswick,cafe,Boost Juice,-37.7756809,144.9620738
Brunswick,cafe,Walrus,-37.7704927,144.9616957
Brunswick,cafe,Chooka's,-37.7660655,144.9615291
Brunswick,cafe,Albert Street Cafe,-37.7686382,144.9590671
Brunswick,cafe,Brunswick Food Store,-37.774928,144.9636548
Brunswick,cafe,Ona Coffee,-37.7649793,144.9615953
Brunswick,cafe,New Age Cafe,-37.7711425,144.959079
Brunswick,cafe,Donatello's,-37.7586735,144.9638797
Brunswick,cafe,Donny’s Deli,-37.7554988,144.9637926
Brunswick,cafe,Pulcinella,-37.7638655,144.9628255
Brunswick,cafe,Sweet Nata,-37.756292,144.9641354
Brunswick,cafe,Osoi,-37.7601578,144.9610405
Brunswick,cafe,Brew Zen Space,-37.7721038,144.9614142
Brunswick,cafe,Clinker,-37.7737765,144.961477
Brunswick,cafe,Brunetti,-37.7754764,144.966403
Brunswick,cafe,Wood And Co Coffee,-37.7678509,144.9552577
Brunswick,cafe,Chatime,-37.7757547,144.9608035
Brunswick,gym,Hammer House Brunswick,-37.7581357,144.9635143
Brunswick,gym,Doherty's Gym Brunswick,-37.7750366,144.9646206
Brunswick,gym,Gym Retro,-37.7699469,144.9714274
Brunswick,gym,Unnamed gym,-37.7694118,144.9618913
Brunswick,gym,Snap Fitness,-37.7765593,144.9606792
Brunswick,gym,The Fit Project,-37.7670899,144.9615771
Brunswick,gym,Beyond the Zone,-37.7605064,144.963407
Brunswick,gym,Eve,-37.7731497,144.9609501
Brunswick,gym,Body Fit Training,-37.7658563,144.9624913
Brunswick,gym,Hip Hop Yoga Brunswick,-37.7651331,144.9719739
Brunswick,gym,Bodhi & Ride,-37.7738483,144.9625725
Brunswick,gym,Anytime Fitness,-37.7661896,144.9587043
Brunswick,gym,Pilates Republic,-37.774706,144.9621779
Brunswick,gym,Good Times Pilates,-37.7740219,144.9610962
Brunswick,library,Free Little Library,-37.7602807,144.9650383
Brunswick,library,Brunswick Yellow Book Fridge,-37.7673997,144.959734
Carlton North,supermarket,Foodworks,-37.7889872,144.9760904
Carlton North,cafe,Sleepy's Cafe and Wine Bar,-37.7808966,144.9777786
Carlton North,cafe,Hap,-37.7886588,144.9718262
Carlton North,cafe,Spazio Paradiso,-37.782812,144.9774271
Carlton North,cafe,Fledgling Espresso,-37.7877854,144.9723784
Carlton North,cafe,1864 Café,-37.7838156,144.9609303
Carlton North,cafe,North,-37.7880896,144.9719341
Carlton North,cafe,The Fat Spatula,-37.7904549,144.9714973
Carlton North,cafe,All Day Tre,-37.7905439,144.9714987
Carlton North,cafe,Florian,-37.7906764,144.9714816
Carlton North,gym,Carlton Fitness,-37.7839711,144.9772124
Carlton,supermarket,Woolworths,-37.7981407,144.9683576
Carlton,supermarket,IGA X-press plus Liquor,-37.804482,144.966104
Carlton,supermarket,King & Godfree,-37.798456,144.967093
Carlton,supermarket,Lin's Asian Grocery,-37.806289,144.96093
Carlton,supermarket,Carlton Supermarket,-37.7926419,144.9692514
Carlton,supermarket,Mr. Dad Super Market,-37.8062642,144.9617649
Carlton,supermarket,IGA,-37.8000464,144.9653246
Carlton,cafe,Heartattack and Vine,-37.7976471,144.9672504
Carlton,cafe,Cafe Commercio,-37.8014283,144.9587685
Carlton,cafe,Seven Seeds,-37.8028349,144.9590354
Carlton,cafe,Bar Scopa,-37.802929,144.9602863
Carlton,cafe,Amicus Espresso,-37.8022481,144.9601666
Carlton,cafe,Brunetti,-37.7981549,144.9678859
Carlton,cafe,Artee Cafe,-37.8057546,144.9663802
Carlton,cafe,Shooter McGavin's,-37.8007773,144.9656309
Carlton,cafe,Unnamed cafe,-37.804474,144.9635988
Carlton,cafe,Queens Cafe,-37.8045164,144.9642927
Carlton,cafe,Woodside Green,-37.8049081,144.9644892
Carlton,cafe,Museum Cafe,-37.803693,144.972686
Carlton,cafe,Cafe Sua Da,-37.796776,144.965388
Carlton,cafe,Parco,-37.8035193,144.9662588
Carlton,cafe,King & Godfree,-37.798456,144.967093
Carlton,cafe,Ultimate Coffee Bar,-37.797413,144.968219
Carlton,cafe,The Queensberry Pour House,-37.8042408,144.962033
Carlton,cafe,Tutto,-37.8008602,144.9665693
Carlton,cafe,Cafe Krema,-37.8054607,144.9633604
Carlton,cafe,Wild Timor Coffee Co.,-37.7986544,144.9654934
Carlton,cafe,Cafe Tre Sette,-37.8032576,144.9617931
Carlton,cafe,Briscola Cafe,-37.8024198,144.9613454
Carlton,cafe,Stovetop,-37.8034586,144.9606811
Carlton,cafe,Lincoln Bakery Cafe,-37.8011716,144.9625798
Carlton,cafe,Tiamo,-37.7981827,144.9671674
Carlton,cafe,Mid Square Coffee,-37.8027048,144.9642262
Carlton,cafe,Campos,-37.7971996,144.9697182
Carlton,cafe,Health Studio and Backyard Cafe,-37.8015916,144.9661084
Carlton,cafe,La Latteria,-37.797415,144.97114
Carlton,cafe,Soul Soup,-37.8054556,144.9643665
Carlton,cafe,Market Lane Coffee,-37.7986545,144.968513
Carlton,cafe,Vertue Coffee Roasters,-37.7976778,144.9683437
Carlton,cafe,Patisserie Madeleine De Proust,-37.7995521,144.9669311
Carlton,cafe,Refuel Café,-37.8040564,144.9606475
Carlton,cafe,Assembly,-37.802704,144.9673231
Carlton,cafe,Green Cup,-37.798738,144.9664396
Carlton,cafe,San Churro,-37.8015265,144.9665907
Carlton,cafe,Vincent the Dog,-37.7977605,144.9691421
Carlton,cafe,Le Miel,-37.7968607,144.9663103
Carlton,cafe,Bossa Nova,-37.7971894,144.969434
Carlton,cafe,Humble Rays,-37.8047561,144.9614974
Carlton,cafe,Ima Project Cafe,-37.7975076,144.9692056
Carlton,cafe,Koala-t,-37.8026852,144.9640397
Carlton,cafe,Science Gallery Cafe,-37.800252,144.9644285
Carlton,cafe,Superfloor Cafe,-37.800023,144.9645621
Carlton,cafe,Gilbert,-37.8001087,144.9595395
Carlton,cafe,Tea Wave,-37.8032399,144.9637051
Carlton,cafe,Tokyo Lamington,-37.79679,144.96552
Carlton,cafe,Campus Canteen,-37.8005194,144.9620134
Carlton,cafe,The Heart of Carlton,-37.797375,144.968215
Carlton,cafe,Nijuusan,-37.7987159,144.9663339
Carlton,gym,Lincoln Square Fitness,-37.802112,144.961861
Carlton,library,RMIT Carlton Library,-37.8059656,144.9640939
Carlton,library,Giblin Eunson Library,-37.8011727,144.9593581
Carlton,library,Law Library,-37.8023777,144.9597833
Parkville,supermarket,Royal Supermarket,-37.7945593,144.9498377
Parkville,cafe,Unnamed cafe,-37.7784547,144.9483961
Parkville,cafe,Corner Internet Cafe,-37.776569,144.939531
Parkville,cafe,Sage And Grace Cafe,-37.7926639,144.9618701
Parkville,cafe,Primary Cafe,-37.783541,144.9589958
Parkville,cafe,Espresso Bar,-37.7973869,144.9642847
Parkville,cafe,Carte Crêpes,-37.799143,144.96036
Parkville,cafe,House of Cards,-37.7991844,144.9616342
Parkville,cafe,Sandrock,-37.793935,144.948979
Parkville,cafe,Aruba Espresso,-37.794022,144.949497
Parkville,cafe,Zinc,-37.793089,144.948876
Parkville,cafe,Ho Ho's Canteen,-37.7974144,144.9584924
Parkville,cafe,Cafe Piccolina,-37.795398,144.955647
Parkville,cafe,Zoo Bakery,-37.7835473,144.9531253
Parkville,cafe,Professors Walk Cafe,-37.7981416,144.9595503
Parkville,cafe,Wild Dogs Cafe,-37.7823512,144.9510713
Parkville,cafe,Unnamed cafe,-37.7844386,144.9515139
Parkville,cafe,Scholar & Co,-37.800157,144.9636365
Parkville,cafe,Bean Stalker,-37.7823384,144.9519725
Parkville,cafe,Standing Room,-37.7970749,144.9624025
Parkville,cafe,Axil Coffee Roasters,-37.7961211,144.9585747
Parkville,cafe,Noughts + Crosses,-37.7808045,144.9399686
Parkville,cafe,Boost,-37.7943549,144.9499153
Parkville,cafe,Lakeside Cafe,-37.7837033,144.9532439
Parkville,cafe,St Ali Canteen,-37.7984714,144.9630398
Parkville,cafe,Pop-up Cafe,-37.7961444,144.9617215
Parkville,cafe,Journeys Cafe by ASRC (Level 4),-37.7987245,144.963675
Parkville,cafe,Gong Cha,-37.7988859,144.9629034
Parkville,cafe,House of Cards,-37.7990871,144.9626296
Parkville,cafe,Castro's Kiosk,-37.7971552,144.9634807
Parkville,cafe,Little Mylk Bar - Tasty Vegan Streetfood,-37.7970471,144.9617171
Parkville,gym,Unnamed gym,-37.7960767,144.9605646
Parkville,library,Dalton McCaughey Library,-37.7929792,144.9617348
Parkville,library,"Architecture, Building & Planning Library",-37.7973892,144.9629108
Parkville,library,Rowden White Library (Levels 2 & 3),-37.7986236,144.963595
Melbourne,supermarket,Coles,-37.8175611,144.9649673
Melbourne,supermarket,IGA,-37.8164808,144.961159
Melbourne,supermarket,Woolworths,-37.8110951,144.9655613
Melbourne,supermarket,IGA,-37.809886,144.971151
Melbourne,supermarket,Woolworths Metro,-37.810488,144.97004
Melbourne,supermarket,ALDI,-37.8074444,144.9621938
Melbourne,supermarket,IGA,-37.8078326,144.9609707
Melbourne,supermarket,Dae Bark Mart,-37.818584,144.963055
Melbourne,supermarket,Hometown Asian Supermarket,-37.8085182,144.9607589
Melbourne,supermarket,Tang Asian Grocery,-37.812105,144.96749
Melbourne,supermarket,Crown Asian Supermarket,-37.8097911,144.960887
Melbourne,supermarket,Woolworths Metro,-37.8095589,144.9612274
Melbourne,supermarket,Woolworths Metro,-37.8166713,144.9645325
Melbourne,supermarket,Woolworths Metro,-37.8159063,144.9560406
Melbourne,supermarket,Coles,-37.8101212,144.9632193
Melbourne,supermarket,Woolworths Metro,-37.8100673,144.9587799
Melbourne,supermarket,Fawkner Express Grovery Store,-37.8385464,144.9769345
Melbourne,supermarket,IGA X-press,-37.8176845,144.9583477
Melbourne,supermarket,Pantre,-37.810497,144.9621678
Melbourne,supermarket,Hometown Grocer,-37.8103363,144.963081
Melbourne,supermarket,Tan Hung Asian Grocer,-37.810963,144.9614412
Melbourne,supermarket,Woolworths Metro,-37.8032025,144.9573621
Melbourne,cafe,Books n Bites Cafe,-37.8017523,144.9583162
Melbourne,cafe,Jardin Tan,-37.8296276,144.9757359
Melbourne,cafe,Espresso Bar International,-37.8191459,144.9551442
Melbourne,cafe,Royal Domain Café,-37.8316581,144.9710687
Melbourne,cafe,Dock Dot,-37.8315437,144.9710419
Melbourne,cafe,Cafe Rosco,-37.83632,144.976226
Melbourne,cafe,Langleys,-37.8166802,144.9541098
Melbourne,cafe,Fine Grind,-37.8178708,144.9652106
Melbourne,cafe,Two Fingers,-37.8159946,144.9693655
Melbourne,cafe,Cafe L'Incontro,-37.8142862,144.9663757
Melbourne,cafe,No. 136 Coffee,-37.8149205,144.9636713
Melbourne,cafe,MilkSha,-37.8149917,144.9637058
Melbourne,cafe,Soul Cafe,-37.813182,144.965246
Melbourne,cafe,Hudsons Coffee,-37.810099,144.972162
Melbourne,cafe,Corner & Bench,-37.814528,144.961567
Melbourne,cafe,Jeremy's Café,-37.8144274,144.9615279
Melbourne,cafe,Cafe all' Angelo,-37.8137805,144.9613979
Melbourne,cafe,Kerbside Caffe,-37.811806,144.9603455
Melbourne,cafe,In A Rush Kitchen,-37.818494,144.959211
Melbourne,cafe,Tomm.,-37.8147196,144.9580058
Melbourne,cafe,Chaf's Cafe,-37.8170742,144.9540347
Melbourne,cafe,Laurent Boulangerie Patisserie,-37.814938,144.957603
Melbourne,cafe,Petty Sessions Cafe,-37.8131093,144.9567905
Melbourne,cafe,Chintaroma,-37.8140649,144.9567012
Melbourne,cafe,La Stradda Cafe,-37.8115213,144.9565801
Melbourne,cafe,Xtraction,-37.812214,144.956019
Melbourne,cafe,Kaèfei,-37.8127335,144.9565904
Melbourne,cafe,Pellegrini's,-37.811722,144.971173
Melbourne,cafe,Brightside,-37.8162882,144.9554509
Melbourne,cafe,A Kiss Xpresso,-37.8152071,144.9722311
Melbourne,cafe,Lane's Edge,-37.811838,144.972057
Melbourne,cafe,Time Out Cafe,-37.8177722,144.9684176
Melbourne,cafe,Miss Ella Coffee Shop,-37.834941,144.973595
Melbourne,cafe,Café Excello,-37.812532,144.973293
Melbourne,cafe,Coffee HQ,-37.818122,144.967206
Melbourne,cafe,Baguette,-37.818329,144.967288
Melbourne,cafe,Unnamed cafe,-37.8118469,144.9594788
Melbourne,cafe,Blaq,-37.8112731,144.9587623
Melbourne,cafe,Kenny's Bakery Cafe,-37.8099973,144.9708523
Melbourne,cafe,Healthy Nibbles,-37.810031,144.970707
Melbourne,cafe,The Maj,-37.810263,144.969954
Melbourne,cafe,Elements,-37.8139145,144.9688622
Melbourne,cafe,Piadina Slowfood,-37.8100779,144.9707933
Melbourne,cafe,Starbucks,-37.8112888,144.964367
Melbourne,cafe,Melba Café,-37.8077581,144.9612787
Melbourne,cafe,Druids Cafe,-37.8089487,144.9632842
Melbourne,cafe,Aruba,-37.812609,144.969352
Melbourne,cafe,Blu Point,-37.808112,144.966208
Melbourne,cafe,Caffe Mediterraneum,-37.815206,144.966164
Melbourne,cafe,Cafenatics,-37.817513,144.957576
Melbourne,cafe,Urban Deli,-37.812479,144.970072
Melbourne,cafe,Brother Bubba Budan,-37.813458,144.962242
Melbourne,cafe,Ten Square,-37.8119646,144.9605372
Melbourne,cafe,Pie Face,-37.8127917,144.9599049
Melbourne,cafe,Kyoto Sushi & Noodle Bar,-37.8141257,144.9605475
Melbourne,cafe,The Cheesecake Shop,-37.8135447,144.959816
Melbourne,cafe,Speck,-37.8133966,144.9597518
Melbourne,cafe,Nourish Salads,-37.8134535,144.9597726
Melbourne,cafe,Fresh Sushi,-37.8134975,144.9597934
Melbourne,cafe,Legals,-37.8131375,144.9587418
Melbourne,cafe,Segafredo,-37.8132425,144.96013
Melbourne,cafe,Martinis,-37.8132231,144.958445
Melbourne,cafe,Octane Espresso Bar,-37.8132592,144.9582051
Melbourne,cafe,Mr Tulk,-37.8095603,144.9646236
Melbourne,cafe,The Terrace,-37.8293863,144.9826001
Melbourne,cafe,Bullrun,-37.8154491,144.9707961
Melbourne,cafe,Liaison,-37.8129404,144.972438
Melbourne,cafe,Madame Brussels,-37.8119505,144.971546
Melbourne,cafe,Felice,-37.8153068,144.9602921
Melbourne,cafe,Pie Face,-37.810506,144.966817
Melbourne,cafe,Oli & Levi Galleria,-37.814664,144.96252
Melbourne,cafe,Prime's Hai Tea,-37.810321,144.963948
Melbourne,cafe,The Bean Room,-37.810158,144.96662
Melbourne,cafe,iSushi Café & Bar,-37.83546,144.975571
Melbourne,cafe,@Rice,-37.835496,144.975606
Melbourne,cafe,Café Vue,-37.835803,144.975821
Melbourne,cafe,My Cafe & Foodery,-37.835911,144.975866
Melbourne,cafe,Pearson & Murphy's,-37.8087434,144.96516
Melbourne,cafe,In A Rush,-37.817296,144.969666
Melbourne,cafe,Little Gordon,-37.810524,144.9717049
Melbourne,cafe,Starbucks,-37.817934,144.965031
Melbourne,cafe,Muleta's Cafe,-37.8086072,144.9580796
Melbourne,cafe,Market Espresso & Trolley Hire,-37.807955,144.957654
Melbourne,cafe,Café Perri,-37.8041863,144.9581121
Melbourne,cafe,Starbucks,-37.8146591,144.9631304
Melbourne,cafe,Cuff,-37.817628,144.963416
Melbourne,cafe,Saranti Cafe,-37.817412,144.9635
Melbourne,cafe,Cafe del Corso,-37.817778,144.96272
Melbourne,cafe,Supersede,-37.8067341,144.9594107
Melbourne,cafe,Inzone Cafe,-37.8180385,144.9543399
Melbourne,cafe,Gong Cha,-37.812455,144.9649343
Melbourne,cafe,Side Pocket Cafe,-37.8131735,144.9557748
Melbourne,cafe,TOFWD,-37.8172784,144.9658134
Melbourne,cafe,That Schnitzel Place,-37.810514,144.969612
Melbourne,cafe,Hikari,-37.8108738,144.9641712
Melbourne,cafe,Cafenatics,-37.8113734,144.9572301
Melbourne,cafe,Operator 25,-37.8107145,144.9571233
Melbourne,cafe,Brother Thomas,-37.811331,144.956443
Melbourne,cafe,Tinto,-37.817369,144.959472
Melbourne,cafe,Spin Coffee,-37.81648,144.958255
Melbourne,cafe,Famish'd,-37.816599,144.957794
Melbourne,cafe,Unnamed cafe,-37.808532,144.970723
Melbourne,cafe,Café Bisqui,-37.816372,144.970547
Melbourne,cafe,The Fair Trader,-37.815598,144.971982
Melbourne,cafe,HiRize Bakery Cafe,-37.8161514,144.9530143
Melbourne,cafe,Earl Canteen,-37.814848,144.9587438
Melbourne,cafe,Global Kitchen Cafe,-37.808452,144.968706
Melbourne,cafe,Dukes Coffee Roasters,-37.8167849,144.9661412
Melbourne,cafe,Hugo's Express,-37.8178619,144.9548526
Melbourne,cafe,Federal Coffee Palace,-37.813982,144.9632917
Melbourne,cafe,The Workers' Food Room,-37.815458,144.963089
Melbourne,cafe,Altius Coffee Brewers,-37.819714,144.9564536
Melbourne,cafe,Traveller Coffee,-37.8114318,144.971205
Melbourne,cafe,Stand Up Cafe,-37.8201673,144.9566388
Melbourne,cafe,Disciples Of Epicurus,-37.8160124,144.9633324
Melbourne,cafe,The Grain Store,-37.819583,144.9569289
Melbourne,cafe,Henry & the Fox,-37.8173118,144.9568668
Melbourne,cafe,Cafe Alfretti,-37.8461087,144.9843756
Melbourne,cafe,Di Bella Coffee,-37.8101565,144.9571385
Melbourne,cafe,Chocolate Arcade,-37.815099,144.965765
Melbourne,cafe,All Good,-37.8520028,144.9806355
Melbourne,cafe,Galleria,-37.8480195,144.9791251
Melbourne,cafe,In A Rush,-37.8342625,144.9735094
Melbourne,cafe,Wee Bird,-37.8439628,144.9778926
Melbourne,cafe,Cafe Box,-37.813,144.967947
Melbourne,cafe,EARL Canteen,-37.8191106,144.9558503
Melbourne,cafe,Strozzi,-37.8167054,144.9630762
Melbourne,cafe,Doughboys,-37.81595,144.957933
Melbourne,cafe,Hash Cafe,-37.8123737,144.9605584
Melbourne,cafe,Bluestones Cafe,-37.815373,144.9585863
Melbourne,cafe,Cafe Euro,-37.8152176,144.9590837
Melbourne,cafe,Original Sushi Cafe,-37.8151693,144.9592869
Melbourne,cafe,Top Tea,-37.8091334,144.9606099
Melbourne,cafe,Hudson Coffee,-37.8100407,144.9630212
Melbourne,cafe,The Journal Cafe,-37.8169101,144.965784
Melbourne,cafe,T-Roy Browns,-37.819258,144.9619275
Melbourne,cafe,Bowery to Williamsburg,-37.8161924,144.9701951
Melbourne,cafe,Piccolocino,-37.816772,144.9566717
Melbourne,cafe,Koko Black Chocolate,-37.8143703,144.9640406
Melbourne,cafe,Degraves Street,-37.8171906,144.9657758
Melbourne,cafe,Cafe Safi,-37.8433452,144.9776768
Melbourne,cafe,Xpressomondo,-37.8170387,144.9655773
Melbourne,cafe,Cherry & Twigs Cafe,-37.82004,144.9557185
Melbourne,cafe,Degraves Espresso Bar,-37.8171236,144.9656216
Melbourne,cafe,SeedLing Cafe,-37.817015,144.9653734
Melbourne,cafe,La Petite Crêperie,-37.8138954,144.9615104
Melbourne,cafe,EARL Canteen,-37.8148557,144.9586903
Melbourne,cafe,Prime House,-37.8148316,144.9587712
Melbourne,cafe,Higher Ground,-37.8159784,144.9530202
Melbourne,cafe,Hopetoun Tea Rooms,-37.8157821,144.9647018
Melbourne,cafe,Cafenatics,-37.8141709,144.9676132
Melbourne,cafe,Parcs,-37.8140374,144.9673718
Melbourne,cafe,Starbucks,-37.814606,144.9631005
Melbourne,cafe,Starbucks,-37.8098319,144.9637582
Melbourne,cafe,Unnamed cafe,-37.8133332,144.9720018
Melbourne,cafe,The School of Life,-37.8170674,144.9541163
Melbourne,cafe,Chè Vietnamese Desserts,-37.8126,144.9617564
Melbourne,cafe,Midtown,-37.814248,144.9671999
Melbourne,cafe,The Dessert Kitchen,-37.8114469,144.9693178
Melbourne,cafe,Frankies,-37.8091688,144.9633559
Melbourne,cafe,Churros Juan Cafe,-37.8070993,144.9603311
Melbourne,cafe,The Bean Project,-37.8082906,144.9629789
Melbourne,cafe,Nana's Green Tea,-37.8128242,144.9685593
Melbourne,cafe,In a Rush,-37.8129111,144.9701668
Melbourne,cafe,Brunetti,-37.8166972,144.965816
Melbourne,cafe,Brown Sugar,-37.8153063,144.9642999
Melbourne,cafe,Little Collins,-37.815175,144.9642353
Melbourne,cafe,Gordon’s,-37.8145437,144.9642886
Melbourne,cafe,Coffee Exchange,-37.8126026,144.9730264
Melbourne,cafe,Axil Coffee Roasters,-37.8150764,144.9714768
Melbourne,cafe,Tom Thumb,-37.8148983,144.9727708
Melbourne,cafe,Vacation,-37.8159177,144.9721312
Melbourne,cafe,Euro Lane Cafe,-37.8164478,144.965878
Melbourne,cafe,Lune,-37.8155697,144.9691638
Melbourne,cafe,Chapter House Coffee,-37.8164039,144.9679146
Melbourne,cafe,Queen Street Food Store,-37.8137003,144.9604035
Melbourne,cafe,Rustica Canteen,-37.811275,144.963487
Melbourne,cafe,Hardware Societe,-37.8200942,144.9566093
Melbourne,cafe,Brick Lane,-37.8114882,144.9598089
Melbourne,cafe,Cafenatics,-37.8148695,144.9586348
Melbourne,cafe,Happy Lemon,-37.8079652,144.9605079
Melbourne,cafe,Koko Black Chocolate,-37.8154143,144.9662539
Melbourne,cafe,Market Lane Coffee,-37.8062752,144.9579591
Melbourne,cafe,Realfoods,-37.8086901,144.9638078
Melbourne,cafe,Lonsdale Street Larder,-37.8094748,144.9711439
Melbourne,cafe,Mr Speaker,-37.8092099,144.9715755
Melbourne,cafe,Bearded Brothers Coffee,-37.8152487,144.9632551
Melbourne,cafe,In a Rush,-37.8156794,144.9618381
Melbourne,cafe,Patricia Coffee Brewers,-37.8147026,144.9582933
Melbourne,cafe,Harijuku Crepes,-37.8101425,144.9637682
Melbourne,cafe,Anda,-37.809638,144.9720241
Melbourne,cafe,Saluministi Sandwiches,-37.8180936,144.9610702
Melbourne,cafe,Union Kiosk,-37.8150064,144.9652364
Melbourne,cafe,Cafe Victoria,-37.8068124,144.9594638
Melbourne,cafe,Schmucks Bagels,-37.8145279,144.9568615
Melbourne,cafe,No. 22 Cafe,-37.8164497,144.9703233
Melbourne,cafe,Little Rogue,-37.8109925,144.9640518
Melbourne,cafe,Shamble Coffee Brewers,-37.8161818,144.9606255
Melbourne,cafe,Class Ramen,-37.811257,144.9674504
Melbourne,cafe,Sargon,-37.7997161,144.9557748
Melbourne,cafe,El Churro Cafe,-37.8172089,144.9656642
Melbourne,cafe,Hunters' Roots,-37.8197581,144.9564578
Melbourne,cafe,Airflow Coffee Co,-37.8098639,144.956785
Melbourne,cafe,Riverslide Skate Shop and Café,-37.8209295,144.9728423
Melbourne,cafe,The League of Honest Coffee,-37.8092534,144.9684342
Melbourne,cafe,Di Parsia Pasticceria Caffe,-37.8209984,144.9559432
Melbourne,cafe,Unnamed cafe,-37.8468866,144.9789382
Melbourne,cafe,Beluga,-37.8451369,144.9795493
Melbourne,cafe,La Calline,-37.8451846,144.9799686
Melbourne,cafe,Woods,-37.8462292,144.9786964
Melbourne,cafe,Espresso Riviera,-37.8471474,144.9789686
Melbourne,cafe,Mr Percival,-37.8389826,144.9750655
Melbourne,cafe,Mock Turtle,-37.8171424,144.9657545
Melbourne,cafe,Naröcha,-37.8071308,144.960286
Melbourne,cafe,Daboba,-37.8086427,144.9596031
Melbourne,cafe,Xing Fu Tang,-37.8121824,144.9620102
Melbourne,cafe,Ms PREtea,-37.8122099,144.9619306
Melbourne,cafe,Ding Tea,-37.8134548,144.9625954
Melbourne,cafe,Milksha,-37.8149495,144.9636992
Melbourne,cafe,Chatime,-37.8171907,144.9647877
Melbourne,cafe,The Cupcake Queens,-37.8140211,144.9615058
Melbourne,cafe,The Perch Cafe,-37.8123945,144.9549224
Melbourne,cafe,Dari,-37.814183,144.9613888
Melbourne,cafe,Market Lane Coffee,-37.8066911,144.9590838
Melbourne,cafe,Riverside Deli,-37.8199064,144.9582571
Melbourne,cafe,Crema Cafe,-37.8151402,144.9630457
Melbourne,cafe,Caffe E Torta,-37.814983,144.9642234
Melbourne,cafe,Croque Monsieur,-37.8168787,144.9663397
Melbourne,cafe,Roule Galette,-37.8167558,144.9662846
Melbourne,cafe,King Tea,-37.81789,144.9650575
Melbourne,cafe,CoCo Fresh Tea & Juice,-37.817757,144.965861
Melbourne,cafe,Xing Fu Tang,-37.8137882,144.9659694
Melbourne,cafe,My Modern,-37.813046,144.9679913
Melbourne,cafe,Wu Cha,-37.8118625,144.9678868
Melbourne,cafe,Bubble Cup,-37.8106485,144.9658383
Melbourne,cafe,Chatime,-37.810687,144.9657626
Melbourne,cafe,Sharetea,-37.811371,144.9644057
Melbourne,cafe,CoCo Fresh Tea & Juice,-37.8120734,144.9651916
Melbourne,cafe,Top Tea,-37.8121854,144.9652417
Melbourne,cafe,Yi Fang Tea,-37.8107167,144.9640564
Melbourne,cafe,Gong Cha,-37.810582,144.9629004
Melbourne,cafe,Barbarella,-37.8155596,144.9644134
Melbourne,cafe,The Little Royal,-37.8147003,144.9641568
Melbourne,cafe,Kit Espresso,-37.8146926,144.9638096
Melbourne,cafe,Coal River Farm,-37.8156404,144.9641473
Melbourne,cafe,Le Petit Chateau,-37.8154842,144.964372
Melbourne,cafe,30 Block Place,-37.8152596,144.964372
Melbourne,cafe,Tori’s,-37.8129514,144.9614331
Melbourne,cafe,Unnamed cafe,-37.8368963,144.9752123
Melbourne,cafe,Common Place Coffee Brewers,-37.8151033,144.9541949
Melbourne,cafe,Mork Chocolate,-37.8157527,144.9632245
Melbourne,cafe,Lt Nic,-37.8115231,144.9643656
Melbourne,cafe,Maker,-37.8137557,144.9613601
Melbourne,cafe,Unnamed cafe,-37.8120661,144.9652048
Melbourne,cafe,Gotcha,-37.8098249,144.9637174
Melbourne,cafe,Cafe Andiamo,-37.8170187,144.9657481
Melbourne,cafe,Bloomwood,-37.8125537,144.9704851
Melbourne,cafe,Warkop,-37.8126094,144.9729732
Melbourne,cafe,Starbucks,-37.8115889,144.9705649
Melbourne,cafe,Maverick,-37.8133111,144.9705103
Melbourne,cafe,Boost Juice,-37.8102056,144.9634832
Melbourne,cafe,Gong Cha,-37.8107728,144.9641236
Melbourne,cafe,Code Black Coffee,-37.8178741,144.9538677
Melbourne,cafe,Oli & Levi Espresso,-37.8160083,144.9562443
Melbourne,cafe,Unnamed cafe,-37.8108221,144.9623579
Melbourne,cafe,People's Coffee,-37.8136265,144.9707146
Melbourne,cafe,Upstate Coffee,-37.813731,144.9708413
Melbourne,cafe,Quists Coffee,-37.8138348,144.968048
Melbourne,cafe,Other Side,-37.8139701,144.9676536
Melbourne,cafe,The League Of Honest Coffee,-37.807659,144.9559533
Melbourne,cafe,Slater St Bench,-37.838756,144.9770146
Melbourne,cafe,Frankies,-37.8081535,144.9613347
Melbourne,cafe,Blahnik,-37.8155805,144.9631346
Melbourne,cafe,Louie,-37.8159014,144.9631715
Melbourne,cafe,Vona Co,-37.8158657,144.9631604
Melbourne,cafe,Stockroom 567,-37.818908,144.9553914
Melbourne,cafe,Namoo Japanese Cafe,-37.8186883,144.956086
Melbourne,cafe,Schmucks Bagels,-37.8189599,144.9551873
Melbourne,cafe,Square One,-37.8184404,144.9568979
Melbourne,cafe,The George,-37.8177211,144.9582495
Melbourne,cafe,Romape Cibo Da Strada,-37.8076606,144.9568049
Melbourne,cafe,Marche Board Game Cafe,-37.8091379,144.961732
Melbourne,cafe,Original Chai Co,-37.8062626,144.95786
Melbourne,cafe,Le Yeahllow Little Collins Street,-37.8155303,144.9623875
Melbourne,cafe,Starbucks,-37.8100151,144.9636114
Melbourne,cafe,Sam Spade,-37.8109952,144.959629
Melbourne,cafe,Bellboy,-37.806457,144.9585856
Melbourne,cafe,Little Sparrow,-37.8121334,144.9641414
Melbourne,cafe,Waffle On,-37.8173618,144.9658924
Melbourne,cafe,Plus Coffee & Co,-37.8171521,144.9649344
Melbourne,cafe,Code Black Coffee,-37.8162463,144.9680692
Melbourne,cafe,Cafe Kinetic,-37.8153921,144.9709267
Melbourne,cafe,St Ali And The Queen,-37.8076392,144.9585625
Melbourne,cafe,Queen Vic Juice,-37.8069945,144.9592155
Melbourne,cafe,Gilli,-37.8073279,144.9587362
Melbourne,cafe,CM & Co,-37.817997,144.9622922
Melbourne,cafe,Paper Tiger,-37.8185027,144.9626424
Melbourne,cafe,Romeo's,-37.8072702,144.9573678
Melbourne,cafe,Mars Miller,-37.8100645,144.9685203
Melbourne,cafe,Axil,-37.8094469,144.97076
Melbourne,cafe,Mixue,-37.8089456,144.9605218
Melbourne,cafe,Gong Cha,-37.8088405,144.9604687
Melbourne,cafe,Three Squares,-37.8089766,144.9605337
Melbourne,cafe,Black Velvet Coffee,-37.8125576,144.9709906
Melbourne,cafe,Market Espresso,-37.8075546,144.9578912
Melbourne,cafe,Operator San,-37.8075758,144.9587119
Melbourne,cafe,Chatime,-37.8114774,144.9633943
Melbourne,cafe,Tiger's Den,-37.8109777,144.9631657
Melbourne,cafe,Lemon Tree Cafe,-37.8102506,144.9629326
Melbourne,cafe,ComeBuyTea,-37.8109235,144.9630703
Melbourne,cafe,Chatime,-37.8102884,144.9629555
Melbourne,cafe,Gocha Cafe,-37.8103157,144.9625334
Melbourne,cafe,Unnamed cafe,-37.8106095,144.9619218
Melbourne,cafe,Axil,-37.8106553,144.9617596
Melbourne,cafe,Lovey Patisserie,-37.8078828,144.9590807
Melbourne,cafe,Max Brenner,-37.8108065,144.9651784
Melbourne,cafe,Le Petit Gateau,-37.8163157,144.9595571
Melbourne,cafe,First Love,-37.8176687,144.9598753
Melbourne,cafe,Puzzle Coffee,-37.810342,144.9633882
Melbourne,cafe,Ichigo,-37.8086376,144.9593948
Melbourne,cafe,Okey Dokey Dessert,-37.8122854,144.9658479
Melbourne,cafe,Foundry Lane,-37.8104731,144.9676255
Melbourne,cafe,Gong Cha,-37.8104466,144.9630337
Melbourne,cafe,Pause And Sip By White Mojo,-37.8102807,144.9629277
Melbourne,cafe,Little Charley Cafe,-37.8092247,144.9626471
Melbourne,cafe,Karomi Cafe,-37.809618,144.9626451
Melbourne,cafe,People's Coffee,-37.8172096,144.9599238
Melbourne,cafe,Max Brenner,-37.8106428,144.9653735
Melbourne,cafe,Swan Lab Barista School,-37.812258,144.9671232
Melbourne,cafe,Parlance Coffee,-37.8100517,144.9576095
Melbourne,cafe,Project Zero Coffee,-37.8167704,144.9563295
Melbourne,cafe,People's Coffee,-37.8149505,144.9573025
Melbourne,cafe,Sargon Cafe,-37.8152332,144.9564593
Melbourne,cafe,Coffee Cart,-37.8379375,144.97565
Melbourne,cafe,Five Points Cafe,-37.8170564,144.9568789
Melbourne,cafe,Starbucks,-37.8149559,144.966053
Melbourne,cafe,CM & Co,-37.8099978,144.970635
Melbourne,cafe,Tami Sweet,-37.810728,144.9681424
Melbourne,cafe,Bobby's,-37.8101356,144.9706829
Melbourne,cafe,Charlie's Tea,-37.8115911,144.9651811
Melbourne,cafe,BENCH COFFEE CO. St Kilda Rd,-37.8489056,144.9793697
Melbourne,cafe,Naau Cafe,-37.8099972,144.9670205
Melbourne,cafe,Patricia Coffee Roasters,-37.8146691,144.9582379
Melbourne,cafe,Moment Coffee,-37.8122619,144.9581735
Melbourne,gym,Vault Crossfit,-37.8130719,144.9601471
Melbourne,gym,Fitness First,-37.814393,144.963513
Melbourne,gym,Corporate Fitness Club,-37.817559,144.963588
Melbourne,gym,Dohertys,-37.819118,144.962587
Melbourne,gym,Fight Club,-37.8192093,144.962262
Melbourne,gym,MOVE yoga,-37.8175852,144.9634936
Melbourne,gym,Absolute MMA CBD,-37.8123789,144.9711275
Melbourne,gym,F45 Training,-37.8105874,144.9610713
Melbourne,gym,Fitness First,-37.8106826,144.9659966
Melbourne,library,RMIT Swanston Library,-37.8081589,144.9639444
Melbourne,library,City Library,-37.8169458,144.9659025
Melbourne,library,Christian Science Reading Room,-37.830484,144.97086
Melbourne,library,Narrm Ngarrgu,-37.807721,144.9584163
Melbourne,library,Legal Aid public law library,-37.8156051,144.9568708
Balwyn North,supermarket,ALDI,-37.7912353,145.0947384
Balwyn North,supermarket,Foodworks,-37.7915665,145.0938599
Balwyn North,supermarket,IGA,-37.8034488,145.0841241
Balwyn North,supermarket,ABC Supermarket,-37.7928056,145.0710362
Balwyn North,supermarket,Balwyn North Asian Supermarket,-37.7930241,145.0721899
Balwyn North,cafe,Miss D's Cafe Tea Room,-37.7938295,145.0640032
Balwyn North,cafe,Sylvia's Cafe and Larder,-37.8034204,145.0839945
Balwyn North,cafe,Little Nonna,-37.8033657,145.0834097
Balwyn North,cafe,Jolly Miller Cafe,-37.790971,145.0952714
Balwyn North,cafe,Travelling Bandit,-37.7916567,145.0936385
Balwyn North,cafe,The Village Cafe,-37.7929622,145.0718249
Balwyn North,cafe,The Cake Alchemist,-37.7937773,145.0640129
Balwyn North,cafe,Good Neighbours,-37.7868978,145.0861557
Balwyn North,cafe,Olive Lane,-37.7925919,145.0711365
Balwyn North,cafe,Tesoro,-37.7920439,145.0935581
Balwyn North,cafe,Via Roma,-37.7926959,145.071711
Balwyn North,cafe,Caffe Romeo,-37.7908047,145.0954068
Balwyn North,gym,KX Pilates,-37.7916826,145.0946781
Balwyn North,gym,Health Club,-37.7875517,145.0865054
Balwyn North,library,Greythorn Library Lounge,-37.7904636,145.0954371
Kew East,supermarket,IGA,-37.798545,145.0520745
Kew East,cafe,Bean Thief,-37.7962694,145.0572456
Kew East,cafe,Gilbert's,-37.797831,145.0537035
Kew East,cafe,Unnamed cafe,-37.7920768,145.0479937
Kew East,cafe,Kuche,-37.7985952,145.0527211
Deepdene,cafe,Snow Pony,-37.8109171,145.0662108
Deepdene,cafe,Town and Country,-37.8108565,145.0636443
Kew,supermarket,Kew Friendly Supermarket,-37.7960183,145.0354729
Kew,cafe,The Quartermaster's Store,-37.8129305,145.042787
Kew,cafe,Unnamed cafe,-37.8075455,145.0291815
Kew,cafe,Cafe Bacino on Burke,-37.8015718,145.0621932
Kew,cafe,Willo Cafe,-37.7965609,145.035415
Kew,cafe,Tsuko's,-37.8069909,145.0298555
Kew,cafe,Zakka Life,-37.8067974,145.0303399
Kew,cafe,Cocoa,-37.8065992,145.0308892
Kew,cafe,Adeney Milkbar Cafe,-37.8028866,145.0490731
Kew,cafe,Briquettes Cafe,-37.7995015,145.0507874
Kew,library,Kew Toy Library,-37.7962571,145.0362195
Canterbury,supermarket,IGA,-37.8249989,145.0816328
Canterbury,cafe,Bohemia,-37.825298,145.080796
Canterbury,cafe,Grinders,-37.825199,145.08107
Canterbury,cafe,The Maling Room,-37.8243392,145.0825907
Canterbury,cafe,Between Us,-37.8245936,145.0820764
Canterbury,cafe,Weatherson Foods,-37.8246911,145.081835
Canterbury,cafe,Alleycat Cafe,-37.8247497,145.0811808
Canterbury,cafe,Outlaw,-37.8241685,145.0814269
Canterbury,gym,Alta Personal Training,-37.8238896,145.0811809
Camberwell,supermarket,Woolworths,-37.8294287,145.058971
Camberwell,supermarket,IGA Burwood,-37.850526,145.095075
Camberwell,supermarket,Aldi,-37.8305497,145.058844
Camberwell,supermarket,Woolworths,-37.8340002,145.0773307
Camberwell,supermarket,Serendipity,-37.8430583,145.0543907
Camberwell,cafe,Unnamed cafe,-37.8500604,145.0939644
Camberwell,cafe,Unnamed cafe,-37.8316072,145.0695217
Camberwell,cafe,Latte Da,-37.8322082,145.0562552
Camberwell,cafe,Fordham Milk Bar,-37.8445369,145.0768065
Camberwell,cafe,Lulabelles,-37.8484849,145.0777587
Camberwell,cafe,Collective,-37.8261814,145.0579774
Camberwell,cafe,Courtyard,-37.8460212,145.0540626
Camberwell,cafe,Hash Speciality Coffee,-37.8310029,145.0571866
Camberwell,cafe,Unnamed cafe,-37.8281019,145.0582614
Camberwell,cafe,Heritage Wall,-37.8249339,145.058097
Camberwell,gym,Kieser,-37.8285278,145.0584061
Camberwell,library,Camberwell Library,-37.834344,145.0588862
Hawthorn East,supermarket,Coles,-37.8291542,145.0563202
Hawthorn East,supermarket,Woolworths,-37.8456299,145.0422777
Hawthorn East,cafe,Blood Orange Cafe,-37.8237172,145.0461267
Hawthorn East,cafe,Hall St. Provider,-37.8443762,145.0426063
Hawthorn East,cafe,Mr & Mrs Andersons,-37.8406355,145.0461119
Hawthorn East,cafe,Cafe Paradiso,-37.8305425,145.0560827
Hawthorn East,cafe,Shanklin,-37.8330621,145.0473785
Hawthorn East,gym,South Pacific Health Club,-37.8251892,145.0573733
Balwyn,supermarket,Coles,-37.8038542,145.1021788
Balwyn,supermarket,Boccaccio SUPA IGA,-37.8015537,145.0626975
Balwyn,cafe,Mr Hendricks,-37.8133593,145.0866325
Balwyn,cafe,Thanks a Latte,-37.813272,145.0839235
Balwyn,cafe,Laurent Boulangerie Patisserie,-37.8132739,145.0837698
Balwyn,cafe,Onepluspiece,-37.8130814,145.0823154
Balwyn,cafe,Amity Cafe,-37.803656,145.1024041
Balwyn,cafe,Ben,-37.8009941,145.0626566
Balwyn,cafe,Degani Bakery Cafe,-37.8038539,145.101353
Balwyn,cafe,East And Co,-37.8122375,145.0752423
Balwyn,cafe,Balwyn Espresso,-37.8129796,145.0837066
Balwyn,gym,Anytime Fitness,-37.8134519,145.0842055
Balwyn,gym,Unnamed gym,-37.8124512,145.0815788
Balwyn,gym,Endless,-37.8123467,145.0760463
Hawthorn,supermarket,Woolworths,-37.8208755,145.0363418
Hawthorn,cafe,Riversdale Gourmet,-37.829686,145.043441
Hawthorn,cafe,Osso,-37.8215426,145.0252945
Hawthorn,cafe,Unnamed cafe,-37.8237673,145.0441837
Hawthorn,cafe,Unnamed cafe,-37.8231854,145.0447835
Hawthorn,cafe,Unnamed cafe,-37.8232752,145.0447544
Hawthorn,cafe,Boost Juice,-37.8201936,145.0359639
Hawthorn,cafe,Bacio Dolce,-37.8216019,145.0354096
Hawthorn,cafe,Once a Tailor,-37.819017,145.0358522
Hawthorn,cafe,Cafe Gomez,-37.8211329,145.0381312
Hawthorn,cafe,Haddon's Cafe,-37.8219524,145.0382694
Hawthorn,cafe,Saint Helen Cafe,-37.8294195,145.0409839
Hawthorn,cafe,Replete Providore,-37.8153588,145.0416497
Hawthorn,cafe,Knead Bakers,-37.8229718,145.0375024
Hawthorn,cafe,Zia's Cafe,-37.8285512,145.0339597
Hawthorn,cafe,Sardi,-37.8168273,145.0200672
Hawthorn,cafe,Jane&Co Cafe,-37.823439,145.0353829
Hawthorn,cafe,Tapa,-37.8210951,145.0234554
Hawthorn,cafe,Crabapple Kitchen,-37.8209506,145.0355099
Hawthorn,cafe,Glenferrie Crêpe Cafe,-37.8212033,145.036501
Hawthorn,cafe,Chaplin's Office,-37.8232849,145.039529
Hawthorn,cafe,The Resistance Bar & Cafe,-37.8212118,145.0360283
Hawthorn,cafe,Chatime,-37.8214105,145.0354307
Hawthorn,cafe,Ding Tea,-37.8206099,145.0362442
Hawthorn,cafe,Who's Harry,-37.8158094,145.0210125
Hawthorn,cafe,Nigel,-37.8212345,145.0365764
Hawthorn,cafe,UDLE,-37.8210755,145.0377514
Hawthorn,cafe,AXIL COFFEE ROASTERS,-37.8204735,145.0355801
Hawthorn,gym,Orange Theory Fitness,-37.8243914,145.0364575
Burnley,cafe,Serotonin Eatery,-37.8281633,145.0090979
Richmond,supermarket,IGA,-37.8198464,145.009407
Richmond,supermarket,Tân Hung Asian Grocery,-37.8104013,144.9980745
Richmond,supermarket,Richmond Grocery Store,-37.810333,144.997368
Richmond,supermarket,Frederick's Local Grocery,-37.818229,144.9975854
Richmond,supermarket,Coles,-37.8173906,144.9988683
Richmond,cafe,Victoria Lounge,-37.8099642,144.9939912
Richmond,cafe,Cafe 117,-37.8252086,144.994992
Richmond,cafe,Jamaica Blue,-37.812288,145.011291
Richmond,cafe,8 Layers,-37.8113055,145.0072417
Richmond,cafe,Grisley Bear Cafe,-37.8132432,144.9994417
Richmond,cafe,A Thousand Blessings,-37.8160197,145.0018998
Richmond,cafe,Life. Kitchen,-37.8142085,145.0046129
Richmond,cafe,Gypsey & Musquito,-37.8192242,145.0043425
Richmond,cafe,My Stubbon Cousin,-37.8196533,144.9953966
Richmond,cafe,ACspresSO Cafe,-37.8099748,144.9922714
Richmond,cafe,Unnamed cafe,-37.8242051,144.9917605
Richmond,cafe,Cafe Krifi,-37.8132903,145.011867
Richmond,cafe,Richmond Hill Cafe & Larder,-37.8178204,144.9914647
Richmond,cafe,Touchwood,-37.819564,145.0075537
Richmond,cafe,Be The Duck,-37.8163899,145.0090352
Richmond,cafe,Little Bridge Cafe,-37.817777,144.9910714
Richmond,cafe,Black Gold,-37.8232072,144.9938877
Richmond,cafe,Rowena Corner Store,-37.8215275,144.9926479
Richmond,cafe,7 Grams,-37.8282242,144.997652
Richmond,cafe,Tuck Shop Turnery,-37.8137736,144.9987864
Richmond,cafe,Fifty Acres,-37.8176608,144.992274
Richmond,cafe,Winkel,-37.815283,144.9999352
Richmond,cafe,Modena,-37.8163023,145.0090461
Richmond,cafe,Bendigo Street Milk Bar,-37.8247533,145.012155
Richmond,cafe,Cheeky Monkey,-37.8251051,144.9943803
Richmond,cafe,Unnamed cafe,-37.8270607,145.0092913
Richmond,cafe,Beauty and the Beats,-37.8247166,145.0117189
Richmond,cafe,Cafe Venziano,-37.8167347,145.0132591
Richmond,cafe,Little Bridge Cafe,-37.8177938,144.9912213
Richmond,cafe,Au79,-37.8179956,144.9990814
Richmond,cafe,Maker,-37.8162651,145.011342
Richmond,cafe,Riché,-37.8181283,144.9960881
Richmond,cafe,Pillar of salt,-37.8292368,144.9974357
Richmond,cafe,Saint Thomas,-37.8287591,144.9975049
Richmond,cafe,Silvs on Kennedy,-37.8246278,145.01112
Richmond,cafe,Rowena Corner Store,-37.8206613,144.9917479
Richmond,cafe,Warm Hugs,-37.8163383,144.9951366
Richmond,cafe,Hector's Bakery,-37.8238502,144.9909365
Richmond,gym,Fitness First,-37.8137013,145.0118925
Richmond,gym,Wards Gym,-37.8278798,145.0035451
Richmond,gym,EMS Studio,-37.8180095,144.9952681
Richmond,gym,Prosport Health & Fitness,-37.8264952,145.0027674
Richmond,gym,Smart Fit Studio,-37.8177323,144.9903472
Richmond,library,Richmond Library,-37.8252831,144.9982985
East Melbourne,supermarket,IGA,-37.8097374,144.98563
East Melbourne,cafe,Cafe Ecco,-37.808354,144.973813
East Melbourne,cafe,Sir Osborn,-37.809092,144.973293
East Melbourne,cafe,Mr. Tod,-37.8117758,144.9756391
East Melbourne,cafe,Pavilion Cafe,-37.8131311,144.9812948
East Melbourne,cafe,Treasury Deli and Cafe,-37.8126591,144.9745925
East Melbourne,cafe,Grocerybar,-37.809878,144.985434
East Melbourne,cafe,East Side Story,-37.80846,144.974797
East Melbourne,cafe,KereKere Green,-37.8149104,144.9792572
East Melbourne,cafe,My Sushi,-37.8161557,144.9846178
East Melbourne,cafe,Laurent Boulangerie Patisserie,-37.8161942,144.984965
East Melbourne,cafe,Zouki Cafe,-37.8119043,144.9775796
East Melbourne,cafe,Square and Compass,-37.8096886,144.9839138
East Melbourne,cafe,Caravan Coffee,-37.809679,144.9753275
East Melbourne,cafe,Basement Espresso,-37.8087663,144.9779671
East Melbourne,cafe,Cafe Lansdowne,-37.8090467,144.9781972
East Melbourne,cafe,Solah,-37.8089999,144.9798533
East Melbourne,cafe,The Grey Smith,-37.8163058,144.9859031
East Melbourne,cafe,Mugs Alley,-37.8161839,144.976049
South Yarra,supermarket,Woolworths,-37.8371902,144.9969896
South Yarra,supermarket,Aldi,-37.8458636,144.9935728
South Yarra,supermarket,Lee's Asian Grocery,-37.8459557,144.99234
South Yarra,supermarket,Paddlewheel,-37.8459263,144.99261
South Yarra,supermarket,Fuji Mart,-37.8458546,144.9936826
South Yarra,supermarket,Gum Tree Good Food,-37.8388985,144.9902376
South Yarra,supermarket,Claremont Supermarket,-37.8383107,144.9935719
South Yarra,cafe,Outpost,-37.837392,144.993008
South Yarra,cafe,181 Domain,-37.8342155,144.9820937
South Yarra,cafe,Cafe Domain,-37.8341838,144.9818456
South Yarra,cafe,Café Luca,-37.838791,144.989225
South Yarra,cafe,Kanteen,-37.8340469,145.0047756
South Yarra,cafe,Lawson Grove Shop,-37.833552,144.9902571
South Yarra,cafe,Chapelli's,-37.840504,144.995212
South Yarra,cafe,Fat Beans,-37.842751,144.995791
South Yarra,cafe,Aroma Cafe,-37.8384862,144.9899771
South Yarra,cafe,Mister Zen,-37.8456372,144.9858866
South Yarra,cafe,Romano's,-37.8428049,144.995471
South Yarra,cafe,Cafe Gaia,-37.8382426,144.9892938
South Yarra,cafe,Republic,-37.8390844,144.9915223
South Yarra,cafe,Coffee Geek Brewers,-37.8389948,144.9906419
South Yarra,cafe,Two Birds One Stone,-37.8380714,144.9939255
South Yarra,cafe,Healthy Vibe Gourmet Dumplings,-37.8388216,144.9937056
South Yarra,cafe,Cinque 5,-37.8391499,144.9938105
South Yarra,cafe,Dineamic Food Store,-37.8391554,144.9938655
South Yarra,cafe,Darling Cafe,-37.8385322,144.9914918
South Yarra,cafe,The Stables of Como Cafe,-37.8380151,145.0031876
South Yarra,cafe,Dilly Daly,-37.8378754,144.9947871
South Yarra,cafe,Maker & Monger,-37.8460216,144.992745
South Yarra,cafe,Market Lane Coffee,-37.8458338,144.9929721
South Yarra,cafe,Laurent,-37.8394747,144.9963818
South Yarra,cafe,Otello,-37.8383922,144.9900029
South Yarra,cafe,Park Pantry,-37.834449,144.9823364
South Yarra,cafe,Tom Dick and Harry,-37.8395211,144.9950977
South Yarra,cafe,Rustica,-37.8425515,144.9948355
South Yarra,cafe,Yummy Puff,-37.8467203,144.9943148
South Yarra,cafe,Boy,-37.8447421,144.994399
South Yarra,cafe,Pizza & Grill Cafe,-37.8455951,144.9945199
South Yarra,cafe,Tivoli Express,-37.8393375,144.9980742
South Yarra,cafe,Leaf Lane,-37.8451628,145.0021858
South Yarra,cafe,Splash Cafe & Juice Bar,-37.8392649,144.9965715
South Yarra,gym,Snap Fitness,-37.8378982,144.9936807
South Yarra,gym,Chapel Street Physique,-37.846624,144.9940355
South Yarra,gym,South Yarra Judo Academy,-37.8446661,144.9997852
South Yarra,library,Toorak/South Yarra Library,-37.8402252,144.9994218
Cremorne,supermarket,Coles,-37.8254909,144.9947938
Cremorne,supermarket,IGA Local Grocer Cremorne,-37.8300168,144.990153
Cremorne,cafe,Almost French Patisserie,-37.8254052,144.9943865
Cremorne,cafe,LaManna & Sons,-37.8302944,144.9953838
Cremorne,cafe,Unnamed cafe,-37.8319865,144.9949994
Cremorne,cafe,Sable,-37.8260934,144.9960421
Cremorne,cafe,Bakes & Bagels,-37.8260307,144.995437
Toorak,supermarket,Woolworths,-37.8481054,145.0052368
Toorak,supermarket,Woolworths,-37.8405629,145.0081654
Toorak,cafe,Yuca Melbourne,-37.8409355,145.0106326
Kooyong,cafe,Nom Nom's,-37.8399312,145.0320471
Glen Iris,supermarket,Coles,-37.8458418,145.0452563
Glen Iris,supermarket,Leo's Fine Food & Wine,-37.8488155,145.0766461
Glen Iris,cafe,Unnamed cafe,-37.8644424,145.0502691
Glen Iris,cafe,Glen Iris Pantry,-37.8530685,145.067269
Glen Iris,cafe,Unnamed cafe,-37.8517804,145.0798964
Glen Iris,cafe,Unnamed cafe,-37.8514182,145.0799473
Glen Iris,cafe,Bakery Café,-37.8601469,145.0579507
Glen Iris,cafe,Platform Espresso,-37.8599482,145.0577856
Glen Iris,cafe,Good Times,-37.8583019,145.0414058
Glen Iris,cafe,Blakes Feast,-37.8592045,145.0606696
North Melbourne,supermarket,North Melbourne IGA X-press,-37.798856,144.953525
North Melbourne,supermarket,Foodworks,-37.80314,144.9490587
North Melbourne,supermarket,IGA,-37.7951171,144.9415256
North Melbourne,supermarket,Woolworths,-37.7963605,144.940678
North Melbourne,supermarket,Tiem Tap Hoa Asian Grocer,-37.7948464,144.9415679
North Melbourne,cafe,Reynolds Street Sandwich Bar,-37.7970342,144.9372333
North Melbourne,cafe,Hot Poppy Cafe,-37.8047581,144.9490968
North Melbourne,cafe,Twenty & Six,-37.8026618,144.9475391
North Melbourne,cafe,Joe's Eatery,-37.7996061,144.9544576
North Melbourne,cafe,Avist Cafe,-37.7983103,144.9528089
North Melbourne,cafe,Faces & Places,-37.8049354,144.9494489
North Melbourne,cafe,Auction Rooms,-37.8024964,144.9495169
North Melbourne,cafe,Code Black Coffee,-37.8042375,144.9536691
North Melbourne,cafe,Unnamed cafe,-37.8021662,144.9500184
North Melbourne,cafe,Thyme²,-37.7935333,144.9468045
North Melbourne,cafe,Fandango,-37.8026202,144.9494987
North Melbourne,cafe,Temple Arden,-37.8006745,144.9456092
North Melbourne,cafe,St Cooper Cafe,-37.8008415,144.9553927
North Melbourne,cafe,Le Bajo Milkbar,-37.8050387,144.9540536
North Melbourne,cafe,Small Batch,-37.804406,144.9543935
North Melbourne,cafe,Cafe Tomi,-37.8007333,144.953381
North Melbourne,gym,The Underground Fitness Club,-37.803623,144.956669
North Melbourne,gym,Equilibrium Fitness,-37.804461,144.9491602
North Melbourne,gym,CorePlus North Melbourne,-37.8033564,144.9508374
North Melbourne,library,North Melbourne Library,-37.803565,144.949759
Brunswick West,supermarket,IGA,-37.758154,144.9393573
Brunswick West,supermarket,Foodworks,-37.7646416,144.9441587
Brunswick West,cafe,Roy's on Melville,-37.7645062,144.9437038
Brunswick West,cafe,The Factory Cafe,-37.7651025,144.9475575
Brunswick West,cafe,John Gorilla,-37.7662149,144.9489903
Brunswick West,cafe,LoLo & Wren,-37.758199,144.939661
Brunswick West,cafe,Moo Moo Milk Bar,-37.7755285,144.9489674
Brunswick West,cafe,Mr Fox,-37.775238,144.9490581
Brunswick West,cafe,GG Burgers,-37.7729297,144.9491316
Brunswick West,cafe,Melba's Cafe,-37.7718983,144.949712
Brunswick West,cafe,Mister & Missus M,-37.7589875,144.944638
Brunswick West,cafe,Dope Donuts,-37.7537847,144.9491734
Brunswick West,cafe,Unnamed cafe,-37.7581666,144.9448053
Brunswick West,gym,Active Bodies World,-37.7663334,144.9493887
Brunswick West,gym,Fitzy's Gym,-37.7647438,144.9452823
Brunswick West,gym,Reconnect Yoga,-37.7593478,144.9449457
Templestowe,supermarket,The South African Shop,-37.757048,145.1281259
Templestowe,cafe,Unnamed cafe,-37.7574712,145.1300046
Templestowe,cafe,Si Cafe,-37.7570936,145.1296556
Templestowe,cafe,Yarra Organics,-37.7377823,145.154718
Templestowe,cafe,Down The Rabbit Hole,-37.752672,145.1523901
Templestowe,gym,Jetts Fitness,-37.7569811,145.1286038
Surrey Hills,cafe,Cafe Papillon,-37.8355851,145.0934847
Surrey Hills,cafe,Sips and Stories,-37.8247987,145.0976162
Surrey Hills,cafe,Unnamed cafe,-37.8191497,145.0888784
Surrey Hills,cafe,Hill Top Cakes ,-37.8148347,145.0988548
Surrey Hills,cafe,Reunion Cafe Dining,-37.8231909,145.0975739
Surrey Hills,cafe,The Steam Coffee Company,-37.8238421,145.0978568
Surrey Hills,cafe,Chit Chat,-37.823438,145.0979535
Surrey Hills,cafe,Zimt,-37.8227863,145.0980296
Surrey Hills,cafe,Anne's Pantry,-37.8236413,145.0978958
Surrey Hills,gym,Balwyn Yoga Centre,-37.8149841,145.0980338
Burwood,cafe,Stream Cafe,-37.8546233,145.1077917
Burwood,cafe,Fusion Café,-37.845185,145.1110372
Burwood,cafe,Loading Zone,-37.844448,145.1126411
Burwood,cafe,Green & Wood,-37.849717,145.121106
Burwood,cafe,Foodrinkery,-37.8437423,145.0987755
Burwood,cafe,Food For Thought,-37.8487498,145.114877
Burwood,cafe,Cafe Aya,-37.8461618,145.1132156
Burwood,cafe,Corner Cafe,-37.847248,145.114568
Burwood,cafe,Caffeine,-37.8462081,145.1135666
Burwood,cafe,Sage,-37.8461391,145.1133839
Burwood,cafe,Bells and Whistles Cafe,-37.8546239,145.1083547
Burwood,cafe,Tea House Cafe,-37.8387716,145.1051074
Burwood,gym,Deakin Gym,-37.8461809,145.1138776
Burwood,library,Unnamed library,-37.8471254,145.1148559
Malvern,supermarket,IGA,-37.8532747,145.0414858
Malvern,supermarket,Shahi India,-37.8646311,145.0281237
Malvern,cafe,Ionsky's Bakehouse Cafe,-37.8515093,145.0303152
Malvern,cafe,Where Is Henry?,-37.853009,145.041383
Malvern,cafe,Café Violina,-37.853301,145.041678
Malvern,cafe,Neon Tiger,-37.8526016,145.0363693
Malvern,cafe,Mirror Image,-37.8518463,145.0301339
Malvern,cafe,prickly pear coffee (free wifi),-37.8630645,145.0281356
Malvern,cafe,Street Organics,-37.8582356,145.0409629
Malvern,cafe,Unnamed cafe,-37.8494263,145.04093
Malvern,cafe,Thread,-37.8528138,145.0399317
Malvern,gym,Healing Delight,-37.8598719,145.0290633
Ashburton,supermarket,Fresh Central,-37.8630062,145.0772974
Ashburton,supermarket,IGA,-37.8630603,145.0777897
Ashburton,cafe,Unnamed cafe,-37.8641694,145.0928761
Ashburton,cafe,Fussy Pots,-37.86293,145.0766188
Ashburton,cafe,Miss Ash Cafe,-37.8633528,145.0804553
Ashburton,cafe,Oak Room,-37.8635952,145.0824851
Ashburton,cafe,Thymes Five,-37.8635826,145.082418
Ashburton,cafe,Unnamed cafe,-37.8667644,145.0853288
Ashburton,cafe,The Resident,-37.8636356,145.0803452
Ashburton,cafe,e'Latte Cafe,-37.8634653,145.0789599
Ashburton,cafe,Panineria,-37.8633425,145.0781869
Ashburton,cafe,Taylor Made Eatery,-37.8633056,145.0779068
Ashburton,cafe,Two Seeds,-37.8633586,145.078289
Ashburton,gym,Curves,-37.8635064,145.0814578
Ashburton,gym,Unnamed gym,-37.8666203,145.0855084
Ashburton,library,Ashburton Library,-37.8633305,145.0768371
Armadale,supermarket,Woolworths,-37.8628805,145.0271098
Armadale,cafe,Woodstock,-37.8562409,145.0255752
Armadale,cafe,Fancy Pantry,-37.856186,145.019862
Armadale,cafe,Coin Laundry Cafe,-37.8566673,145.018764
Armadale,cafe,"Nine Yards, Armadale",-37.8562555,145.0278106
Malvern East,supermarket,Coles,-37.8855399,145.0845484
Malvern East,supermarket,Woolworths,-37.887188,145.0842821
Malvern East,supermarket,ALDI,-37.8863767,145.0839366
Malvern East,cafe,Gloria Jean's,-37.8861032,145.0838791
Malvern East,cafe,Cannoli & Co,-37.8655751,145.0502852
Malvern East,cafe,Our Kitchen Table,-37.86552,145.0502986
Malvern East,cafe,Unnamed cafe,-37.8649217,145.0497495
Malvern East,cafe,Satsuki,-37.8784429,145.0677447
Malvern East,cafe,Starbucks,-37.8868658,145.0838351
Malvern East,cafe,One Little Place,-37.865265,145.0506214
Malvern East,cafe,Gotcha X Brioche,-37.8852325,145.0836327
Malvern East,cafe,Boost Juice,-37.8850347,145.0837263
Malvern East,cafe,Little Sparrow,-37.8847107,145.0839221
Malvern East,cafe,Godiva,-37.8848043,145.0838227
Malvern East,cafe,Gong Cha,-37.8859719,145.0832539
Malvern East,cafe,Machi machi,-37.8871193,145.0811644
Prahran,supermarket,Woolworths,-37.8474492,144.9927111
Prahran,supermarket,Coles,-37.8479109,144.9935468
Prahran,supermarket,The Source Bulk Foods,-37.8466976,144.991997
Prahran,cafe,Fourth Chapter,-37.8527761,145.0013906
Prahran,cafe,Recovery Cafe,-37.8477397,144.9944188
Prahran,cafe,Kāya Espresso,-37.8471169,144.9939591
Prahran,gym,Edge Training,-37.8506135,144.9951001
Prahran,gym,Kāya Health Clubs,-37.8470764,144.9939645
Prahran,gym,Vision Personal Training,-37.8479027,144.9941178
Prahran,gym,Revl Training,-37.848895,144.99398
Prahran,gym,Core Plus,-37.8488132,144.994005
Prahran,library,Prahran Library,-37.8496416,144.9931092
Caulfield North,supermarket,Woolworths Metro,-37.8630952,145.0101814
Caulfield North,supermarket,Coles,-37.8760273,145.0376175
Caulfield North,cafe,Frank & Ginger Cafe,-37.8640163,145.0104403
Caulfield North,cafe,Einstein 251,-37.8790952,145.0235308
Caulfield North,cafe,Parkside Pantry,-37.8727467,145.0245188
Caulfield North,cafe,Unnamed cafe,-37.875825,145.0390391
Caulfield North,cafe,Stomach Club,-37.8796823,145.0235597
Caulfield North,cafe,Cora Expresso,-37.8759023,145.0374552
Caulfield North,cafe,Common Room Co,-37.8640232,145.01109
Southbank,supermarket,IGA X-press + Liquor,-37.825805,144.957017
Southbank,supermarket,Foodworks,-37.8300256,144.9693817
Southbank,supermarket,ALDI,-37.829949,144.9573832
Southbank,supermarket,Woolworths Metro,-37.8268606,144.9593308
Southbank,supermarket,IGA,-37.8276939,144.9665201
Southbank,supermarket,IGA,-37.8224729,144.9650768
Southbank,supermarket,Foodworks,-37.8240916,144.9620137
Southbank,supermarket,Woolworths,-37.82581,144.9635577
Southbank,cafe,The Bond Store,-37.8217545,144.9639586
Southbank,cafe,Wild Bean Cafe,-37.8276047,144.9578222
Southbank,cafe,Nashi,-37.830015,144.97036
Southbank,cafe,Protagonist,-37.821422,144.968849
Southbank,cafe,Gainsville Cafe,-37.8214141,144.9649728
Southbank,cafe,Humbaba,-37.830192,144.969781
Southbank,cafe,Diors Cafe & Bar,-37.82901,144.960725
Southbank,cafe,o3 Cafe & Coworking,-37.824192,144.960769
Southbank,cafe,Baci,-37.8226426,144.9585822
Southbank,cafe,Coffee Minded,-37.8200449,144.9669606
Southbank,cafe,Kere Kere,-37.8257083,144.9608905
Southbank,cafe,Cafe 410 at World of Style,-37.8294954,144.9556641
Southbank,cafe,Cafenatics,-37.821834,144.962369
Southbank,cafe,Sidearm,-37.8279891,144.9497198
Southbank,cafe,Ciel,-37.8293898,144.955495
Southbank,cafe,ACCA coffee cart,-37.8267414,144.9666877
Southbank,cafe,Chatime,-37.8200236,144.9665542
Southbank,cafe,Café Godot,-37.8254083,144.9662497
Southbank,cafe,Mr Summit,-37.8241896,144.9624587
Southbank,cafe,Pie Face,-37.8287953,144.9639042
Southbank,cafe,Malt Kitchen & Pantry,-37.8270209,144.9665969
Southbank,cafe,Journeys Cafe by ASRC,-37.8250924,144.967694
Southbank,cafe,Lionel's Cafe,-37.8251701,144.9693673
Southbank,cafe,Betwixt Cafe & Bar,-37.825612,144.9669081
Southbank,cafe,A Treat Of France,-37.8270995,144.9590528
Southbank,cafe,Au79,-37.8259255,144.9596887
Southbank,cafe,The Lunch Spot,-37.8286531,144.9612087
Southbank,cafe,Foremost,-37.8291898,144.9708848
Southbank,gym,Genesis,-37.8222261,144.9630117
Southbank,gym,Melbourne Altitude Training,-37.8285666,144.9611623
Southbank,library,Southbank Library,-37.8245882,144.9692009
Southbank,library,Southbank Library at Boyd,-37.8255777,144.9612198
Windsor,cafe,One Thirty Two,-37.8535761,144.9931812
Windsor,cafe,OPPEN,-37.8557335,144.9920889
Windsor,cafe,Journeyman,-37.8522761,144.9932093
Windsor,cafe,Nguyen's Hot Bread,-37.8536807,144.9931608
Caulfield East,cafe,MamaDuke,-37.8764495,145.0446884
Caulfield East,cafe,Cafe Monsu,-37.8770928,145.0435258
Caulfield East,cafe,Flipside,-37.8769449,145.0450631
Caulfield East,cafe,Boost Juice,-37.877569,145.0444184
Caulfield East,cafe,Standing Room,-37.8776128,145.0459708
Caulfield East,cafe,Flipboard,-37.8773884,145.0443672
Caulfield East,cafe,Machi machi,-37.8765231,145.0420538
Travancore,supermarket,Foodworks,-37.7844714,144.9381234
Travancore,supermarket,IGA,-37.784938,144.9385839
Travancore,cafe,So & So,-37.7809563,144.9325295
Travancore,cafe,phat MILK,-37.7809154,144.932503
Travancore,gym,Fernwood Fitness,-37.7842723,144.9378206
St Kilda East,cafe,Costeñisima,-37.8595766,145.0010936
St Kilda East,gym,Fitness First,-37.8621533,144.9935728
St Kilda East,library,Unnamed library,-37.8766747,145.0046094
South Melbourne,supermarket,Woolworths,-37.8306564,144.9573651
South Melbourne,supermarket,Coles,-37.8319294,144.9609368
South Melbourne,cafe,Caffe Panette,-37.8328055,144.9574554
South Melbourne,cafe,The Original Cafe,-37.830547,144.969795
South Melbourne,cafe,Bean Seen There,-37.832072,144.969731
South Melbourne,cafe,Mr Albert Eastern Cafe,-37.837184,144.967455
South Melbourne,cafe,Europa Coffee Drive Thru,-37.832889,144.966769
South Melbourne,cafe,Light up Coffee,-37.8334741,144.9638666
South Melbourne,cafe,Emerald Hill Cafe,-37.8344164,144.9606285
South Melbourne,cafe,Cafe Scene,-37.8352632,144.9705418
South Melbourne,cafe,Koffee Kings,-37.830973,144.964945
South Melbourne,cafe,Dead Man Espresso,-37.829522,144.960189
South Melbourne,cafe,Café Cova,-37.8318442,144.9652974
South Melbourne,cafe,Oishii Tokyo,-37.832886,144.970427
South Melbourne,cafe,Burnt Butter,-37.833871,144.9607878
South Melbourne,cafe,The Old Paper Shop Deli,-37.832562,144.96021
South Melbourne,cafe,Brazil Lifestyle Coffee,-37.8310149,144.9570871
South Melbourne,cafe,ST. Ali,-37.8313001,144.9603137
South Melbourne,cafe,Smooth E,-37.83133,144.967228
South Melbourne,cafe,Mish Cafe,-37.834714,144.970926
South Melbourne,cafe,Sushi Lane,-37.834496,144.9711
South Melbourne,cafe,Eatworx,-37.834394,144.971156
South Melbourne,cafe,Albert Gourmet Deli,-37.833654,144.971429
South Melbourne,cafe,Bulldozer Cafe,-37.8301586,144.9622614
South Melbourne,cafe,Happy Corner Cafe,-37.8312793,144.962804
South Melbourne,cafe,Cottle on Coventry,-37.832243,144.958107
South Melbourne,cafe,Foxtrot Café,-37.8315597,144.9471167
South Melbourne,cafe,St Ali Coffee Roasters,-37.8313313,144.9604687
South Melbourne,cafe,Eastern Road Larder,-37.8366192,144.9670105
South Melbourne,cafe,Pietro e Paolo Cafe,-37.8359499,144.9537927
South Melbourne,cafe,Burhan's Espresso Bar,-37.8319833,144.9559589
South Melbourne,cafe,Canteen,-37.8327035,144.9560688
South Melbourne,cafe,The Ambitious Act,-37.8342952,144.9613688
South Melbourne,cafe,Market Lane Coffee,-37.8328479,144.9573083
South Melbourne,cafe,Giddiup Cafe,-37.8324506,144.958748
South Melbourne,cafe,Stokers,-37.8313848,144.9600301
South Melbourne,cafe,The Kettle Black,-37.8341251,144.9713427
South Melbourne,cafe,Philoçoffee Espresso Bar,-37.8365649,144.9688133
South Melbourne,cafe,Ground Cafe,-37.8351649,144.9691457
South Melbourne,cafe,Aga the French patisserie,-37.8323197,144.9566948
South Melbourne,cafe,Ada Grace,-37.8326207,144.9590781
South Melbourne,gym,RBT South Melbourne,-37.8327589,144.9493195
South Melbourne,gym,Anytime Fitness,-37.8312477,144.9589174
South Melbourne,library,Emerald Hill Library,-37.8347011,144.9603726
Caulfield,supermarket,Foodworks,-37.8868099,145.0222932
Caulfield,cafe,Meet at 903,-37.8875305,145.0273606
Caulfield,cafe,Forth Brother,-37.8867129,145.0215325
Caulfield,cafe,Xposé Cafe,-37.8866662,145.0212247
Caulfield,cafe,Jam on Glenhunly,-37.8867254,145.0216474
Caulfield,cafe,Coffeefield Café,-37.8825017,145.0167069
Caulfield,cafe,No Stress Cafe,-37.886739,145.0221597
Caulfield,gym,Australian Fitness Academy,-37.8861911,145.0188042
Caulfield,gym,Integrate,-37.8864621,145.0195653
Caulfield,library,Caulfield Library,-37.8806176,145.0227434
South Wharf,cafe,Shed Café,-37.824189,144.9556711
South Wharf,cafe,Plenary Café,-37.8251369,144.9531076
South Wharf,cafe,Café Orr,-37.8250565,144.9512029
South Wharf,cafe,Goldfields Café + Bar,-37.8257505,144.951849
Albert Park,cafe,Miss Colombia,-37.8453047,144.9590164
Albert Park,cafe,Albert Park Deli,-37.8414375,144.9541058
St Kilda,supermarket,Woolworths Metro,-37.8591642,144.9777767
St Kilda,supermarket,Woolworths,-37.8685209,144.978811
St Kilda,supermarket,Coles,-37.8685845,144.9806027
St Kilda,supermarket,Aldi,-37.8650285,144.9877554
St Kilda,cafe,Beachcomber,-37.8651197,144.9715162
St Kilda,cafe,Banff Café,-37.8593259,144.9784517
St Kilda,cafe,Grocery Bar,-37.8594148,144.9782639
St Kilda,cafe,Il Fornaio,-37.8623922,144.9741675
St Kilda,cafe,Dr Jekyll,-37.8640141,144.9813215
St Kilda,cafe,Inkr7,-37.8642491,144.982124
St Kilda,cafe,Galleon Café,-37.8670228,144.9790401
St Kilda,cafe,Irwell's,-37.8672064,144.9805382
St Kilda,cafe,Le Bon Cake Shop,-37.8679928,144.9790295
St Kilda,cafe,Monk Bodhi Dharma,-37.868197,144.9909205
St Kilda,cafe,Boost Juice,-37.8615267,144.9748186
St Kilda,cafe,The St Kilda Dispensary,-37.8686805,144.9870917
St Kilda,cafe,Monarch Cakes,-37.8681561,144.9792122
St Kilda,cafe,Europa Cake Shop,-37.8678516,144.9788965
St Kilda,cafe,Hannah,-37.8676655,144.9903245
St Kilda,cafe,Dear Liza,-37.860591,144.9837674
St Kilda,cafe,The Studio Beans Coffee Roasters,-37.8641953,144.9819462
St Kilda,cafe,95 Espresso Bar,-37.8680415,144.9790903
St Kilda,cafe,Jaggers,-37.8695906,144.9805733
St Kilda,cafe,Euros Bites Creperia,-37.8690432,144.980357
St Kilda,cafe,Timeless,-37.8568338,144.9877469
St Kilda,cafe,CoCo Fresh Tea & Juice,-37.8599962,144.9779107
St Kilda,cafe,Prophecy Espresso,-37.8599507,144.9778653
St Kilda,cafe,Theatre Works Café,-37.86418,144.9759707
St Kilda,cafe,Al Naturale,-37.862565,144.9742874
St Kilda,gym,CrossFit,-37.8650772,144.9868488
St Kilda,gym,Absolute MMA St Kilda,-37.8636227,144.9829621
St Kilda,gym,Anytime Fitness,-37.8586527,144.9796408
Balaclava,supermarket,Coles,-37.8679128,144.9919849
Balaclava,supermarket,Woolworths,-37.868243,144.991277
Balaclava,cafe,Wall Two80,-37.8685396,144.9932349
Balaclava,cafe,Las Chicas,-37.8688614,144.9933636
Balaclava,cafe,Batch Espresso,-37.8688069,144.9953459
Balaclava,cafe,Yo Chi,-37.8686527,144.9939283
Balaclava,cafe,Levanter Cafe,-37.8686765,144.9940191
Docklands,supermarket,Woolworths,-37.8205606,144.9436054
Docklands,supermarket,Coles,-37.8147983,144.9518038
Docklands,supermarket,The Dome Express,-37.819346,144.948342
Docklands,supermarket,Crown Asian Supermarket,-37.8147623,144.9519191
Docklands,supermarket,Woolworths,-37.8210674,144.9500958
Docklands,supermarket,Golden Express,-37.8200723,144.9424484
Docklands,supermarket,Woolworths,-37.8120887,144.9391271
Docklands,supermarket,East West Marketplace,-37.8126918,144.9394884
Docklands,supermarket,Xpress Supermarket,-37.8147577,144.9383467
Docklands,cafe,Puzzle Coffee,-37.8190192,144.953659
Docklands,cafe,Michel's Patisserie,-37.8150653,144.952021
Docklands,cafe,Penny,-37.8143231,144.9382726
Docklands,cafe,Starbucks,-37.8171266,144.9525788
Docklands,cafe,Potto,-37.8169468,144.9526354
Docklands,cafe,Espresso Hub,-37.8195035,144.9537038
Docklands,cafe,Degani,-37.819121,144.948331
Docklands,cafe,Cafenetics,-37.8141621,144.9470999
Docklands,cafe,Cafe Bourgeois,-37.8132871,144.9410614
Docklands,cafe,In a Rush,-37.817511,144.9529383
Docklands,cafe,Grain 717,-37.8182232,144.9501342
Docklands,cafe,Café Cavallino,-37.8184335,144.95028
Docklands,cafe,In A Rush,-37.821874,144.9447899
Docklands,cafe,Capri,-37.8140397,144.9428674
Docklands,cafe,Kebab & Gözleme Cafe,-37.8190181,144.9473459
Docklands,cafe,St. Brew,-37.8196739,144.9511872
Docklands,cafe,Degani Bakery Cafe,-37.8199126,144.9505437
Docklands,cafe,The Coffee Club,-37.8122596,144.9379903
Docklands,cafe,De Gusto,-37.8186255,144.9473022
Docklands,cafe,B Club Cafe,-37.8147622,144.9402819
Docklands,cafe,Hooks at the Yarra,-37.8240816,144.947699
Docklands,cafe,Pie Face,-37.8190302,144.953578
Docklands,cafe,D.G. Expresso,-37.8205603,144.9438715
Docklands,cafe,Saluministi,-37.8204154,144.9411899
Docklands,cafe,Coffee Gauge,-37.8199191,144.9440603
Docklands,cafe,Blended Beard,-37.8195432,144.9441992
Docklands,cafe,Cafe Bambino,-37.8200506,144.9449768
Docklands,cafe,Min The Cafe,-37.8201789,144.9420594
Docklands,cafe,365,-37.821841,144.9449468
Docklands,cafe,Charlie Bit Me,-37.8207115,144.94503
Docklands,cafe,The Other Brother,-37.8219353,144.9437997
Docklands,cafe,Caffé ESC,-37.8216918,144.9462505
Docklands,cafe,iBean,-37.8212385,144.9453255
Docklands,cafe,Rhumba’s,-37.8191324,144.9454241
Docklands,cafe,Cafenatics,-37.819662,144.9449607
Docklands,cafe,BITO Beans Bourke,-37.8186934,144.9445761
Docklands,cafe,Sushi Nori,-37.8210544,144.9498179
Docklands,cafe,Upstanding Citizens,-37.8211524,144.9492866
Docklands,cafe,Coffee Rush,-37.8153071,144.9522179
Docklands,cafe,Anchor Eatery,-37.8217715,144.9363723
Docklands,cafe,Gloria Jean's,-37.8176666,144.9516554
Docklands,cafe,Daybreak Cafe,-37.8129813,144.9392926
Docklands,cafe,Teej Cafe,-37.8185302,144.9476112
Docklands,cafe,Brunos,-37.8178155,144.9491093
Docklands,cafe,Chatime,-37.8170806,144.9526939
Docklands,cafe,Unnamed cafe,-37.8160745,144.9523651
Docklands,cafe,Story Coffee,-37.8176,144.9493274
Docklands,cafe,Cocobei,-37.8142896,144.9396203
Docklands,cafe,Melbourne Ferry Terminal,-37.816902,144.9450767
Docklands,cafe,BITO,-37.814192,144.9450348
Docklands,cafe,18 Pence Lane,-37.824583,144.9452578
Docklands,cafe,The Espressionist,-37.8241747,144.9433559
Docklands,cafe,My Koala Café,-37.8140423,144.944826
Docklands,cafe,Boost Juice,-37.8189151,144.9536169
Docklands,cafe,Groovy Mamas,-37.8212431,144.9431617
Docklands,cafe,Unnamed cafe,-37.8185765,144.9448216
Docklands,cafe,Meals With Impact,-37.8207203,144.9490086
Docklands,cafe,Meister,-37.8211991,144.9499187
Docklands,cafe,Pure Pie,-37.821147,144.9498822
Docklands,cafe,Neighbours,-37.8230233,144.9506963
Docklands,gym,F45 Training,-37.8190748,144.9436147
Docklands,gym,Push Fitness,-37.8224,144.9465343
Docklands,gym,Anytime Fitness,-37.8210852,144.9494407
Kensington,supermarket,Foodworks,-37.7943152,144.9298631
Kensington,supermarket,IGA,-37.7920177,144.9193602
Kensington,cafe,Local Folk,-37.7922179,144.925615
Kensington,cafe,The Premises,-37.794335,144.9301651
Kensington,cafe,ARGI Cafe,-37.7942307,144.9290988
Kensington,cafe,Fruits of Passion,-37.793915,144.930123
Kensington,cafe,Grounded House,-37.7944768,144.9294513
Kensington,cafe,Fifty-Six Threads,-37.7970521,144.9278512
Kensington,cafe,Double Dutch Bakery,-37.7919104,144.9356257
Kensington,cafe,Co Lab,-37.7901792,144.9356562
Kensington,cafe,Sgt. Nelson,-37.7884492,144.9307035
Kensington,cafe,Kensington Canteen,-37.7997462,144.9320168
Kensington,cafe,Borghetti,-37.7949808,144.9336384
Kensington,gym,Fullfitment,-37.791697,144.9356452
Kensington,gym,Motus Life,-37.7908754,144.9353463
Kensington,library,Flemington Library,-37.7884344,144.9304587
Ripponlea,supermarket,IGA,-37.8765871,144.9965585
Ripponlea,cafe,Follow the Leader,-37.8766792,144.9972322
Ripponlea,cafe,Spout,-37.8768135,144.9963232
Middle Park,cafe,Jack The Geezer,-37.8495754,144.9647729
Middle Park,library,Middle Park Library,-37.8498967,144.9621219
Moonee Ponds,supermarket,Coles,-37.7645234,144.9219203
Moonee Ponds,supermarket,ALDI,-37.7653328,144.9230314
Moonee Ponds,supermarket,Yahweh,-37.764606,144.9218945
Moonee Ponds,supermarket,IGA Local Grocer Plus Liquor Moonee Ponds,-37.7714962,144.915536
Moonee Ponds,cafe,The Re-Up,-37.7705806,144.9259001
Moonee Ponds,cafe,Top Notch Coffee,-37.7669937,144.9246164
Moonee Ponds,cafe,Chew Chew,-37.7663517,144.9191151
Moonee Ponds,cafe,Beans On Pratt,-37.7677567,144.9220249
Moonee Ponds,cafe,Strangers,-37.7659496,144.9219261
Moonee Ponds,cafe,Good Bean,-37.7663016,144.922478
Moonee Ponds,cafe,Olivia Spring Cafe,-37.7667315,144.9244575
Moonee Ponds,cafe,The Coffee Club,-37.7657426,144.9225764
Moonee Ponds,cafe,Dolce Vita,-37.7665586,144.9208789
Moonee Ponds,cafe,Convoy,-37.76128,144.9256703
Moonee Ponds,cafe,Sir Duke,-37.7668607,144.9211773
Moonee Ponds,cafe,Brunetti Classico,-37.7675036,144.9237655
Moonee Ponds,cafe,North x North West,-37.7665304,144.9263401
Moonee Ponds,cafe,Curators Collective,-37.7618723,144.9230086
Moonee Ponds,cafe,Darling Street Espresso,-37.7690685,144.9105119
Moonee Ponds,gym,Anytime Fitness,-37.7654219,144.9236
Moonee Ponds,gym,Beyond Rest Moonee Ponds,-37.7679583,144.9261346
Moonee Ponds,gym,Listen To Your Body,-37.7649455,144.9196767
Flemington,supermarket,Woolworths,-37.7871515,144.92789
Flemington,supermarket,Coles,-37.7824349,144.9148103
Flemington,supermarket,Organic Wholefoods,-37.783151,144.9347807
Flemington,cafe,Daily Grind Cafe,-37.787353,144.928303
Flemington,cafe,Pepper,-37.7870662,144.9293574
Flemington,cafe,Wolf and Hound,-37.7865075,144.9291899
Flemington,cafe,Elephant Cafe,-37.7832993,144.9350548
Flemington,cafe,Autumn Leaves,-37.7873047,144.9293963
Flemington,gym,Jetts Fitness,-37.781866,144.9149803
Flemington,gym,Fitnesskick@Flemington,-37.7881223,144.9312268
Ascot Vale,supermarket,Woolworths Metro,-37.7729791,144.9158047
Ascot Vale,supermarket,Woolworths Metro,-37.7761084,144.9285108
Ascot Vale,cafe,middle child,-37.7703158,144.9021958
Ascot Vale,cafe,Old Man Drew,-37.775527,144.928278
Ascot Vale,cafe,Sugar Beat Cafe,-37.7830457,144.9076343
Ascot Vale,cafe,Eclat Cafe,-37.7725359,144.9162904
Ascot Vale,cafe,No. 19,-37.7732176,144.9161218
Ascot Vale,cafe,Love Latte,-37.7732816,144.9161201
Elsternwick,supermarket,GloHealth,-37.8847136,145.003886
Elsternwick,supermarket,Coles,-37.8849415,145.0068058
Elsternwick,cafe,Unnamed cafe,-37.8788823,145.013273
Elsternwick,cafe,Cocorico Cafe,-37.8840983,145.0004741
Elsternwick,cafe,Le petit lapin,-37.8788165,145.0127183
Elsternwick,cafe,Glovers Station,-37.8782084,145.0078942
Elsternwick,cafe,Mister Baker,-37.885001,145.0073088
Elsternwick,cafe,Spot On Ripponlea,-37.8771189,144.9984494
Elsternwick,cafe,Green Remedy,-37.8837698,144.997896
Elsternwick,cafe,Bagelicious,-37.8853201,145.0043781
Elsternwick,cafe,Bissel B.,-37.8845968,145.0023446
Elsternwick,gym,9Round,-37.8788325,145.0129128
Elsternwick,library,Elsternwick Library,-37.8841323,145.0044769
Ringwood North,supermarket,Ritchies,-37.7941495,145.2357555
Ringwood North,cafe,23 Cafe Restaurant Bar.,-37.7946099,145.2355304
Ringwood North,cafe,Rubiki,-37.79461,145.2363067
Ringwood North,cafe,Vanille Blanche Cafe,-37.7955638,145.2353602
Ringwood North,gym,Total Fitness For Life,-37.7939984,145.2359664
Ringwood North,gym,Anytime Fitness,-37.7942781,145.2362841
West Melbourne,supermarket,Xin Fang Supermarket,-37.808246,144.955088
West Melbourne,supermarket,Woolworths Metro,-37.8072174,144.943022
West Melbourne,cafe,JT's VICE Coffee Bar,-37.8059679,144.9484673
West Melbourne,cafe,Moon Mart,-37.805952,144.9422906
West Melbourne,cafe,Teresa's Cafe,-37.8105085,144.9228446
West Melbourne,cafe,Riverside Takeaway,-37.8025279,144.910183
West Melbourne,cafe,Common Ground,-37.8058124,144.9539573
West Melbourne,cafe,Pie Face,-37.8028983,144.9298351
West Melbourne,cafe,Fuumi Fuumi,-37.808816,144.9506766
West Melbourne,cafe,Impresso Cafe,-37.8122817,144.953649
West Melbourne,cafe,Unnamed cafe,-37.8004887,144.9275721
West Melbourne,cafe,The Flour Melbourne,-37.8059008,144.9547869
Elwood,supermarket,Elwood Supermarket,-37.8808894,144.9915674
Elwood,supermarket,Foodworks,-37.8854272,144.9879436
Elwood,cafe,Unnamed cafe,-37.8821158,144.9828431
Elwood,cafe,Turtle Café,-37.8823497,144.982876
Elwood,cafe,Presse Cafe,-37.8733544,144.9899586
Elwood,cafe,Babble on Babylon,-37.8729891,144.9897735
Elwood,cafe,Tiffany's on Tennyson,-37.8805019,144.9913314
Elwood,cafe,Johnny's Elwood Bodega,-37.8861784,144.9891506
Elwood,cafe,Who is Bunker Spreckels,-37.8859784,144.9883055
Elwood,cafe,Combi,-37.8862143,144.9886886
Elwood,cafe,Lark,-37.88575,144.9879646
Elwood,cafe,Repeat Offender,-37.8874469,144.9913053
Elwood,cafe,Miss Alex & Co,-37.8730744,144.9898227
Elwood,gym,Wild Gypsea Wellness,-37.8877632,144.9839562
Ringwood,supermarket,Coles,-37.8155086,145.2212725
Ringwood,supermarket,ALDI,-37.815856,145.2231415
Ringwood,supermarket,Woolworths,-37.8120412,145.2284585
Ringwood,supermarket,Coles,-37.8117934,145.2299716
Ringwood,supermarket,Soon Lee Asian Grocery,-37.8162069,145.2256617
Ringwood,supermarket,NQR,-37.8175701,145.2239491
Ringwood,supermarket,Om Sevvel Indian Store,-37.8161719,145.2258226
Ringwood,cafe,Car City Cafe,-37.801046,145.2485038
Ringwood,cafe,Little Buddy Cafe,-37.8087476,145.2191354
Ringwood,cafe,BLT Cafe,-37.8244572,145.2201324
Ringwood,cafe,Cafe Soho,-37.8213884,145.2271569
Ringwood,cafe,Bean in the Woods,-37.8157778,145.2224241
Ringwood,cafe,Leaf & Vine,-37.7986137,145.240599
Ringwood,cafe,Boost Juice,-37.8124089,145.2295315
Ringwood,cafe,Caffe Stazione,-37.8148748,145.2290281
Ringwood,cafe,White Mojo,-37.8141303,145.2287896
Ringwood,cafe,Common Room,-37.7861667,145.2552042
Ringwood,cafe,Laurent Bakery Eastland,-37.81333,145.2290876
Ringwood,cafe,Mister Fox,-37.8330678,145.2242449
Ringwood,cafe,lot 7 espresso bar,-37.815282,145.2267822
Ringwood,cafe,Stirr It Up,-37.8127583,145.2344411
Ringwood,cafe,Cheeky Challa,-37.8151736,145.2203021
Ringwood,gym,Goodlife Health Clubs,-37.8146629,145.2292306
Ringwood,gym,Reformation Pilates,-37.8141312,145.2290332
Ringwood,gym,Anytime Fitness,-37.814037,145.2297942
Ringwood,gym,Jetts Fitness,-37.8178338,145.2232861
Ringwood,gym,Phoenix Yoga Studios,-37.8153264,145.2271908
Footscray,supermarket,IGA Friendly Grocer,-37.7911005,144.8899038
Footscray,supermarket,Tân Mỹ,-37.799386,144.8998
Footscray,supermarket,Coles,-37.8013978,144.897529
Footscray,supermarket,KFL Supermarkets,-37.7994862,144.8985563
Footscray,supermarket,Ecopact Groceries,-37.8029415,144.8988455
Footscray,cafe,The Whitehall Cafe,-37.8020343,144.9053523
Footscray,cafe,Central Cafe,-37.792959,144.899093
Footscray,cafe,Vu Bar,-37.793141,144.899436
Footscray,cafe,Scarlett Corner,-37.800281,144.901256
Footscray,cafe,Maples,-37.800755,144.899536
Footscray,cafe,Cafe Lalibella,-37.8021827,144.8980455
Footscray,cafe,Myrtle Cafe,-37.8029913,144.9073392
Footscray,cafe,Footscray Milking Station,-37.8030304,144.9038807
Footscray,cafe,Roadhaven Cafe,-37.8084519,144.9018378
Footscray,cafe,CoCo Fresh Tea & Juice,-37.8000277,144.9008245
Footscray,cafe,Jazeera Cafe,-37.8007888,144.899959
Footscray,cafe,Unnamed cafe,-37.801479,144.8991037
Footscray,cafe,Footscray Royal Cafe,-37.7995281,144.8993329
Footscray,cafe,Da Net Cafe,-37.7994488,144.898145
Footscray,cafe,Ollie's Deli,-37.7994805,144.8992995
Footscray,cafe,Upsize,-37.7992772,144.8965347
Footscray,cafe,Mehretina Cafe,-37.799799,144.8970619
Footscray,cafe,Footscray Shisha,-37.7991709,144.8955412
Footscray,cafe,Cafe Barkly,-37.7992134,144.8937961
Footscray,cafe,The Theatre Society Cafe,-37.7993549,144.8947309
Footscray,cafe,Le Vo,-37.7992167,144.8937478
Footscray,cafe,Josephine,-37.7992787,144.8943653
Footscray,cafe,The Little Rabbit Cafe,-37.7993585,144.8947935
Footscray,cafe,The Morning Rush,-37.8033406,144.8997633
Footscray,cafe,Mason and Eric Cafe,-37.8075474,144.9042924
Footscray,cafe,Counterweight Vinyl & Espresso,-37.8004413,144.899786
Footscray,cafe,Tru Coffee,-37.7999196,144.9098348
Footscray,cafe,Little Bean Shop,-37.7999106,144.9097394
Footscray,cafe,The Local Cafe,-37.7976656,144.9036732
Footscray,gym,The Exercise Room,-37.803324,144.8947601
Footscray,gym,Snap Fitness,-37.8000493,144.8993755
Footscray,gym,Dragon,-37.7989534,144.9009403
Footscray,gym,Anytime Fitness,-37.800852,144.8974742
Footscray,gym,Team Adrenalin,-37.7877741,144.8897883
Footscray,gym,White Dog Studio,-37.8017045,144.9070837
Footscray,gym,Focus Health & Fitness,-37.8099768,144.8993495
Footscray,gym,Fit 24 X 7,-37.7999663,144.9023241
Footscray,library,Unnamed library,-37.7932678,144.9013832
Port Melbourne,supermarket,About Life,-37.84107,144.940275
Port Melbourne,supermarket,Port Melbourne IGA,-37.8418505,144.9395728
Port Melbourne,supermarket,Coles,-37.8386433,144.9417288
Port Melbourne,cafe,Glenda Pho Vietnamese Cuisine,-37.83917,144.9415634
Port Melbourne,cafe,The Port Bake House,-37.8375671,144.9430892
Port Melbourne,cafe,Boost Juice,-37.837463,144.943575
Port Melbourne,cafe,Grey & Bliss,-37.8389787,144.9417695
Port Melbourne,cafe,Chapel Bakery Cafè,-37.8354456,144.9457409
Port Melbourne,cafe,G&S Cafe,-37.8326651,144.923936
Port Melbourne,cafe,Port Xpresso,-37.830267,144.9231635
Port Melbourne,cafe,crème,-37.841945,144.9394719
Port Melbourne,cafe,Punch Bowl,-37.829828,144.93597
Port Melbourne,cafe,Spirit of Thai,-37.8416071,144.938871
Port Melbourne,cafe,Caps Cafe,-37.8397691,144.9154689
Port Melbourne,cafe,Rock Paper Scissors,-37.8421836,144.9398977
Port Melbourne,cafe,Caffe Di Lido,-37.8450082,144.9420751
Port Melbourne,cafe,Pie Face,-37.8309599,144.9187474
Port Melbourne,cafe,Bella Cosi,-37.841865,144.9360718
Port Melbourne,cafe,Sensoray Lab,-37.8219299,144.9264746
Port Melbourne,cafe,Hall St. Cafe,-37.8227748,144.9265493
Port Melbourne,cafe,Unnamed cafe,-37.8235948,144.9256041
Port Melbourne,cafe,Dusty Fox Cafe,-37.8312907,144.9305393
Port Melbourne,cafe,24 Atoms,-37.8253647,144.921733
Port Melbourne,cafe,Black Jack Cafe & Kitchen,-37.8255037,144.9217177
Port Melbourne,gym,KettleFit,-37.8296477,144.9356951
Port Melbourne,gym,F45 Training,-37.8340675,144.9477182
Port Melbourne,library,Port Melbourne Library,-37.835771,144.944496
Maribyrnong,supermarket,Woolworths,-37.7732859,144.8896964
Maribyrnong,supermarket,Coles,-37.7752157,144.8866386
Maribyrnong,cafe,Desserts by Night,-37.7851353,144.8918314
Maribyrnong,cafe,Be.K,-37.7846616,144.8922383
Maribyrnong,cafe,Cafe Boutique,-37.7863248,144.9003008
Maribyrnong,gym,Body Rok,-37.7850788,144.8916384
Seddon,supermarket,Foodworks,-37.8067458,144.8913566
Seddon,cafe,Lola,-37.8067865,144.8917421
Seddon,cafe,Common Galaxia,-37.8041902,144.8920822
Seddon,cafe,The Little Man Cafe,-37.8051987,144.8918816
Seddon,cafe,Miss An'am,-37.8064444,144.890849
Seddon,cafe,Tee & Coffee,-37.8064922,144.8912606
Ringwood East,supermarket,IGA,-37.8120235,145.2516228
Ringwood East,supermarket,Chinland Asian Grocery,-37.812436,145.2499075
Ringwood East,cafe,The Fortunate Son Cafe,-37.8194402,145.2444832
Ringwood East,cafe,Th!nk.cafe.,-37.8120343,145.2512851
Ringwood East,cafe,Cafe Emjay,-37.8124989,145.2496647
Ringwood East,cafe,Oliru Cafe,-37.8123423,145.2502368
Ringwood East,cafe,The Younger Brother,-37.8130203,145.2478351
Ringwood East,cafe,Juliette Coffee & Bread,-37.80165,145.2594508
Ringwood East,cafe,Roxy's Kitchen,-37.8044402,145.2538569
Ringwood East,gym,Tone and Trim Zone,-37.8130772,145.2477101
Yarraville,supermarket,Woolworths Metro,-37.81666,144.8916701
Yarraville,supermarket,IGA,-37.8166274,144.8913811
Yarraville,supermarket,Coles,-37.816873,144.8810662
Yarraville,cafe,Dad & Dave's,-37.8163041,144.8895681
Yarraville,cafe,Alfa Bakehouse,-37.8164954,144.8901059
Yarraville,cafe,Willis & Anderson,-37.8169062,144.8920915
Yarraville,cafe,Woven Cafe,-37.8204915,144.8938036
Yarraville,cafe,Little J Cafe,-37.8163691,144.8889212
Yarraville,cafe,Java Cafe,-37.8160946,144.8908872
Yarraville,cafe,Antpasti Deli Cafe,-37.8171865,144.8818864
Yarraville,cafe,Little Advi,-37.8163361,144.8908907
Yarraville,cafe,Wee Jeanie,-37.8164713,144.8899389
Yarraville,cafe,Chatime,-37.8165455,144.8906586
Yarraville,gym,Hot Bikram Yoga,-37.8162615,144.8979333
Yarraville,gym,Fusion Martial Arts,-37.8210999,144.8962333
Yarraville,gym,Art of Cycling,-37.8207495,144.8937525
Yarraville,gym,Pilates and Yoga Shed,-37.8131566,144.8879125
Yarraville,gym,The Gym Yarraville,-37.8203744,144.8957768
Yarraville,gym,Fernwood,-37.8199146,144.8984966
Spotswood,supermarket,Local Grocer IGA,-37.8296604,144.8858342
Spotswood,supermarket,Woolworths,-37.8318024,144.8831375
Spotswood,cafe,Crème de la Crème,-37.8297009,144.8844213
Spotswood,cafe,Candied Bakery,-37.8346993,144.8853758
Spotswood,cafe,Unnamed cafe,-37.8297346,144.885279
Spotswood,cafe,Unnamed cafe,-37.829633,144.8855713
Spotswood,gym,Body Fit Training,-37.8280915,144.8869416
Spotswood,gym,F45 Training,-37.8282532,144.8868779
Maidstone,cafe,Latin Foods & Wines,-37.7787989,144.8764727
Croydon South,supermarket,IGA,-37.8112725,145.2704883
Croydon South,supermarket,Karen Asian Grocery,-37.8117989,145.2700736
Croydon South,supermarket,Eastfield Natural Foods,-37.811872,145.2700207
Croydon South,cafe,SoulPod Cafe,-37.8119414,145.2699771
Croydon South,cafe,Eastfield Coffee Co.,-37.811758,145.2701015
Newport,cafe,The Pint of Milk,-37.845333,144.8923868
Newport,cafe,Routleys Bakery,-37.8424186,144.8810925
Newport,cafe,Newport 1881,-37.8419772,144.8796803
Newport,cafe,Indi Kitch,-37.8408909,144.8827701
Newport,cafe,Elephant Cafe,-37.8464809,144.8688911
Newport,gym,Yoga Path,-37.843904,144.8843456
Newport,library,Newport Library,-37.8429846,144.8816779
Kingsville,cafe,Somerville Road Seafood & Chippery,-37.812325,144.8799835
Kingsville,cafe,Westerly,-37.8123011,144.8798735
Kingsville,gym,Big 5 Fitness,-37.8121779,144.8795253
West Footscray,supermarket,Bharat Traders,-37.7972367,144.877092
West Footscray,supermarket,Unnamed supermarket,-37.8007293,144.8685916
West Footscray,cafe,Brother Nancy,-37.7930338,144.8728987
West Footscray,library,West Footscray Library,-37.7976543,144.8781317
Williamstown,supermarket,Woolworths,-37.8577633,144.8825866
Williamstown,supermarket,Coles,-37.8576259,144.8974163
Williamstown,cafe,Tick Tok,-37.8628862,144.9033974
Williamstown,cafe,Parade Deli,-37.8585792,144.8981101
Williamstown,cafe,Crowded House,-37.858918,144.8993079
Williamstown,cafe,Scwabs Galley,-37.8630553,144.903892
Williamstown,cafe,Cafe Cirino,-37.8633945,144.9049237
Williamstown,cafe,Hug a Mug Cafe,-37.8636633,144.9057712
Williamstown,cafe,Coffeeism,-37.8577669,144.8820796
Croydon,supermarket,Coles,-37.794199,145.2791738
Croydon,supermarket,Coles,-37.7971249,145.2569815
Croydon,supermarket,Woolworths,-37.8001309,145.2830309
Croydon,supermarket,Rangoon City Mart,-37.7985307,145.2810421
Croydon,supermarket,ALDI,-37.7934467,145.2785468
Croydon,cafe,Rumour Mill,-37.7837204,145.2685623
Croydon,cafe,The Full Pantry,-37.7901276,145.266826
Croydon,cafe,The Scented Garden Cafe,-37.7838197,145.2693292
Croydon,cafe,Miss Lacey Cafe and Wine Bar,-37.7951579,145.2820116
Croydon,cafe,Blackwork,-37.7963072,145.2822679
Croydon,gym,Anytime Fitness,-37.7992807,145.2805145
Croydon,gym,Snap Fitness,-37.7991393,145.2835027
Chirnside Park,gym,RAW Health + Fitness,-37.7670096,145.3058138
Chirnside Park,gym,Fernwood Fitness,-37.7674278,145.3017318
Mulgrave,supermarket,Woolworths,-37.935591,145.1885926
Mulgrave,supermarket,ALDI,-37.9366727,145.1915257
Mulgrave,supermarket,Coles,-37.9357915,145.1905999
Mulgrave,supermarket,IGA,-37.9232123,145.166114
Mulgrave,cafe,Cafe,-37.9385873,145.2131275
Mulgrave,cafe,XS Roasting Kitchen,-37.9089519,145.1588272
Mulgrave,cafe,Pi Café,-37.9174161,145.153981
Mulgrave,cafe,Podium Cafe,-37.9196083,145.1594642
Mulgrave,cafe,Cafe on Miles,-37.9235573,145.1528036
Mulgrave,cafe,Sentosa,-37.9191126,145.1547885
Mulgrave,cafe,The Meating House,-37.9166715,145.1507517
Mulgrave,cafe,Little V Cafe,-37.9159603,145.1513643
Mulgrave,gym,Downward Duck and Co,-37.9229368,145.1525787
Boronia,supermarket,Coles,-37.8612829,145.2875436
Boronia,cafe,Dorset Cafe,-37.8372736,145.287458
Boronia,cafe,Michel's Patisserie,-37.8618987,145.284752
Boronia,cafe,Lunch Shop,-37.845018,145.2870186
Ferntree Gully,cafe,The Food Pantry,-37.8827171,145.2943553
Altona North,supermarket,ALDI,-37.8284837,144.8476986
Altona North,cafe,Pinnacle Cafe,-37.8388549,144.8245671
Altona North,cafe,Pitstop Cafe,-37.8444881,144.8435787
Altona North,cafe,Wolf Cafe and Eatery,-37.8448451,144.8422057
Altona North,cafe,"The General Cafe, Altona North",-37.8347238,144.8398631
Altona North,gym,BFT,-37.8430755,144.8424231
Altona North,gym,Bayfit Leisure Centre,-37.8400742,144.8558253
Altona,cafe,Routleys,-37.8452693,144.7904084
Altona,cafe,Roitleys,-37.8452609,144.7902441
Altona,cafe,Bezirk,-37.8706746,144.8380499
Altona,cafe,The 6th Child,-37.8643243,144.8130099
Altona,cafe,Velvet Bean Altona,-37.8659092,144.8309545
Altona,cafe,Norfolk Cafe,-37.8704744,144.8310457
Altona,gym,Strive Active Altona,-37.8655255,144.8307735
Altona Meadows,supermarket,Coles,-37.8732777,144.7759322
Altona Meadows,supermarket,Aldi,-37.8718502,144.7751035
Taylors Lakes,supermarket,Woolworths,-37.699412,144.7778007
Taylors Lakes,supermarket,ALDI,-37.699312,144.7785142
Taylors Lakes,supermarket,Woolworths,-37.7024047,144.7994466
Taylors Lakes,cafe,Carbone's Cafe,-37.7023517,144.7999365
Taylors Lakes,cafe,Station Street Cafe,-37.7004104,144.7741532
Taylors Lakes,cafe,Boost Juice,-37.6990392,144.7760479
Taylors Lakes,cafe,Ferguson Plarre,-37.6990138,144.7780285
Taylors Lakes,cafe,Calavera,-37.6990844,144.7783786
Taylors Lakes,cafe,Chatime,-37.6990922,144.7758829
Taylors Lakes,gym,Goodlife,-37.7007264,144.7745536
Taylors Lakes,gym,Anytime Fitness,-37.6972067,144.7731441
Taylors Lakes,library,Brimbank Library,-37.7001729,144.7742526
Derrimut,supermarket,Coles,-37.7837126,144.7711213
Derrimut,supermarket,NQR,-37.7847239,144.771428
Derrimut,cafe,Lot 8 Cafe,-37.7909412,144.7728353
Derrimut,cafe,Cafe 162,-37.8048462,144.7638345
Derrimut,cafe,Ozi's Cafe,-37.8103989,144.7550087
Derrimut,cafe,Cafe thyme out s,-37.808997,144.7823606
Laverton North,cafe,Boundary Cafe,-37.8160211,144.8129165
Laverton North,cafe,Cherry's Cafe,-37.8415638,144.7836762
Laverton,supermarket,Foodworks,-37.8528305,144.7754259
Deer Park,supermarket,IGA Deer Park,-37.7777999,144.7559358
Deer Park,supermarket,Coles,-37.7518375,144.7756103
Deer Park,supermarket,Woolworths,-37.7508329,144.7734061
Deer Park,supermarket,Aldi,-37.75006,144.7743439
Deer Park,cafe,Cherry’s Bake Shop & Cafe,-37.7700721,144.7718705
Deer Park,cafe,Deer Park Munchies,-37.7703676,144.7733974
Deer Park,cafe,Chatime,-37.7510316,144.7761017
Deer Park,cafe,Boost Juice,-37.750732,144.7759355
Deer Park,cafe,Pie Face,-37.7697553,144.7752712
Delahey,supermarket,Morgan's IGA,-37.7260976,144.7809164
Burnside,supermarket,Coles,-37.7592178,144.7534185
Taylors Hill,supermarket,Woolworths,-37.7230371,144.7516
Taylors Hill,supermarket,Coles,-37.711603,144.7415653
Taylors Hill,cafe,Caffe Di Famiglia,-37.7233948,144.7517187
Taylors Hill,cafe,Art de Cafe,-37.7112812,144.7417342
Hillside,supermarket,Foodworks,-37.6938639,144.7545298
Hillside,supermarket,Woolworths,-37.6915795,144.7478699
Hillside,cafe,Baked since 95,-37.6863141,144.7387509
Hillside,cafe,Coffee Town,-37.6916477,144.7478589
Ravenhall,cafe,Raven Cafe,-37.7602336,144.7441325
Ravenhall,cafe,Eating Station,-37.7804413,144.7542066
Ravenhall,cafe,Raffies,-37.7661473,144.7366817
Caroline Springs,supermarket,Coles,-37.7323759,144.7425236
Caroline Springs,supermarket,ALDI,-37.7315698,144.7427972
Caroline Springs,supermarket,Woolworths,-37.7301438,144.7430619
Patterson Lakes,supermarket,Coles,-38.0686223,145.144883
Williams Landing,supermarket,Woolworths,-37.867388,144.7424967
Point Cook,supermarket,Coles,-37.8952497,144.7530363
Point Cook,supermarket,ALDI,-37.8825998,144.7360131
Point Cook,supermarket,Coles,-37.8825051,144.7346373
Point Cook,supermarket,ALDI,-37.8952997,144.7522522
Point Cook,supermarket,Big Bazaar,-37.892723,144.728699
Point Cook,supermarket,Woolworths,-37.8843527,144.7344038
Point Cook,supermarket,Woolworths,-37.8979027,144.7267297
Point Cook,supermarket,IGA,-37.9112167,144.7714232
Point Cook,supermarket,IGA Point Cook,-37.8990016,144.7398241
Point Cook,cafe,Unnamed cafe,-37.9250702,144.7928382
Point Cook,cafe,Michels,-37.8841043,144.7350277
Point Cook,cafe,Unnamed cafe,-37.8834293,144.7362888
Point Cook,cafe,Babycino on Main,-37.8839066,144.7353957
Point Cook,cafe,Muffin Break,-37.8955548,144.7515986
Point Cook,cafe,Oh Happy Day,-37.9114397,144.7716835
Point Cook,cafe,The Coffee Club,-37.8830619,144.7356343
Hoppers Crossing,cafe,Drive Thru Coffee,-37.8767474,144.7124085
Hoppers Crossing,cafe,Morris + Heath,-37.8811949,144.7036873
Hoppers Crossing,cafe,Little Sparrow,-37.8761135,144.6803421
Hoppers Crossing,cafe,Jock & Mack,-37.8825301,144.6999846
Tarneit,supermarket,Coles,-37.849012,144.7037194
Tarneit,supermarket,ALDI,-37.8490479,144.7053019
Tarneit,supermarket,Woolworths,-37.8400099,144.6738163
Tarneit,supermarket,Coles,-37.8596976,144.6665023
Tarneit,supermarket,Aldi,-37.8373664,144.6922719
Tarneit,supermarket,Coles,-37.837283,144.6912622
Tarneit,supermarket,Coles,-37.8339607,144.6510554
Truganina,supermarket,Coles,-37.820201,144.7210078
Truganina,cafe,Pie Face,-37.8385966,144.7301892
Truganina,cafe,Unnamed cafe,-37.8536586,144.7453556
Werribee South,cafe,Meercat Bistro,-37.9221367,144.6671848
Werribee South,cafe,By The Bay Cafe & Bar,-37.9657187,144.7068709
Werribee South,cafe,Waterhole Cafe,-37.9184508,144.6713725
Mount Eliza,supermarket,Woolworths,-38.1838062,145.0898802
Mount Eliza,supermarket,Ritchies,-38.1851366,145.0898437
Mount Eliza,cafe,To you from me,-38.1853408,145.0895743
Mount Eliza,cafe,Unnamed cafe,-38.2138833,145.1076029
Mount Eliza,cafe,Velos Mazeh Musette Coffee,-38.1829653,145.0899812
Mount Eliza,cafe,The Sandbar Cafe,-38.1847467,145.0889364
Mount Eliza,cafe,Shop Ate Cafe & Store,-38.1845555,145.0893977
Mount Eliza,cafe,The Corner Pantry Cafe,-38.2047063,145.0990992
Mount Eliza,cafe,AD HOC,-38.1832548,145.0893662
Mount Eliza,cafe,Soul Press,-38.1841323,145.0882376
Mount Eliza,cafe,Cafe on the Corner,-38.1839741,145.0885566
Mount Eliza,cafe,Pops Cafe,-38.1840322,145.0884095
Mount Eliza,cafe,Bottega,-38.1936223,145.1229849
Mount Eliza,cafe,Katie's Koffee and Cake,-38.1847574,145.0896637
Mount Eliza,gym,Fitness On The Way,-38.1832237,145.0913949
Mount Eliza,gym,Inspired By Pilates,-38.1832862,145.0912672
Mount Eliza,gym,W Method Pilates,-38.1826411,145.0902346
Moorooduc,cafe,Master Jack Cafe,-38.2146509,145.1097307
Manor Lakes,library,Wyndham Library Service - Manor Lakes Branch,-37.8760312,144.6051439
Aintree,supermarket,Coles,-37.7227961,144.6701494
Aintree,gym,Anytime Fitness,-37.7219895,144.6705117
Fraser Rise,supermarket,IGA,-37.7125819,144.7260158
Fraser Rise,cafe,Bella Vista Café,-37.7122116,144.7261383
Weir Views,supermarket,Woolworths,-37.7221703,144.5708161
