sa2_code,sa2_name,total_pop,pct_youth_18_34,median_age,median_weekly_income,median_weekly_rent,pct_students,rent_to_income_ratio
101021007,Braidwood,4343.0,0.1130554915956712,51.0,760.0,330.0,0.1549053356282272,0.4342105263157895
101021008,Karabar,8517.0,0.2089937771515791,38.0,975.0,350.0,0.2079610073111291,0.358974358974359
101021009,Queanbeyan,11342.0,0.2695291835655087,37.0,996.0,330.0,0.297752808988764,0.3313253012048193
101021010,Queanbeyan - East,5085.0,0.2823992133726647,36.0,1104.0,310.0,0.3166051660516605,0.2807971014492754
101021012,Queanbeyan West - Jerrabomberra,12744.0,0.1745919648462021,37.0,1357.0,430.0,0.2414974308783949,0.3168754605747974
101021610,Googong,6224.0,0.2453406169665809,31.0,1629.0,531.0,0.2025800286669851,0.3259668508287293
101021611,Queanbeyan Surrounds,16539.0,0.1477719330068323,42.0,1243.0,465.0,0.2004754358161648,0.3740949316170555
101031013,Bombala,2454.0,0.1377343113284433,49.0,704.0,200.0,0.1083086053412463,0.2840909090909091
101031014,Cooma,6761.0,0.1754178375979884,44.0,771.0,290.0,0.1747925311203319,0.3761348897535668
101031015,Cooma Surrounds,3472.0,0.1212557603686635,50.0,794.0,290.0,0.1189245087900724,0.3652392947103274
101031016,Jindabyne - Berridale,8035.0,0.2339763534536403,38.0,912.0,380.0,0.2006472491909385,0.4166666666666667
101041017,Batemans Bay,8581.0,0.1256263838713436,51.0,596.0,330.0,0.1449411764705882,0.5536912751677853
101041018,Batemans Bay - South,8938.0,0.1126650257328261,54.0,638.0,350.0,0.1487130600571973,0.54858934169279
101041019,Bega - Tathra,8872.0,0.1383002705139765,46.0,704.0,320.0,0.1511201629327902,0.4545454545454545
101041020,Bega-Eden Hinterland,9557.0,0.1169823166265564,51.0,603.0,265.0,0.1380155165373622,0.439469320066335
101041021,Broulee - Tomakin,3792.0,0.1094409282700421,52.0,738.0,360.0,0.1733193277310924,0.4878048780487805
101041022,Deua - Wadbilliga,43.0,0.0,59.0,462.0,0.0,0.625,0.0
101041023,Eden,3425.0,0.112992700729927,53.0,573.0,270.0,0.1167964404894327,0.4712041884816754
101041024,Eurobodalla Hinterland,3525.0,0.1160283687943262,53.0,639.0,300.0,0.1368186874304783,0.4694835680751174
101041025,Merimbula - Tura Beach,11513.0,0.1183879093198992,54.0,679.0,340.0,0.1610870421425758,0.5007363770250368
101041026,Moruya - Tuross Head,8600.0,0.1080232558139534,56.0,612.0,310.0,0.1385948026948989,0.5065359477124183
101041027,Narooma - Bermagui,9888.0,0.0932443365695792,59.0,579.0,290.0,0.1238051888939462,0.5008635578583766
101051539,Goulburn,24565.0,0.1957256258904946,40.0,749.0,320.0,0.1789872352363585,0.4272363150867824
101051540,Goulburn Surrounds,13839.0,0.1254425897824987,48.0,735.0,300.0,0.1451824625886059,0.4081632653061224
101051540,Goulburn Surrounds,13839.0,0.1254425897824987,48.0,735.0,300.0,0.1451824625886059,0.4081632653061224
101061541,Yass,6763.0,0.1589531273103652,42.0,867.0,340.0,0.1755567063697566,0.392156862745098
101061542,Yass Surrounds,12713.0,0.1267206796192873,43.0,1129.0,400.0,0.1916480238627889,0.354295837023915
101061542,Yass Surrounds,12713.0,0.1267206796192873,43.0,1129.0,400.0,0.1916480238627889,0.354295837023915
101061543,Young,11004.0,0.1547619047619047,42.0,661.0,250.0,0.1300251256281407,0.37821482602118
101061544,Young Surrounds,7677.0,0.1366419174156571,49.0,646.0,220.0,0.1238140417457305,0.3405572755417956
102011028,Avoca Beach - Copacabana,7513.0,0.1193930520431252,43.0,915.0,520.0,0.2207468879668049,0.5683060109289617
102011029,Box Head - MacMasters Beach,11042.0,0.1093099076254301,49.0,780.0,450.0,0.204252352736145,0.5769230769230769
102011030,Calga - Kulnura,4716.0,0.14715860899067,48.0,780.0,350.0,0.1934996220710506,0.4487179487179487
102011031,Erina - Green Point,14758.0,0.1155983195554953,50.0,692.0,410.0,0.1956420955030134,0.5924855491329479
102011032,Gosford - Springfield,21204.0,0.2357102433503112,39.0,796.0,390.0,0.2874424944624297,0.4899497487437186
102011033,Kariong,6485.0,0.1787201233616037,36.0,850.0,450.0,0.2071770334928229,0.5294117647058824
102011034,Kincumber - Picketts Valley,7615.0,0.1377544320420223,47.0,691.0,400.0,0.1985748218527316,0.5788712011577424
102011035,Narara,7157.0,0.1711611010199804,39.0,814.0,420.0,0.2108317214700193,0.515970515970516
102011036,Niagara Park - Lisarow,8205.0,0.1622181596587446,40.0,798.0,425.0,0.2145135566188197,0.5325814536340853
102011037,Point Clare - Koolewong,6571.0,0.1349870643737635,46.0,765.0,400.0,0.2369007803790412,0.5228758169934641
102011038,Saratoga - Davistown,7160.0,0.1391061452513966,45.0,783.0,460.0,0.1987860394537177,0.5874840357598978
102011039,Terrigal - North Avoca,14849.0,0.1497070509798639,43.0,933.0,520.0,0.2277404921700223,0.5573419078242229
102011040,Umina - Booker Bay - Patonga,24697.0,0.1354820423533222,47.0,678.0,400.0,0.1772486772486772,0.5899705014749262
102011041,Wamberal - Forresters Beach,10675.0,0.1382669789227166,42.0,897.0,500.0,0.2150089338892197,0.5574136008918618
102011042,Woy Woy - Blackwall,14346.0,0.1538407918583577,47.0,642.0,380.0,0.199490662139219,0.5919003115264797
102011043,Wyoming,11423.0,0.1744725553707432,41.0,697.0,400.0,0.2078787878787878,0.5738880918220947
102021044,Bateau Bay - Killarney Vale,22825.0,0.167842278203724,41.0,719.0,400.0,0.1710468360005873,0.5563282336578581
102021045,Blue Haven - San Remo,11290.0,0.220726306465899,34.0,691.0,400.0,0.1707751707751707,0.5788712011577424
102021046,Budgewoi - Buff Point - Halekulani,9728.0,0.1641652960526315,45.0,639.0,360.0,0.1803723816912335,0.5633802816901409
102021047,Chittaway Bay - Tumbi Umbi,16006.0,0.1792452830188679,40.0,787.0,425.0,0.2042669087607807,0.5400254129606099
102021048,Gorokan - Kanwal - Charmhaven,22362.0,0.1845988730882747,42.0,625.0,360.0,0.1781910666030837,0.576
102021049,Jilliby - Yarramalong,3420.0,0.137719298245614,44.0,861.0,440.0,0.229951690821256,0.5110336817653891
102021050,Lake Munmorah - Mannering Park,10960.0,0.1372262773722627,52.0,594.0,380.0,0.1703531237873496,0.6397306397306397
102021051,Ourimbah - Fountaindale,4928.0,0.1773538961038961,40.0,835.0,400.0,0.2509986684420772,0.4790419161676646
102021052,Summerland Point - Gwandalan,6492.0,0.1555760936537276,45.0,669.0,395.0,0.1721262656343061,0.5904334828101644
102021053,The Entrance,15839.0,0.1587221415493402,48.0,662.0,365.0,0.1983743967487935,0.5513595166163142
102021054,Toukley - Norah Head,9909.0,0.158340902210112,47.0,639.0,350.0,0.1838440111420612,0.5477308294209703
102021055,Tuggerah - Kangy Angy,5229.0,0.1912411550965767,38.0,784.0,425.0,0.2210460772104607,0.5420918367346939
102021056,Warnervale - Wadalba,20051.0,0.1812877163233754,35.0,790.0,495.0,0.1748466257668711,0.6265822784810127
102021057,Wyong,9120.0,0.1889254385964912,40.0,624.0,360.0,0.1976313841598815,0.5769230769230769
103011059,Bathurst - East,12330.0,0.1780210867802108,36.0,799.0,360.0,0.1724987678659438,0.4505632040050062
103011060,Bathurst Surrounds,6909.0,0.1237516283108988,47.0,824.0,273.0,0.1347619047619047,0.3313106796116505
103011060,Bathurst Surrounds,6909.0,0.1237516283108988,47.0,824.0,273.0,0.1347619047619047,0.3313106796116505
103011061,Oberon,4834.0,0.1470831609433181,48.0,735.0,280.0,0.1065128900949796,0.3809523809523809
103011612,Bathurst - South,10752.0,0.2690662202380952,39.0,704.0,295.0,0.2805327288183621,0.4190340909090909
103011613,Bathurst - West,14313.0,0.1884999650667225,37.0,875.0,350.0,0.1888988361683079,0.4
103021062,Condobolin,6372.0,0.1580351537978656,41.0,645.0,180.0,0.0954011741682974,0.2790697674418604
103021062,Condobolin,6372.0,0.1580351537978656,41.0,645.0,180.0,0.0954011741682974,0.2790697674418604
103021063,Cowra,9273.0,0.1598188288579747,45.0,607.0,230.0,0.1315057608263806,0.3789126853377265
103021064,Cowra Surrounds,5716.0,0.1296361091672498,50.0,601.0,210.0,0.1106894370651486,0.3494176372712146
103021065,Forbes,10020.0,0.1578842315369261,43.0,714.0,230.0,0.125945412693193,0.3221288515406162
103021066,Grenfell,3597.0,0.1137058659994439,52.0,575.0,198.0,0.1308108108108108,0.3443478260869565
103021067,Parkes (NSW),10919.0,0.180144701895778,39.0,728.0,260.0,0.1397268974277548,0.3571428571428571
103021068,Parkes Surrounds,3262.0,0.1299816063764561,45.0,623.0,180.0,0.0938123752495009,0.2889245585874799
103021069,West Wyalong,5525.0,0.149683257918552,43.0,730.0,200.0,0.1195046439628483,0.273972602739726
103031070,Lithgow,12385.0,0.1691562373839321,46.0,610.0,270.0,0.1531952144733002,0.4426229508196721
103031071,Lithgow Surrounds,8448.0,0.1418087121212121,47.0,671.0,270.0,0.1487179487179487,0.4023845007451564
103031071,Lithgow Surrounds,8448.0,0.1418087121212121,47.0,671.0,270.0,0.1487179487179487,0.4023845007451564
103031072,Mudgee,12563.0,0.1932659396640929,37.0,786.0,363.0,0.1690528634361233,0.4618320610687023
103031073,Mudgee Surrounds - East,3398.0,0.0997645673925838,53.0,494.0,230.0,0.1294247787610619,0.4655870445344129
103031073,Mudgee Surrounds - East,3398.0,0.0997645673925838,53.0,494.0,230.0,0.1294247787610619,0.4655870445344129
103031074,Mudgee Surrounds - West,11072.0,0.1301481213872832,45.0,664.0,280.0,0.1175953079178885,0.4216867469879518
103031074,Mudgee Surrounds - West,11072.0,0.1301481213872832,45.0,664.0,280.0,0.1175953079178885,0.4216867469879518
103031075,Wollangambe - Wollemi,,,,,,,
103031075,Wollangambe - Wollemi,,,,,,,
103041076,Blayney,7517.0,0.1476652920047891,43.0,765.0,270.0,0.1516878562034195,0.3529411764705882
103041077,Orange,19023.0,0.1856699784471429,40.0,742.0,300.0,0.1810714285714285,0.4043126684636118
103041078,Orange - North,22895.0,0.1987770255514304,34.0,930.0,375.0,0.2004516471838469,0.4032258064516129
103041079,Orange Surrounds,11830.0,0.1293322062552832,43.0,855.0,260.0,0.141970310391363,0.3040935672514619
104011080,Grafton,19255.0,0.1674889639054791,43.0,607.0,300.0,0.1509050609530846,0.4942339373970346
104011081,Grafton Surrounds,16875.0,0.1434074074074074,49.0,552.0,300.0,0.0997684291779235,0.5434782608695652
104011082,Maclean - Yamba - Iluka,17533.0,0.106713055381281,55.0,571.0,360.0,0.1428571428571428,0.6304728546409807
104021083,Bellingen,6168.0,0.1076523994811932,46.0,647.0,370.0,0.164039408866995,0.5718701700154559
104021084,Coffs Harbour - North,18099.0,0.1690148626995966,42.0,655.0,355.0,0.2042705971277399,0.5419847328244275
104021085,Coffs Harbour - South,11305.0,0.1712516585581601,45.0,648.0,360.0,0.2091521617069062,0.5555555555555556
104021086,Coramba - Nana Glen - Bucca,3950.0,0.1427848101265822,44.0,723.0,365.0,0.1611535199321458,0.5048409405255878
104021087,Dorrigo,3250.0,0.1172307692307692,54.0,532.0,280.0,0.1197097944377267,0.5263157894736842
104021088,Korora - Emerald Beach,10262.0,0.1294094718378483,43.0,848.0,458.0,0.1674084217733653,0.5400943396226415
104021089,Sawtell - Boambee,20066.0,0.1458187979667098,45.0,683.0,370.0,0.1704565801253357,0.541727672035139
104021090,Urunga,4907.0,0.1118809863460362,53.0,603.0,350.0,0.1647540983606557,0.5804311774461028
104021091,Woolgoolga - Arrawarra,14463.0,0.1704349028555624,43.0,674.0,380.0,0.1752386002120891,0.5637982195845698
105011092,Bourke - Brewarrina,3428.0,0.2012835472578763,36.0,770.0,160.0,0.0884462151394422,0.2077922077922078
105011093,Cobar,4129.0,0.2010171954468394,37.0,880.0,190.0,0.1127659574468085,0.2159090909090909
105011094,Coonamble,3926.0,0.1747325522159959,38.0,675.0,190.0,0.0886581469648562,0.2814814814814815
105011095,Nyngan - Warren,4591.0,0.1707688956654323,44.0,750.0,200.0,0.1317663817663817,0.2666666666666666
105011096,Walgett - Lightning Ridge,5534.0,0.1629924105529454,44.0,547.0,179.0,0.0522456461961503,0.3272394881170018
105021097,Broken Hill,17588.0,0.1750056856947919,44.0,647.0,220.0,0.1536426536426536,0.3400309119010819
105021098,Far West,2288.0,0.1691433566433566,43.0,583.0,150.0,0.0592105263157894,0.2572898799313893
105031099,Coonabarabran,7921.0,0.1277616462567857,50.0,557.0,200.0,0.0909090909090909,0.3590664272890485
105031100,Dubbo - East,10633.0,0.2104768174550926,35.0,850.0,295.0,0.1485581124381008,0.3470588235294117
105031101,Dubbo - South,19628.0,0.2313022213164866,35.0,896.0,320.0,0.1749875601260574,0.3571428571428571
105031102,Dubbo - West,10317.0,0.2166327420761849,34.0,850.0,320.0,0.1386168002374591,0.3764705882352941
105031103,Dubbo Surrounds,5963.0,0.1318128458829448,42.0,863.0,265.0,0.1113412739513205,0.3070683661645423
105031104,Gilgandra,4398.0,0.1407457935425193,46.0,633.0,200.0,0.0799695354150799,0.315955766192733
105031105,Narromine,6458.0,0.1594921028182099,41.0,722.0,240.0,0.0808957952468007,0.3324099722991689
105031106,Wellington,8769.0,0.1874786178583647,41.0,617.0,230.0,0.0900984009840098,0.3727714748784441
106011107,Branxton - Greta - Pokolbin,12770.0,0.1963194988253719,36.0,897.0,400.0,0.1867088607594936,0.4459308807134894
106011108,Cessnock,23495.0,0.2024260480953394,39.0,611.0,320.0,0.1388303477344573,0.5237315875613748
106011109,Cessnock Surrounds,9145.0,0.1509021323127392,42.0,728.0,360.0,0.1640108822386319,0.4945054945054945
106011110,Dungog,9541.0,0.1318520071271355,46.0,710.0,300.0,0.1614349775784753,0.4225352112676056
106011111,Kurri Kurri - Abermain,20631.0,0.2231108526004556,35.0,699.0,345.0,0.1765614275909403,0.4935622317596566
106011112,Singleton,17018.0,0.2177106593019156,34.0,823.0,330.0,0.1696182605273514,0.4009720534629404
106011113,Singleton Surrounds,5332.0,0.1434733683420855,42.0,778.0,360.0,0.1260709914320685,0.4627249357326478
106021114,Maitland,8611.0,0.2372546742538613,34.0,829.0,390.0,0.2189922480620155,0.4704463208685163
106021116,Maitland - North,8727.0,0.1449524464306176,38.0,921.0,420.0,0.2041334300217549,0.4560260586319218
106021614,East Maitland - Metford,17981.0,0.1902563817362771,39.0,763.0,350.0,0.2216388524282767,0.4587155963302752
106021615,Rutherford (North) - Aberglasslyn,17730.0,0.2017484489565708,35.0,788.0,400.0,0.1887718023255813,0.5076142131979695
106021616,Rutherford (South) - Telarah,7976.0,0.2375877632898696,34.0,724.0,330.0,0.2119037568594343,0.4558011049723757
106021617,Tenambit - East Maitland,10091.0,0.1807551283321772,41.0,742.0,360.0,0.2211184694628403,0.4851752021563342
106021618,Thornton - Millers Forest,15899.0,0.2378765960123278,33.0,941.0,420.0,0.2282208588957055,0.4463336875664187
106031119,Anna Bay,6449.0,0.1135059699178167,52.0,627.0,400.0,0.1889862327909887,0.6379585326953748
106031120,Lemon Tree Passage - Tanilba Bay,6887.0,0.1351822273849281,50.0,562.0,365.0,0.1570048309178744,0.6494661921708185
106031121,Nelson Bay Peninsula,21972.0,0.1107773529947205,55.0,648.0,390.0,0.1800706159278148,0.6018518518518519
106031122,Raymond Terrace,14588.0,0.1900191938579654,38.0,650.0,320.0,0.1532727696249708,0.4923076923076923
106031123,Seaham - Woodville,5693.0,0.1384155981029334,42.0,876.0,380.0,0.2111436950146627,0.4337899543378995
106031124,Tea Gardens - Hawks Nest,5804.0,0.0644383184011026,65.0,552.0,350.0,0.1344032096288866,0.6340579710144928
106031125,Williamtown - Medowie - Karuah,15020.0,0.1581890812250332,40.0,752.0,400.0,0.1852842809364548,0.5319148936170213
106041126,Muswellbrook,12272.0,0.2082790091264667,35.0,759.0,310.0,0.1337659096580983,0.4084321475625823
106041127,Muswellbrook Surrounds,4083.0,0.1540533921136419,42.0,800.0,280.0,0.1589018302828619,0.35
106041128,Scone,6035.0,0.1819386909693454,39.0,805.0,290.0,0.148972602739726,0.3602484472049689
106041129,Scone Surrounds,8194.0,0.1509641200878691,44.0,706.0,250.0,0.131521262604121,0.3541076487252124
107011131,Dapto - Avondale,24195.0,0.1829716883653647,41.0,670.0,390.0,0.2039179392256671,0.582089552238806
107011132,Horsley - Kembla Grange,12155.0,0.1980255039078568,34.0,893.0,500.0,0.1960835509138381,0.5599104143337066
107011133,Port Kembla Industrial,,,,,,,
107011134,Unanderra - Mount Kembla,15280.0,0.1776178010471204,41.0,763.0,355.0,0.2371038630580615,0.4652686762778505
107011545,Berkeley - Lake Heights - Cringila,14200.0,0.1945070422535211,39.0,560.0,350.0,0.1885488647581441,0.625
107011546,Port Kembla - Warrawong,9740.0,0.187782340862423,42.0,551.0,300.0,0.1820560747663551,0.5444646098003629
107011547,Windang - Primbee,4239.0,0.1363529134229771,51.0,609.0,345.0,0.172106824925816,0.5665024630541872
107011547,Windang - Primbee,4239.0,0.1363529134229771,51.0,609.0,345.0,0.172106824925816,0.5665024630541872
107021135,Illawarra Catchment Reserve,,,,,,,
107021135,Illawarra Catchment Reserve,,,,,,,
107031136,Albion Park - Macquarie Pass,19026.0,0.220697992221171,34.0,869.0,480.0,0.2004189944134078,0.5523590333716916
107031137,Albion Park Rail,6920.0,0.1991329479768786,41.0,636.0,390.0,0.2002230897936419,0.6132075471698113
107031138,Kiama,8786.0,0.1288413384930571,51.0,794.0,480.0,0.2177383592017738,0.6045340050377834
107031139,Kiama Downs - Minnamurra,6063.0,0.127824509318819,44.0,867.0,490.0,0.2,0.5651672433679354
107031140,Kiama Hinterland - Gerringong,8136.0,0.1281956735496558,48.0,836.0,500.0,0.2237084870848708,0.5980861244019139
107031141,Shellharbour - Flinders,19341.0,0.1599710459645313,39.0,841.0,510.0,0.2038932706830005,0.6064209274673008
107031142,Shellharbour - Oak Flats,10590.0,0.1841359773371104,43.0,692.0,425.0,0.2209344440420137,0.6141618497109826
107031143,Warilla,20397.0,0.1746825513555915,43.0,587.0,350.0,0.1670278078728783,0.596252129471891
107041144,Balgownie - Fairy Meadow,21519.0,0.201821645987267,40.0,728.0,380.0,0.3301844354475933,0.521978021978022
107041145,Corrimal - Tarrawanna - Bellambi,16041.0,0.1958730752446855,41.0,737.0,330.0,0.248165443629086,0.4477611940298507
107041146,Figtree - Keiraville,22773.0,0.2123128265928951,36.0,746.0,410.0,0.3701637355973317,0.5495978552278821
107041147,Helensburgh,9135.0,0.1668308702791461,39.0,1005.0,530.0,0.2209094163981382,0.527363184079602
107041147,Helensburgh,9135.0,0.1668308702791461,39.0,1005.0,530.0,0.2209094163981382,0.527363184079602
107041147,Helensburgh,9135.0,0.1668308702791461,39.0,1005.0,530.0,0.2209094163981382,0.527363184079602
107041148,Thirroul - Austinmer - Coalcliff,11957.0,0.1370745170193192,43.0,1014.0,550.0,0.2475301866081229,0.5424063116370809
107041150,Woonona - Bulli - Russell Vale,20761.0,0.1433456962574057,41.0,843.0,390.0,0.221480676703399,0.4626334519572954
107041548,Wollongong - East,16020.0,0.3655430711610486,36.0,892.0,410.0,0.535275375512062,0.4596412556053811
107041549,Wollongong - West,16551.0,0.3115823817292006,34.0,755.0,380.0,0.4170069234865968,0.5033112582781457
108011151,Bulahdelah - Stroud,5235.0,0.1178605539637058,51.0,577.0,300.0,0.1280276816608996,0.5199306759098787
108011152,Forster,14709.0,0.1040179481949826,57.0,582.0,340.0,0.1330396475770925,0.584192439862543
108011153,Forster-Tuncurry Surrounds,6988.0,0.096021751574127,53.0,572.0,350.0,0.1182432432432432,0.6118881118881119
108011154,Tuncurry,6376.0,0.1027289836888331,62.0,499.0,310.0,0.1364724660814046,0.6212424849699398
108021155,Kempsey,15654.0,0.1754823048422128,42.0,542.0,285.0,0.108479755538579,0.525830258302583
108021156,Kempsey Surrounds,9472.0,0.1233108108108108,51.0,570.0,300.0,0.1245941558441558,0.5263157894736842
108021156,Kempsey Surrounds,9472.0,0.1233108108108108,51.0,570.0,300.0,0.1245941558441558,0.5263157894736842
108021157,Macksville - Scotts Head,5189.0,0.1258431296974368,50.0,525.0,330.0,0.1438253012048193,0.6285714285714286
108021158,Nambucca Heads,7111.0,0.1077204331317676,56.0,501.0,285.0,0.13441483198146,0.5688622754491018
108021159,Nambucca Heads Surrounds,8102.0,0.1183658355961491,50.0,554.0,300.0,0.1383675250982103,0.5415162454873647
108021160,South West Rocks,5628.0,0.1067874911158493,58.0,537.0,330.0,0.1369150779896014,0.6145251396648045
108031161,Lord Howe Island,445.0,0.1573033707865168,46.0,961.0,310.0,0.0927835051546391,0.3225806451612903
108041162,Laurieton - Bonny Hills,18484.0,0.0882925773642068,58.0,573.0,354.0,0.1760581016779364,0.6178010471204188
108041164,Port Macquarie - West,21147.0,0.1720338582304818,47.0,644.0,385.0,0.2445429740791268,0.5978260869565217
108041165,Port Macquarie Surrounds,5301.0,0.1186568571967553,50.0,632.0,300.0,0.151074151074151,0.4746835443037974
108041165,Port Macquarie Surrounds,5301.0,0.1186568571967553,50.0,632.0,300.0,0.151074151074151,0.4746835443037974
108041166,Wauchope,12796.0,0.1484839012191309,43.0,653.0,360.0,0.1680470211060646,0.5513016845329249
108041619,Port Macquarie - East,11764.0,0.1523291397483849,46.0,761.0,350.0,0.2507608034083993,0.4599211563731931
108041620,Port Macquarie - South,17284.0,0.1113746817866234,49.0,691.0,420.0,0.1806480248557478,0.6078147612156295
108051167,Gloucester,5310.0,0.0969868173258003,55.0,564.0,275.0,0.1341085271317829,0.4875886524822695
108051168,Old Bar - Manning Point - Red Head,12476.0,0.1032382173773645,53.0,634.0,360.0,0.150606253988513,0.5678233438485805
108051169,Taree,21123.0,0.155280973346589,46.0,559.0,290.0,0.1399966346962813,0.518783542039356
108051170,Taree Surrounds,13044.0,0.1008126341613002,56.0,524.0,310.0,0.1375553285665645,0.5916030534351145
108051170,Taree Surrounds,13044.0,0.1008126341613002,56.0,524.0,310.0,0.1375553285665645,0.5916030534351145
108051171,Wingham,5395.0,0.1484708063021316,47.0,577.0,306.0,0.1312154696132596,0.5303292894280762
109011172,Albury - East,17831.0,0.2016712467051764,36.0,894.0,320.0,0.2292279411764705,0.3579418344519016
109011173,Albury - North,10527.0,0.1954022988505747,39.0,724.0,268.0,0.1879961892664338,0.3701657458563536
109011174,Albury - South,10519.0,0.1740659758532179,45.0,857.0,250.0,0.2215504978662873,0.2917152858809801
109011175,Albury Surrounds,12507.0,0.1188934196849764,44.0,755.0,222.0,0.1228781352926273,0.2940397350993377
109011175,Albury Surrounds,12507.0,0.1188934196849764,44.0,755.0,222.0,0.1228781352926273,0.2940397350993377
109011176,Lavington,15665.0,0.2014044047239068,40.0,647.0,250.0,0.2028175313059034,0.3863987635239567
109021177,Hay,2897.0,0.1660338280980324,48.0,701.0,175.0,0.1027479091995221,0.2496433666191155
109021178,Wentworth - Buronga,6511.0,0.1561972047304561,43.0,708.0,200.0,0.1047018904507998,0.2824858757062147
109021179,Wentworth-Balranald Region,3648.0,0.1732456140350877,43.0,746.0,200.0,0.0743871513102282,0.2680965147453083
109021179,Wentworth-Balranald Region,3648.0,0.1732456140350877,43.0,746.0,200.0,0.0743871513102282,0.2680965147453083
109031180,Corowa,5595.0,0.1290437890974084,52.0,634.0,230.0,0.1460142067876874,0.3627760252365931
109031181,Corowa Surrounds,7262.0,0.1282015973561002,50.0,662.0,265.0,0.1168898043254376,0.4003021148036254
109031182,Deniliquin,7038.0,0.1518897414038079,47.0,688.0,230.0,0.1391437308868501,0.3343023255813953
109031183,Deniliquin Surrounds,6837.0,0.127248793330408,49.0,638.0,170.0,0.0983350676378772,0.2664576802507837
109031184,Moama,6930.0,0.1239538239538239,49.0,687.0,322.0,0.1114237478897017,0.4687045123726346
109031185,Tocumwal - Finley - Jerilderie,9778.0,0.1225199427285743,52.0,631.0,200.0,0.1164794007490636,0.3169572107765451
110011186,Armidale,23967.0,0.2237242875620645,36.0,730.0,290.0,0.3005805674224997,0.3972602739726027
110011187,Armidale Surrounds - North,4527.0,0.1426993593991606,44.0,672.0,250.0,0.1167108753315649,0.3720238095238095
110011188,Armidale Surrounds - South,5894.0,0.1296233457753647,47.0,716.0,250.0,0.1742468989958653,0.3491620111731843
110011189,Walcha,3144.0,0.1307251908396946,50.0,683.0,200.0,0.1025641025641025,0.2928257686676427
110021190,Glen Innes,8931.0,0.1348113313178815,50.0,528.0,220.0,0.1190568225744105,0.4166666666666667
110021191,Inverell,12057.0,0.1755826490835199,41.0,666.0,270.0,0.1202902595590287,0.4054054054054054
110021192,Inverell Surrounds - East,5200.0,0.1378846153846153,47.0,490.0,200.0,0.09765625,0.4081632653061224
110021193,Inverell Surrounds - West,5734.0,0.1093477502615974,50.0,533.0,210.0,0.0952955367913148,0.3939962476547842
110021194,Tenterfield,6810.0,0.1060205580029368,55.0,490.0,240.0,0.1207196749854904,0.4897959183673469
110021194,Tenterfield,6810.0,0.1060205580029368,55.0,490.0,240.0,0.1207196749854904,0.4897959183673469
110031195,Moree,7845.0,0.2026768642447418,38.0,828.0,230.0,0.0878734622144112,0.2777777777777778
110031196,Moree Surrounds,5356.0,0.183345780433159,39.0,820.0,175.0,0.0747377622377622,0.2134146341463414
110031197,Narrabri,6898.0,0.1913598144389678,39.0,820.0,260.0,0.1360774818401937,0.3170731707317073
110031198,Narrabri Surrounds,4616.0,0.1583622183708838,42.0,727.0,200.0,0.104,0.2751031636863824
110041199,Gunnedah,9745.0,0.1982555156490508,36.0,788.0,300.0,0.1336123631680618,0.3807106598984771
110041200,Gunnedah Surrounds,4369.0,0.1675440604257267,41.0,739.0,275.0,0.1146822498173849,0.3721244925575101
110041201,Quirindi,7551.0,0.1368030724407363,47.0,620.0,230.0,0.1034635879218472,0.3709677419354839
110041202,Tamworth - East,21360.0,0.1943820224719101,38.0,766.0,300.0,0.1563533301842229,0.391644908616188
110041203,Tamworth - North,16517.0,0.1999757825270933,38.0,826.0,320.0,0.1804615996816554,0.387409200968523
110041204,Tamworth - West,5998.0,0.2220740246748916,30.0,660.0,290.0,0.0925332111772789,0.4393939393939394
110041205,Tamworth Surrounds,19038.0,0.1310011555835697,45.0,713.0,275.0,0.1268337975858867,0.3856942496493689
111011206,Belmont - Bennetts Green,17864.0,0.1625055978504254,44.0,745.0,360.0,0.2132859828702736,0.4832214765100671
111011207,Belmont South - Blacksmiths,5680.0,0.1422535211267605,49.0,653.0,330.0,0.1934501142421934,0.5053598774885145
111011208,Charlestown - Dudley,25254.0,0.1958897600380137,38.0,867.0,390.0,0.2337608605709557,0.4498269896193771
111011209,Glendale - Cardiff - Hillsborough,24588.0,0.1957865625508378,38.0,831.0,380.0,0.2351851851851852,0.457280385078219
111011210,Mount Hutton - Windale,9504.0,0.1877104377104377,41.0,617.0,255.0,0.1673409341669731,0.413290113452188
111011211,Redhead,3785.0,0.1030383091149273,48.0,771.0,420.0,0.1751760563380281,0.5447470817120622
111011212,Swansea - Caves Beach,12559.0,0.1212676168484752,49.0,686.0,360.0,0.189693329117926,0.5247813411078717
111011213,Valentine - Eleebana,12568.0,0.1130649267982177,45.0,894.0,490.0,0.2097533942920476,0.5480984340044742
111011214,Warners Bay - Boolaroo,14694.0,0.1473390499523615,45.0,802.0,410.0,0.2281466290694693,0.5112219451371571
111021215,Bolton Point - Teralba,10135.0,0.1851998026640355,42.0,714.0,333.0,0.1892367217727752,0.4663865546218487
111021216,Bonnells Bay - Silverwater,9691.0,0.1699515013930451,43.0,709.0,400.0,0.2138566279535442,0.5641748942172073
111021217,Edgeworth - Cameron Park,16375.0,0.2031755725190839,35.0,867.0,450.0,0.2023785926660059,0.5190311418685121
111021218,Morisset - Cooranbong,18129.0,0.1675216503943957,46.0,660.0,380.0,0.2290406222990492,0.5757575757575758
111021219,Toronto - Awaba,13961.0,0.1499892557839696,48.0,676.0,340.0,0.2093490106108402,0.5029585798816568
111021220,Wangi Wangi - Rathmines,9467.0,0.1346783563959015,48.0,732.0,370.0,0.2110209312259718,0.505464480874317
111021221,West Wallsend - Barnsley - Killingworth,7254.0,0.2049903501516404,38.0,774.0,390.0,0.2164480322906155,0.5038759689922481
111031222,Adamstown - Kotara,16600.0,0.2020481927710843,37.0,937.0,410.0,0.2705974228816868,0.4375667022411953
111031223,Beresfield - Hexham,8561.0,0.2051162247401004,39.0,633.0,340.0,0.2005265467310223,0.5371248025276462
111031224,Hamilton - Broadmeadow,12772.0,0.2399780770435327,40.0,877.0,380.0,0.3333333333333333,0.4332953249714937
111031225,Lambton - New Lambton,17343.0,0.1734993945684137,40.0,907.0,390.0,0.2653402751952398,0.4299889746416758
111031226,Maryland - Fletcher - Minmi,16429.0,0.2017773449388276,34.0,876.0,470.0,0.2432040594418267,0.5365296803652968
111031227,Mayfield - Warabrook,15526.0,0.265941002189875,37.0,811.0,380.0,0.3480380775481774,0.468557336621455
111031228,Merewether - The Junction,14506.0,0.209016958499931,40.0,1091.0,420.0,0.3104217808524883,0.384967919340055
111031229,Newcastle - Cooks Hill,12805.0,0.3193283873486919,38.0,1149.0,445.0,0.4773499433748584,0.3872932985204526
111031230,Newcastle Port - Kooragang,31.0,0.1290322580645161,42.0,1062.0,550.0,0.0,0.5178907721280602
111031231,Shortland - Jesmond,12593.0,0.384737552608592,28.0,575.0,365.0,0.5080855503390714,0.6347826086956522
111031232,Stockton - Fullerton Cove,8824.0,0.135766092475068,48.0,719.0,430.0,0.1936725096194955,0.5980528511821975
111031233,Wallsend - Elermore Vale,20958.0,0.2181505868880618,40.0,714.0,380.0,0.2866043613707165,0.5322128851540616
111031234,Waratah - North Lambton,12883.0,0.2848715361328883,36.0,787.0,380.0,0.3759088705768298,0.48284625158831
111031235,Wickham - Carrington - Tighes Hill,9171.0,0.3123977755969905,35.0,996.0,450.0,0.4355212355212355,0.4518072289156626
112011236,Ballina,18629.0,0.1269526007837243,53.0,663.0,390.0,0.1880035810205908,0.5882352941176471
112011237,Ballina Surrounds,18327.0,0.1367927102089813,46.0,747.0,410.0,0.1824025713137806,0.5488621151271754
112011238,Bangalow,6958.0,0.1477436044840471,43.0,886.0,550.0,0.1481481481481481,0.6207674943566591
112011239,Brunswick Heads - Ocean Shores,9170.0,0.1570338058887677,44.0,723.0,498.0,0.1973094170403587,0.6887966804979253
112011240,Byron Bay,10914.0,0.2439069085578156,39.0,837.0,620.0,0.233611825192802,0.7407407407407407
112011241,Evans Head,5643.0,0.1212121212121212,49.0,628.0,320.0,0.1246786632390745,0.5095541401273885
112011242,Lennox Head - Skennars Head,9236.0,0.136314421827631,42.0,916.0,580.0,0.1875693673695893,0.6331877729257642
112011243,Mullumbimby,8896.0,0.1338803956834532,46.0,654.0,450.0,0.1402481047553411,0.6880733944954128
112021244,Casino,12298.0,0.165474060822898,43.0,602.0,280.0,0.1395348837209302,0.4651162790697674
112021245,Casino Surrounds,7381.0,0.130605608996071,48.0,556.0,250.0,0.0897722197409557,0.4496402877697841
112021246,Goonellabah,13591.0,0.17430652637775,42.0,707.0,320.0,0.2108009392121054,0.4526166902404526
112021247,Kyogle,7611.0,0.1119432400472999,51.0,537.0,270.0,0.132258064516129,0.5027932960893855
112021248,Lismore,15229.0,0.1890472125549937,42.0,647.0,300.0,0.2404710920770878,0.463678516228748
112021249,Lismore Surrounds,15786.0,0.1155454199923983,47.0,705.0,334.0,0.1620553359683794,0.4737588652482269
112031250,Kingscliff - Fingal Head,14818.0,0.1100688352004319,47.0,765.0,483.0,0.1812096581400908,0.6313725490196078
112031251,Murwillumbah,9501.0,0.1279865277339227,46.0,597.0,350.0,0.1617391304347826,0.5862646566164154
112031252,Murwillumbah Surrounds,10352.0,0.1217156105100463,48.0,634.0,350.0,0.1408494690818238,0.5520504731861199
112031253,Pottsville,14086.0,0.1257276728666761,43.0,707.0,468.0,0.1579432787641226,0.6619519094766619
112031254,Tweed Heads,20563.0,0.1556679472839566,49.0,656.0,390.0,0.1974654813693966,0.5945121951219512
112031550,Banora Point,16320.0,0.1401348039215686,48.0,642.0,440.0,0.191541079241614,0.6853582554517134
112031551,Terranora - North Tumbulgum,3324.0,0.1347773766546329,43.0,805.0,538.0,0.1770334928229665,0.6683229813664596
112031552,Tweed Heads South,8423.0,0.1377181526771934,54.0,552.0,390.0,0.1904024767801857,0.7065217391304348
113011256,Griffith (NSW),20569.0,0.2195536973114881,37.0,833.0,300.0,0.1526820245501933,0.3601440576230492
113011257,Griffith Surrounds,12760.0,0.1760188087774294,40.0,831.0,220.0,0.1056050036083714,0.2647412755716005
113011258,Leeton,10330.0,0.1765730880929332,37.0,746.0,250.0,0.1245041196216051,0.3351206434316354
113011259,Narrandera,5905.0,0.1408975444538526,44.0,646.0,200.0,0.1128318584070796,0.3095975232198142
113021260,Tumbarumba,3522.0,0.1354344122657581,47.0,707.0,208.0,0.1056603773584905,0.2942008486562942
113021261,Tumut,6667.0,0.167991600419979,42.0,656.0,245.0,0.1386666666666666,0.3734756097560975
113021262,Tumut Surrounds,4744.0,0.1117200674536256,47.0,712.0,200.0,0.1146589259796806,0.2808988764044944
113021262,Tumut Surrounds,4744.0,0.1117200674536256,47.0,712.0,200.0,0.1146589259796806,0.2808988764044944
113031263,Cootamundra,7705.0,0.1204412719013627,51.0,592.0,219.0,0.1137071651090342,0.3699324324324324
113031264,Gundagai,3715.0,0.1502018842530282,44.0,713.0,220.0,0.103479036574487,0.3085553997194951
113031265,Junee,6351.0,0.1980790426704456,41.0,737.0,260.0,0.102585841458245,0.3527815468113975
113031266,Temora,6603.0,0.132061184310162,48.0,640.0,220.0,0.1423670668953688,0.34375
113031267,Wagga Wagga - East,16921.0,0.1739258909047928,38.0,851.0,300.0,0.196024941543258,0.3525264394829612
113031268,Wagga Wagga - North,5605.0,0.2993755575379125,30.0,841.0,380.0,0.4299743808710504,0.4518430439952438
113031269,Wagga Wagga - South,22522.0,0.2068199982239588,35.0,818.0,300.0,0.2160365600332364,0.3667481662591687
113031270,Wagga Wagga - West,11962.0,0.2568132419327871,36.0,756.0,270.0,0.267500744712541,0.3571428571428571
113031271,Wagga Wagga Surrounds,17788.0,0.1949066786597706,36.0,856.0,280.0,0.1800206327372764,0.3271028037383177
114011272,Berry - Kangaroo Valley,9489.0,0.1004320792496575,56.0,730.0,400.0,0.1773602199816682,0.547945205479452
114011272,Berry - Kangaroo Valley,9489.0,0.1004320792496575,56.0,730.0,400.0,0.1773602199816682,0.547945205479452
114011273,Callala Bay - Currarong,3642.0,0.1169686985172981,55.0,637.0,380.0,0.1903553299492385,0.5965463108320251
114011274,Culburra Beach,5105.0,0.12615083251714,55.0,621.0,331.0,0.1803435114503817,0.533011272141707
114011275,Ettrema - Sassafras - Budawang,62.0,0.0967741935483871,55.0,828.0,0.0,0.0,0.0
114011276,Huskisson - Vincentia,4844.0,0.1265483071841453,52.0,792.0,400.0,0.1963800904977375,0.5050505050505051
114011277,North Nowra - Bomaderry,16098.0,0.1635606907690396,44.0,679.0,346.0,0.1786776481354381,0.5095729013254786
114011278,Nowra,22584.0,0.2153294367693942,37.0,654.0,330.0,0.1498528231201498,0.5045871559633027
114011279,St Georges Basin - Erowal Bay,15259.0,0.1370338816436201,50.0,559.0,360.0,0.1437820339897491,0.6440071556350626
114011280,Sussex Inlet - Berrara,4694.0,0.0977844056242011,61.0,505.0,310.0,0.1292372881355932,0.6138613861386139
114011281,Tomerong - Wandandian - Woollamia,3708.0,0.1364617044228694,47.0,723.0,335.0,0.1641074856046065,0.4633471645919779
114011282,Ulladulla,17026.0,0.1165276635733583,52.0,612.0,351.0,0.1394313967861557,0.5735294117647058
114011283,Ulladulla Surrounds,5822.0,0.1001374098248024,56.0,583.0,330.0,0.1480904130943102,0.5660377358490566
114021284,Bowral,13626.0,0.0851313665052106,56.0,827.0,500.0,0.1801481481481481,0.6045949214026602
114021285,Hill Top - Colo Vale,6393.0,0.1848897231346785,37.0,819.0,430.0,0.1951354339414041,0.525030525030525
114021286,Mittagong,10931.0,0.1577165858567377,44.0,783.0,435.0,0.2055881338392549,0.5555555555555556
114021287,Moss Vale - Berrima,10648.0,0.1521412471825695,45.0,773.0,400.0,0.1681532870829203,0.517464424320828
114021288,Robertson - Fitzroy Falls,3829.0,0.1112562026638809,50.0,852.0,440.0,0.1835205992509363,0.5164319248826291
114021288,Robertson - Fitzroy Falls,3829.0,0.1112562026638809,50.0,852.0,440.0,0.1835205992509363,0.5164319248826291
114021289,Southern Highlands,7250.0,0.1075862068965517,53.0,757.0,400.0,0.1853425385023898,0.5284015852047557
115011290,Baulkham Hills - East,24726.0,0.1489120763568713,39.0,974.0,510.0,0.232564202841872,0.5236139630390144
115011291,Baulkham Hills (West) - Bella Vista,21683.0,0.1631231840612461,40.0,1013.0,610.0,0.2676850066735874,0.6021717670286278
115011294,Glenhaven,6361.0,0.1153906618456217,48.0,949.0,650.0,0.2467811158798283,0.684931506849315
115011294,Glenhaven,6361.0,0.1153906618456217,48.0,949.0,650.0,0.2467811158798283,0.684931506849315
115011296,West Pennant Hills,12683.0,0.1474414570685169,44.0,1038.0,700.0,0.2951951154765065,0.674373795761079
115011553,Castle Hill - Central,7677.0,0.1438061742868308,40.0,944.0,550.0,0.23584142394822,0.5826271186440678
115011554,Castle Hill - East,5670.0,0.1089947089947089,53.0,715.0,547.0,0.2014755959137344,0.765034965034965
115011555,Castle Hill - North,12189.0,0.1315940602182295,43.0,929.0,600.0,0.2566623544631307,0.6458557588805167
115011556,Castle Hill - South,10419.0,0.1594202898550724,40.0,978.0,550.0,0.2571341833636915,0.5623721881390593
115011557,Castle Hill - West,5183.0,0.1516496237700173,41.0,1057.0,692.0,0.2755664421310471,0.6546830652790918
115011558,Cherrybrook,19082.0,0.1303846556964678,43.0,940.0,695.0,0.2605801236329054,0.7393617021276596
115011621,Kellyville - East,17709.0,0.1524083799198148,38.0,995.0,650.0,0.2492497499166388,0.6532663316582915
115011622,Kellyville - West,11375.0,0.1865494505494505,37.0,1143.0,600.0,0.2562800641368252,0.5249343832020997
115021297,Dural - Kenthurst - Wisemans Ferry,22479.0,0.1436006939810489,44.0,906.0,550.0,0.2375850586361662,0.6070640176600441
115021297,Dural - Kenthurst - Wisemans Ferry,22479.0,0.1436006939810489,44.0,906.0,550.0,0.2375850586361662,0.6070640176600441
115021297,Dural - Kenthurst - Wisemans Ferry,22479.0,0.1436006939810489,44.0,906.0,550.0,0.2375850586361662,0.6070640176600441
115021298,Galston - Laughtondale,5436.0,0.1306107431935246,47.0,903.0,460.0,0.2255211623499684,0.5094130675526024
115031299,Bilpin - Colo - St Albans,2846.0,0.1278988053408292,48.0,746.0,320.0,0.1489898989898989,0.4289544235924933
115031300,Kurrajong Heights - Ebenezer,22161.0,0.1779703081990885,40.0,907.0,440.0,0.2211817888278979,0.4851157662624035
115041301,Pitt Town - McGraths Hill,11414.0,0.1649728403714736,39.0,920.0,500.0,0.1822747415066469,0.5434782608695652
115041301,Pitt Town - McGraths Hill,11414.0,0.1649728403714736,39.0,920.0,500.0,0.1822747415066469,0.5434782608695652
115041623,Box Hill - Nelson,10287.0,0.2319432293185574,32.0,1274.0,595.0,0.2063351095322676,0.467032967032967
115041624,North Kellyville,17401.0,0.1941267743233147,33.0,1212.0,600.0,0.2168996387623684,0.495049504950495
115041625,Rouse Hill - Beaumont Hills,17581.0,0.1573289346453557,37.0,1059.0,610.0,0.2504105090311987,0.5760151085930123
116011303,Blacktown (East) - Kings Park,17032.0,0.2922146547674965,34.0,796.0,380.0,0.2985423789814648,0.4773869346733668
116011304,Blacktown (North) - Marayong,20584.0,0.2443159735717061,34.0,738.0,400.0,0.2439391657882849,0.5420054200542005
116011306,Doonside - Woodcroft,23384.0,0.2091173451932945,36.0,747.0,380.0,0.2393589069889647,0.5087014725568942
116011307,Lalor Park - Kings Langley,25373.0,0.1882315847554487,38.0,815.0,380.0,0.2225073784165276,0.4662576687116564
116011560,Blacktown - South,12646.0,0.2108176498497548,36.0,744.0,400.0,0.2395583293326932,0.5376344086021505
116011561,Blacktown - West,17141.0,0.2489936409777726,35.0,749.0,410.0,0.2600904977375565,0.5473965287049399
116011626,Seven Hills - Prospect,14866.0,0.2234629355576483,37.0,796.0,420.0,0.2628248587570621,0.5276381909547738
116011627,Toongabbie - West,11578.0,0.2289687338054931,35.0,834.0,420.0,0.2422088572990705,0.5035971223021583
116021309,Glenwood,15829.0,0.172278728915282,37.0,984.0,590.0,0.2706362455945094,0.5995934959349594
116021562,Acacia Gardens,3668.0,0.1938386041439476,36.0,1055.0,540.0,0.2455197132616487,0.5118483412322274
116021563,Quakers Hill,24670.0,0.2100932306445075,34.0,968.0,460.0,0.2314203908875887,0.4752066115702479
116021628,Kellyville Ridge - The Ponds,21058.0,0.1437933327001614,35.0,1147.0,600.0,0.201780415430267,0.5231037489102005
116021629,Marsden Park - Shanes Park,15524.0,0.2306750837413038,32.0,1142.0,570.0,0.1912260967379077,0.4991243432574431
116021630,Riverstone,13844.0,0.2573678127708754,32.0,964.0,490.0,0.1981714285714285,0.508298755186722
116021630,Riverstone,13844.0,0.2573678127708754,32.0,964.0,490.0,0.1981714285714285,0.508298755186722
116021631,Schofields (West) - Colebee,10011.0,0.2200579362701029,33.0,1208.0,580.0,0.19014298752662,0.4801324503311258
116021632,Schofields - East,25130.0,0.2508555511341027,31.0,1166.0,550.0,0.2056095653145603,0.4716981132075472
116021633,Stanhope Gardens - Parklea,13034.0,0.1925732699094675,36.0,1035.0,580.0,0.1755623332062524,0.5603864734299517
116031313,Bidwill - Hebersham - Emerton,18536.0,0.2086210617177384,32.0,525.0,300.0,0.125205684367988,0.5714285714285714
116031314,Glendenning - Dean Park,8374.0,0.2151898734177215,34.0,813.0,420.0,0.2234312658686978,0.5166051660516605
116031315,Hassall Grove - Plumpton,21414.0,0.217661343046605,34.0,809.0,420.0,0.2257162823200559,0.519159456118665
116031316,Lethbridge Park - Tregear,21551.0,0.2118231172567398,31.0,653.0,320.0,0.1261376746570952,0.4900459418070444
116031317,Mount Druitt - Whalan,22918.0,0.2136312069115978,33.0,582.0,345.0,0.2123304263565891,0.5927835051546392
116031318,Prospect Reservoir,12.0,0.5833333333333334,40.0,1208.0,530.0,1.0,0.4387417218543046
116031319,Rooty Hill - Minchinbury,22826.0,0.2070445982651362,36.0,763.0,420.0,0.2255751014884979,0.5504587155963303
117011320,Banksmeadow,508.0,0.4350393700787401,33.0,1353.0,620.0,0.2411764705882353,0.4582409460458241
117011321,Botany,12960.0,0.2193672839506172,36.0,1153.0,550.0,0.2259239979177511,0.4770164787510841
117011323,Pagewood - Hillsdale - Daceyville,14762.0,0.2706272862755724,35.0,881.0,495.0,0.3022604951560818,0.5618615209988649
117011324,Port Botany Industrial,6.0,0.0,61.0,1812.0,1200.0,0.0,0.6622516556291391
117011325,Sydney Airport,19.0,0.2631578947368421,35.0,949.0,0.0,0.0,0.0
117011634,Eastlakes,8941.0,0.1998657868247399,41.0,662.0,385.0,0.2809415337889142,0.581570996978852
117011635,Mascot,21573.0,0.4763825151810133,30.0,994.0,600.0,0.4533111665281241,0.6036217303822937
117021327,Petersham - Stanmore,19898.0,0.3046537340436224,36.0,1247.0,470.0,0.38268156424581,0.3769045709703288
117021328,Sydenham - Tempe - St Peters,8278.0,0.2785697028267697,36.0,1234.0,630.0,0.3425492033739456,0.5105348460291734
117021636,Marrickville - North,12317.0,0.2723065681578306,37.0,1160.0,550.0,0.3233012721067329,0.4741379310344827
117021637,Marrickville - South,14283.0,0.284744101379262,37.0,1003.0,450.0,0.3624056235355376,0.4486540378863409
117031329,Darlinghurst,10615.0,0.3742816768723504,37.0,1535.0,550.0,0.4383452665075577,0.3583061889250814
117031330,Erskineville - Alexandria,19126.0,0.3789605772247202,34.0,1669.0,591.0,0.413023679417122,0.3541042540443379
117031331,Glebe - Forest Lodge,20262.0,0.3421676043825881,36.0,1230.0,505.0,0.4767946577629382,0.4105691056910569
117031333,Potts Point - Woolloomooloo,18187.0,0.3410677956782317,39.0,1534.0,490.0,0.3735962066383828,0.3194263363754889
117031336,Surry Hills,15828.0,0.4072529694212787,35.0,1442.0,550.0,0.4397145042059648,0.3814147018030513
117031638,Camperdown - Darlington,8332.0,0.4513922227556409,29.0,1023.0,600.0,0.7166896551724138,0.5865102639296188
117031639,Chippendale,7803.0,0.650647186979367,28.0,882.0,520.0,0.6844148641153632,0.5895691609977324
117031640,Newtown (NSW),14667.0,0.3871275652826072,34.0,1310.0,550.0,0.505188679245283,0.4198473282442748
117031641,Pyrmont,12658.0,0.3085005530099541,37.0,1297.0,580.0,0.369047619047619,0.4471858134155744
117031641,Pyrmont,12658.0,0.3085005530099541,37.0,1297.0,580.0,0.369047619047619,0.4471858134155744
117031642,Redfern,13670.0,0.3536210680321873,36.0,1178.0,500.0,0.4327485380116959,0.4244482173174873
117031643,Rosebery - Beaconsfield,12290.0,0.4323840520748576,32.0,1275.0,600.0,0.4702064896755162,0.4705882352941176
117031644,Sydney (North) - Millers Point,8004.0,0.358695652173913,37.0,1509.0,640.0,0.3964232488822652,0.4241219350563286
117031645,Sydney (South) - Haymarket,19935.0,0.563782292450464,31.0,819.0,620.0,0.4618634391413564,0.757020757020757
117031646,Ultimo,7410.0,0.52834008097166,30.0,772.0,500.0,0.6153166421207659,0.6476683937823834
117031647,Waterloo,16379.0,0.4526527871054399,33.0,1172.0,530.0,0.462406015037594,0.4522184300341297
117031648,Zetland,12622.0,0.5751069561083821,30.0,1262.0,600.0,0.6039296794208894,0.4754358161648177
118011339,Bondi - Tamarama - Bronte,19055.0,0.3024403043820519,35.0,1472.0,675.0,0.2827499097798628,0.4585597826086957
118011340,Bondi Beach - North Bondi,20705.0,0.3332528374788698,34.0,1551.0,689.0,0.270181503889369,0.4442295293359123
118011341,Bondi Junction - Waverly,17720.0,0.2739841986455982,36.0,1354.0,652.0,0.2637686498434334,0.4815361890694239
118011342,Centennial Park,,,,,,,
118011344,Dover Heights,11122.0,0.1725409099082898,39.0,1319.0,650.0,0.242390393744764,0.4927975739196361
118011345,Paddington - Moore Park,14793.0,0.2841208679780977,37.0,1651.0,590.0,0.3295574288724974,0.357359176256814
118011346,Rose Bay - Vaucluse - Watsons Bay,11924.0,0.149530358939953,44.0,1450.0,713.0,0.2211612903225806,0.4917241379310345
118011347,Woollahra,7454.0,0.2052589213844915,42.0,1635.0,675.0,0.2429406037000973,0.4128440366972477
118011649,Bellevue Hill,14429.0,0.2056968604892924,40.0,1594.0,660.0,0.2668676095525156,0.4140526976160602
118011650,Double Bay - Darling Point,9958.0,0.2435227957421168,42.0,1690.0,720.0,0.2989827509951349,0.4260355029585799
118021564,Kensington (NSW),11809.0,0.3612498941485307,32.0,946.0,500.0,0.5429620034542314,0.5285412262156448
118021565,Kingsford,13605.0,0.3282616685042264,33.0,844.0,475.0,0.4767096134786918,0.5627962085308057
118021566,Maroubra - North,9790.0,0.1874361593462717,41.0,1116.0,600.0,0.2656508777740974,0.5376344086021505
118021567,Maroubra - South,11084.0,0.2043486106098881,40.0,968.0,490.0,0.2725385527876631,0.506198347107438
118021568,Maroubra - West,9846.0,0.2562461913467398,37.0,1005.0,550.0,0.3604572965702757,0.5472636815920398
118021569,Randwick - North,16206.0,0.2603356781438973,37.0,1402.0,570.0,0.3011278995530964,0.4065620542082739
118021570,Randwick - South,12735.0,0.3112681586179819,35.0,1259.0,575.0,0.4169970267591675,0.4567116759332804
118021651,Coogee - Clovelly,19521.0,0.3010091696122124,35.0,1571.0,650.0,0.3109035455585208,0.4137492043284532
118021652,Malabar - La Perouse,10610.0,0.1622997172478793,44.0,985.0,535.0,0.1551499348109517,0.5431472081218274
118021653,Matraville - Chifley,13412.0,0.1556069191768565,42.0,859.0,475.0,0.2212282398452611,0.5529685681024447
118021654,South Coogee,5611.0,0.1498841561219034,42.0,958.0,207.0,0.223305954825462,0.2160751565762004
119011354,Bass Hill - Georges Hall,23855.0,0.1861245022007965,35.0,539.0,400.0,0.1625802016498625,0.7421150278293135
119011355,Chullora,1469.0,0.2791014295439074,31.0,893.0,500.0,0.2315175097276264,0.5599104143337066
119011355,Chullora,1469.0,0.2791014295439074,31.0,893.0,500.0,0.2315175097276264,0.5599104143337066
119011356,Condell Park,12773.0,0.1998747357707664,34.0,566.0,500.0,0.1994790536140655,0.8833922261484098
119011358,Padstow,17200.0,0.1903488372093023,41.0,764.0,470.0,0.2555287494973864,0.6151832460732984
119011360,Revesby,17664.0,0.1987092391304347,38.0,746.0,460.0,0.2347605224963715,0.6166219839142091
119011361,Yagoona - Birrong,22484.0,0.2142857142857142,35.0,528.0,400.0,0.2190738554374918,0.7575757575757576
119011571,Bankstown - North,16981.0,0.2516341793769507,33.0,558.0,400.0,0.2636332651670075,0.7168458781362007
119011572,Bankstown - South,18434.0,0.2616903547792123,34.0,526.0,415.0,0.2528841716658975,0.7889733840304183
119011655,Greenacre - North,14637.0,0.195053631208581,34.0,496.0,400.0,0.217840029487652,0.8064516129032258
119011655,Greenacre - North,14637.0,0.195053631208581,34.0,496.0,400.0,0.217840029487652,0.8064516129032258
119011656,Greenacre - South,13416.0,0.1933512224209898,33.0,507.0,450.0,0.1983245665302941,0.8875739644970414
119011657,Panania (North) - Milperra,11340.0,0.1838624338624338,38.0,797.0,480.0,0.2299910740850937,0.6022584692597239
119011658,Panania (South) - Picnic Point,15994.0,0.1675003126172314,39.0,870.0,480.0,0.2212908633696563,0.5517241379310345
119021362,Belmore - Belfield,20332.0,0.2109974424552429,39.0,650.0,395.0,0.2466892516168771,0.6076923076923076
119021366,Punchbowl,21544.0,0.2344504270330486,33.0,504.0,380.0,0.235844222393031,0.753968253968254
119021366,Punchbowl,21544.0,0.2344504270330486,33.0,504.0,380.0,0.235844222393031,0.753968253968254
119021367,Roselands,14577.0,0.1888591616930781,38.0,671.0,425.0,0.2272038119991336,0.6333830104321908
119021573,Lakemba,17092.0,0.2607652703018956,32.0,521.0,350.0,0.2418213969938107,0.6717850287907869
119021574,Wiley Park,10135.0,0.2705476073014307,31.0,550.0,350.0,0.2716675114039533,0.6363636363636364
119021659,Campsie - North,11905.0,0.2771944561108778,38.0,613.0,400.0,0.3485523385300668,0.6525285481239804
119021660,Campsie - South,9059.0,0.3034551274975163,36.0,615.0,380.0,0.2978168784620397,0.6178861788617886
119021661,Canterbury - South,12220.0,0.278887070376432,35.0,814.0,450.0,0.2816901408450704,0.5528255528255528
119021662,Earlwood,17969.0,0.1555456619733986,44.0,836.0,570.0,0.239057239057239,0.6818181818181818
119021663,Kingsgrove - North,6261.0,0.1541287334291646,41.0,697.0,450.0,0.2019438444924406,0.6456241032998565
119031370,Narwee - Beverly Hills,13791.0,0.2032484953955478,40.0,677.0,400.0,0.2799381921194952,0.5908419497784343
119031371,Oatley - Hurstville Grove,12594.0,0.1651580117516277,43.0,974.0,490.0,0.285206453377085,0.5030800821355236
119031372,Peakhurst - Lugarno,20220.0,0.1670128585558852,42.0,830.0,450.0,0.2306542676851544,0.5421686746987951
119031373,Riverwood,11606.0,0.2230742719283129,40.0,565.0,300.0,0.2715721040189125,0.5309734513274337
119031374,South Hurstville - Blakehurst,25259.0,0.2517518508254484,38.0,780.0,490.0,0.3359990003748594,0.6282051282051282
119031664,Hurstville - Central,12046.0,0.4125020753777187,32.0,725.0,460.0,0.4480330257406508,0.6344827586206897
119031665,Hurstville - North,12109.0,0.2271863902882153,40.0,641.0,490.0,0.3196544276457883,0.7644305772230889
119031666,Mortdale - Oatley,14715.0,0.1874277947672443,39.0,935.0,420.0,0.2769733769266698,0.4491978609625668
119031667,Penshurst,9528.0,0.2655331654072208,37.0,790.0,400.0,0.3174438687392055,0.5063291139240507
119041377,Kingsgrove (South) - Bardwell Park,12973.0,0.1789871271101518,42.0,763.0,500.0,0.2821688697059616,0.6553079947575361
119041378,Kogarah,13051.0,0.2916251628227722,35.0,905.0,464.0,0.3273244781783681,0.512707182320442
119041379,Kogarah Bay - Carlton - Allawah,16200.0,0.2330246913580247,38.0,801.0,450.0,0.3129691409507923,0.5617977528089888
119041380,Monterey - Brighton-le-Sands - Kyeemagh,13896.0,0.1743667242371905,44.0,815.0,450.0,0.253094548327627,0.5521472392638037
119041381,Rockdale - Banksia,19853.0,0.3165768397723266,35.0,795.0,460.0,0.3666341780376868,0.5786163522012578
119041382,Sans Souci - Ramsgate,16659.0,0.154691157932649,45.0,873.0,500.0,0.2225479143179256,0.572737686139748
119041668,Arncliffe - Bardwell Valley,16579.0,0.2973641353519513,34.0,848.0,500.0,0.2931003094847988,0.589622641509434
119041669,Bexley - North,10145.0,0.1808772794480039,39.0,731.0,520.0,0.2148008780181875,0.7113543091655267
119041670,Bexley - South,15831.0,0.2454045859389804,38.0,747.0,420.0,0.3198226725775807,0.5622489959839357
119041671,Wolli Creek,10731.0,0.591743546733762,30.0,1069.0,540.0,0.5602233448550917,0.5051449953227315
120011383,Concord - Mortlake - Cabarita,23113.0,0.169904382814866,43.0,1056.0,600.0,0.2627350152659489,0.5681818181818182
120011385,Drummoyne - Rodd Point,18366.0,0.1745072416421648,42.0,1296.0,600.0,0.24654286843145,0.4629629629629629
120011386,Five Dock - Abbotsford,20933.0,0.1604643386041179,42.0,1148.0,576.0,0.2343304843304843,0.5017421602787456
120011672,Concord West - North Strathfield,12842.0,0.2258215231272387,37.0,1011.0,500.0,0.2785522132550745,0.4945598417408506
120011673,Rhodes,11453.0,0.4600541342879595,32.0,1119.0,560.0,0.4831639135959339,0.5004468275245755
120021387,Balmain,15579.0,0.1527055651839014,43.0,1592.0,640.0,0.2451737451737451,0.4020100502512563
120021389,Lilyfield - Rozelle,13824.0,0.1724537037037037,40.0,1542.0,600.0,0.2492784046182104,0.3891050583657587
120021674,Annandale (NSW),9464.0,0.2308748943364328,38.0,1441.0,570.0,0.3189989425449418,0.3955586398334489
120021675,Leichhardt,17532.0,0.2069929272187999,38.0,1377.0,600.0,0.2685274302213667,0.4357298474945534
120031392,Canterbury (North) - Ashbury,11999.0,0.2450204183681973,37.0,921.0,480.0,0.3247348810547434,0.5211726384364821
120031393,Croydon Park - Enfield,17434.0,0.18486864747046,41.0,802.0,430.0,0.2814291173098968,0.5361596009975063
120031394,Dulwich Hill - Lewisham,17948.0,0.2713394250055717,37.0,1197.0,480.0,0.3316426063207179,0.4010025062656641
120031395,Haberfield - Summer Hill,13520.0,0.215680473372781,40.0,1190.0,470.0,0.3197314049586777,0.3949579831932773
120031396,Homebush,20822.0,0.4286331764479877,31.0,911.0,450.0,0.38948421203029,0.4939626783754116
120031576,Strathfield South,3636.0,0.2073707370737073,38.0,870.0,460.0,0.2794392523364486,0.5287356321839081
120031676,Ashfield - North,11456.0,0.330481843575419,35.0,914.0,420.0,0.4381035996488147,0.4595185995623632
120031677,Ashfield - South,12246.0,0.2902172137840927,38.0,872.0,470.0,0.4019264448336252,0.5389908256880734
120031678,Burwood (NSW),15942.0,0.4554635553882825,31.0,715.0,500.0,0.4967275232518084,0.6993006993006993
120031679,Croydon,10993.0,0.2129536978076958,41.0,785.0,460.0,0.3273001508295626,0.5859872611464968
120031680,Strathfield - East,16420.0,0.4802070645554202,30.0,782.0,480.0,0.5102766187606244,0.6138107416879796
120031681,Strathfield - West,9253.0,0.2078244893548038,41.0,961.0,530.0,0.3160733549083063,0.5515088449531738
121011399,Chatswood (West) - Lane Cove North,21294.0,0.222128299051376,37.0,1229.0,500.0,0.2932662051604783,0.4068348250610252
121011401,St Leonards - Naremburn,11903.0,0.2810215911954969,36.0,1607.0,600.0,0.308,0.3733665214685749
121011682,Artarmon,9406.0,0.2061450138209653,37.0,1201.0,525.0,0.2722167162206805,0.437135720233139
121011683,Castle Cove - Northbridge,13440.0,0.1014880952380952,45.0,1355.0,850.0,0.2236230922362309,0.6273062730627307
121011684,Chatswood - East,19601.0,0.2289679098005203,37.0,912.0,590.0,0.3107091403873859,0.6469298245614035
121011685,Greenwich - Riverview,12928.0,0.1711788366336633,41.0,1489.0,600.0,0.281875915974597,0.4029550033579583
121011686,Lane Cove,15888.0,0.1908987915407855,38.0,1361.0,550.0,0.2585005279831045,0.4041146216017634
121011687,Willoughby,12996.0,0.1271160357032933,41.0,1160.0,596.0,0.2201080573173596,0.5137931034482759
121021403,Asquith - Mount Colah,22057.0,0.1635308518837557,39.0,1012.0,500.0,0.2643413087345056,0.4940711462450592
121021404,Berowra - Brooklyn - Cowan,11790.0,0.1209499575911789,42.0,967.0,560.0,0.2366831411312465,0.5791106514994829
121021406,Normanhurst - Thornleigh - Westleigh,19158.0,0.1326338866269965,41.0,1003.0,550.0,0.2491103202846975,0.5483549351944168
121021577,Hornsby - East,11943.0,0.2679393787155656,36.0,893.0,440.0,0.3626405304122225,0.4927211646136618
121021578,Hornsby - West,10629.0,0.1416878351679368,41.0,884.0,450.0,0.2629423808131032,0.5090497737556561
121021579,Wahroonga (West) - Waitara,11877.0,0.1716763492464427,38.0,980.0,490.0,0.255820476858345,0.5
121031407,Gordon - Killara,22433.0,0.161726028618553,41.0,1070.0,600.0,0.2829525483304042,0.5607476635514018
121031408,Lindfield - Roseville,24599.0,0.1437456807187284,41.0,1200.0,620.0,0.2539147193447362,0.5166666666666667
121031409,Pymble,17221.0,0.1335578653968991,41.0,1188.0,650.0,0.2539440203562341,0.5471380471380471
121031410,St Ives,21665.0,0.1064851142395569,43.0,1070.0,700.0,0.2192528735632184,0.6542056074766355
121031411,Turramurra,20251.0,0.115994271887808,45.0,1074.0,610.0,0.2585435962951133,0.5679702048417132
121031412,Wahroonga (East) - Warrawee,18191.0,0.1222582595789126,43.0,1108.0,650.0,0.2703989492694139,0.5866425992779783
121041413,Cremorne - Cammeray,18905.0,0.1948161861941285,41.0,1553.0,600.0,0.2859774820880246,0.386349001931745
121041414,Crows Nest - Waverton,17916.0,0.2737776289350301,38.0,1593.0,575.0,0.3602319400821454,0.3609541745134965
121041416,Neutral Bay - Kirribilli,17183.0,0.2729441890240354,40.0,1551.0,541.0,0.3592303945445689,0.3488072211476467
121041417,North Sydney - Lavender Bay,12441.0,0.2951531227393296,38.0,1683.0,600.0,0.3569778950841306,0.35650623885918
121041688,Mosman - North,13763.0,0.1512751580324057,45.0,1464.0,600.0,0.2578062449959968,0.4098360655737705
121041689,Mosman - South,14565.0,0.1507037418468932,44.0,1510.0,580.0,0.2573720217032318,0.3841059602649007
122011418,Balgowlah - Clontarf - Seaforth,20732.0,0.1225159174223422,42.0,1282.0,697.0,0.2140473080830068,0.5436817472698908
122011419,Manly - Fairlight,22438.0,0.2456101256796506,38.0,1568.0,725.0,0.2916893980723768,0.4623724489795918
122021420,Avalon - Palm Beach,13052.0,0.1102513024823781,48.0,1058.0,745.0,0.2077991452991453,0.7041587901701323
122021421,Bayview - Elanora Heights,11243.0,0.1085119629991995,49.0,1006.0,745.0,0.2214765100671141,0.7405566600397614
122021422,Newport - Bilgola,13681.0,0.1377823258533733,46.0,1115.0,628.0,0.2443240454076367,0.5632286995515695
122021690,Mona Vale - Warriewood (North),14634.0,0.1325679923465901,45.0,1008.0,660.0,0.1975941189574515,0.6547619047619048
122021691,North Narrabeen - Warriewood (South),10874.0,0.1452087548280301,40.0,1072.0,710.0,0.1921397379912663,0.6623134328358209
122031424,Beacon Hill - Narraweena,14547.0,0.1476593111981852,42.0,893.0,550.0,0.2304299889746416,0.6159014557670772
122031425,Cromer,8046.0,0.1273924931643052,42.0,925.0,650.0,0.1932093775262732,0.7027027027027027
122031427,Forestville - Killarney Heights,13161.0,0.1088823037763088,43.0,975.0,720.0,0.2083800134438718,0.7384615384615385
122031429,Freshwater - Brookvale,21828.0,0.2217793659519882,37.0,1295.0,600.0,0.2560231288146482,0.4633204633204633
122031430,Manly Vale - Allambie Heights,17550.0,0.1454131054131054,40.0,1112.0,550.0,0.2157857892894644,0.4946043165467625
122031432,Terrey Hills - Duffys Forest,3786.0,0.1204437400950871,47.0,1010.0,610.0,0.2165137614678899,0.6039603960396039
122031692,Belrose,8652.0,0.1048312528895053,46.0,903.0,885.0,0.2163009404388714,0.9800664451827242
122031693,Collaroy - Collaroy Plateau,13980.0,0.1711015736766809,41.0,1066.0,600.0,0.2507936507936508,0.5628517823639775
122031694,Dee Why (South) - North Curl Curl,9116.0,0.2004168494953927,38.0,1120.0,573.0,0.2694838933148597,0.5116071428571428
122031695,Dee Why - North,17816.0,0.2799169286035025,36.0,1055.0,550.0,0.3409188492915414,0.5213270142180095
122031696,Frenchs Forest - Oxford Falls,17175.0,0.1244250363901019,41.0,1041.0,828.0,0.2220653133274492,0.7953890489913544
122031697,Narrabeen - Wheeler Heights,11241.0,0.1610177030513299,46.0,1019.0,580.0,0.2416329532916513,0.5691854759568205
123011433,Camden - Ellis Lane,13295.0,0.1486273034975554,42.0,876.0,420.0,0.1929733918884009,0.4794520547945205
123011698,Currans Hill,6445.0,0.2428238944918541,31.0,980.0,460.0,0.1783944499504459,0.4693877551020408
123011699,Elderslie - Narellan,14019.0,0.1938797346458378,34.0,939.0,450.0,0.1880419899589228,0.4792332268370607
123011700,Harrington Park,11241.0,0.1594164220265101,36.0,974.0,550.0,0.212519726459758,0.5646817248459959
123011701,Mount Annan,19040.0,0.1881302521008403,35.0,939.0,470.0,0.210192119830674,0.5005324813631523
123011702,Spring Farm,9539.0,0.2859838557500786,30.0,1122.0,510.0,0.1891252955082742,0.4545454545454545
123021436,Bradbury - Wedderburn,20011.0,0.2111838488831142,33.0,695.0,370.0,0.1670278637770897,0.5323741007194245
123021437,Campbelltown - Woodbine,22084.0,0.2461510595906538,35.0,744.0,390.0,0.2432551968155683,0.5241935483870968
123021438,Claymore - Eagle Vale - Raby,20236.0,0.2025597944257758,35.0,755.0,375.0,0.1768206734534064,0.4966887417218543
123021439,Holsworthy Military Area,,,,,,,
123021439,Holsworthy Military Area,,,,,,,
123021441,Leumeah - Minto Heights,16729.0,0.1949309582162711,37.0,719.0,360.0,0.1935550506093782,0.5006954102920723
123021443,Minto - St Andrews,21335.0,0.1982188891492852,35.0,712.0,370.0,0.2053872053872054,0.5196629213483146
123021444,Rosemeadow - Glen Alpine,21155.0,0.1924840463247459,37.0,697.0,370.0,0.1817084213703592,0.5308464849354376
123021703,Denham Court - Bardia,14868.0,0.2523540489642185,32.0,985.0,550.0,0.2120650607370805,0.5583756345177665
123021704,Glenfield,10536.0,0.2057706909643128,36.0,844.0,420.0,0.2291311754684838,0.4976303317535545
123021705,Ingleburn,16720.0,0.1974880382775119,37.0,739.0,380.0,0.2286934575810522,0.5142083897158322
123021706,Macquarie Fields,14198.0,0.1865755740245105,36.0,592.0,340.0,0.1907502569373073,0.5743243243243243
123031445,Bargo,5934.0,0.1595888102460397,40.0,763.0,415.0,0.1540270429159318,0.5439056356487549
123031446,Douglas Park - Appin,11112.0,0.1623470122390208,36.0,959.0,490.0,0.1675854465270121,0.5109489051094891
123031447,Picton - Tahmoor - Buxton,18987.0,0.2003476062569126,37.0,829.0,400.0,0.1838460154704083,0.4825090470446321
123031448,The Oaks - Oakdale,9808.0,0.1688417618270799,38.0,869.0,410.0,0.183477106834771,0.4718066743383199
124011449,Blackheath - Megalong Valley,5764.0,0.1051353226925746,52.0,727.0,380.0,0.2197952218430034,0.5226960110041265
124011450,Blaxland - Warrimoo - Lapstone,18993.0,0.1433159585110303,41.0,971.0,440.0,0.2492539933298227,0.4531410916580844
124011451,Blue Mountains - North,,,,,,,
124011452,Katoomba - Leura,13348.0,0.1320047947258016,50.0,687.0,380.0,0.2670283303194695,0.5531295487627366
124011453,Lawson - Hazelbrook - Linden,11445.0,0.1474006116207951,43.0,784.0,400.0,0.2552099063726971,0.5102040816326531
124011454,Springwood - Winmalee,21964.0,0.1398652340193043,43.0,899.0,420.0,0.232068855594517,0.4671857619577308
124011455,Wentworth Falls,6428.0,0.1070317361543248,50.0,740.0,430.0,0.2131147540983606,0.581081081081081
124021456,Blue Mountains - South,,,,,,,
124021456,Blue Mountains - South,,,,,,,
124021456,Blue Mountains - South,,,,,,,
124031457,Cambridge Park,16004.0,0.2134466383404148,35.0,820.0,400.0,0.1872619551417689,0.4878048780487805
124031459,Emu Plains - Leonay,13914.0,0.1673134971970677,40.0,934.0,437.0,0.2153576788394197,0.4678800856531049
124031460,Glenmore Park - Regentville,21002.0,0.1930768498238263,35.0,1009.0,465.0,0.2196662156066756,0.4608523290386521
124031461,Jamisontown - South Penrith,17326.0,0.2019508253491861,37.0,843.0,400.0,0.201120672403442,0.4744958481613286
124031462,Kingswood - Werrington,24625.0,0.2403654822335025,33.0,839.0,370.0,0.2186362533365688,0.4410011918951132
124031463,Mulgoa - Luddenham - Orchard Hills,12040.0,0.1862126245847176,35.0,1025.0,530.0,0.1956753870795515,0.5170731707317073
124031463,Mulgoa - Luddenham - Orchard Hills,12040.0,0.1862126245847176,35.0,1025.0,530.0,0.1956753870795515,0.5170731707317073
124031464,Penrith,17966.0,0.292830902816431,36.0,812.0,380.0,0.2591116173120729,0.4679802955665024
124031465,Warragamba - Silverdale,6025.0,0.2076348547717842,35.0,969.0,416.0,0.161364950838635,0.4293085655314757
124031707,Cranebrook - Castlereagh,17029.0,0.2153972634916906,34.0,897.0,410.0,0.1776804418206056,0.4570791527313266
124031708,Jordan Springs - Llandilo,13388.0,0.2509710188228264,31.0,1053.0,530.0,0.1882893226176808,0.50332383665717
124041466,Richmond - Clarendon,15239.0,0.2152372202900452,39.0,790.0,400.0,0.2363550071191267,0.5063291139240507
124041467,Windsor - Bligh Park,15264.0,0.2313286163522012,35.0,842.0,390.0,0.2024608501118568,0.4631828978622327
124041468,Yarramundi - Londonderry,7504.0,0.2253464818763326,38.0,827.0,470.0,0.1090479405806887,0.5683192261185006
124051469,Erskine Park,6486.0,0.2139993832870798,37.0,906.0,450.0,0.2079207920792079,0.4966887417218543
124051470,St Clair,19942.0,0.2038912847257045,36.0,849.0,440.0,0.1957994579945799,0.5182567726737338
124051580,Colyton - Oxley Park,13028.0,0.2192201412342646,34.0,739.0,390.0,0.1725277318857682,0.5277401894451962
124051581,St Marys - North St Marys,17325.0,0.2335353535353535,35.0,716.0,360.0,0.1679559910606842,0.5027932960893855
125011475,Rookwood Cemetery,,,,,,,
125011582,Auburn - Central,19487.0,0.3533637809821932,31.0,571.0,450.0,0.3212331509408782,0.7880910683012259
125011583,Auburn - North,10592.0,0.4261706948640483,30.0,639.0,380.0,0.424434168897542,0.594679186228482
125011584,Auburn - South,8860.0,0.2404063205417607,33.0,496.0,435.0,0.2271728898650769,0.8770161290322581
125011585,Berala,8610.0,0.2586527293844367,37.0,597.0,380.0,0.2914901809780515,0.6365159128978225
125011586,Lidcombe,21197.0,0.3196207010426004,35.0,704.0,480.0,0.3578035530759066,0.6818181818181818
125011587,Regents Park,5138.0,0.2500973141300117,36.0,569.0,375.0,0.2922794117647059,0.6590509666080844
125011587,Regents Park,5138.0,0.2500973141300117,36.0,569.0,375.0,0.2922794117647059,0.6590509666080844
125011709,Silverwater - Newington,9246.0,0.2164179104477611,37.0,993.0,520.0,0.1597026403486285,0.5236656596173213
125011710,Wentworth Point - Sydney Olympic Park,20412.0,0.4555163629237703,32.0,1150.0,510.0,0.4324675324675324,0.4434782608695652
125021477,Ermington - Rydalmere,24641.0,0.2158191631833123,37.0,803.0,430.0,0.2739493604802923,0.5354919053549191
125021478,Oatlands - Dundas Valley,18508.0,0.1752215258266695,40.0,758.0,420.0,0.2541856925418569,0.554089709762533
125021711,Carlingford - East,11622.0,0.146618482188952,41.0,789.0,520.0,0.2756174461376773,0.6590621039290241
125021711,Carlingford - East,11622.0,0.146618482188952,41.0,789.0,520.0,0.2756174461376773,0.6590621039290241
125021712,Carlingford - West,19251.0,0.1801984312503246,38.0,802.0,490.0,0.2660579849431363,0.6109725685785536
125031479,Chester Hill - Sefton,20842.0,0.2140389597927262,34.0,517.0,400.0,0.191950852557673,0.7736943907156673
125031480,Fairfield - East,15742.0,0.2104561046880955,37.0,478.0,300.0,0.2040261153427638,0.6276150627615062
125031480,Fairfield - East,15742.0,0.2104561046880955,37.0,478.0,300.0,0.2040261153427638,0.6276150627615062
125031481,Granville - Clyde,23250.0,0.3302795698924731,31.0,629.0,420.0,0.313844714686623,0.6677265500794912
125031483,Guildford - South Granville,22386.0,0.2349682837487715,31.0,472.0,360.0,0.1821924253116913,0.7627118644067796
125031484,Guildford West - Merrylands West,22929.0,0.2386497448645819,33.0,587.0,400.0,0.2138663335415365,0.6814310051107325
125031486,Smithfield Industrial,10.0,0.0,43.0,850.0,150.0,0.0,0.1764705882352941
125031487,Yennora Industrial,12.0,0.0,51.0,350.0,462.0,0.0,1.32
125031713,Greystanes - South,16645.0,0.1634725142685491,39.0,740.0,480.0,0.1954707985697258,0.6486486486486487
125031714,Merrylands - Holroyd,23806.0,0.2688817945055868,33.0,630.0,400.0,0.2403542829410337,0.6349206349206349
125031715,Pemulwuy - Greystanes (North),10893.0,0.1666207656293032,38.0,894.0,500.0,0.186531417300648,0.5592841163310962
125031716,South Wentworthville,7305.0,0.2154688569472963,35.0,692.0,460.0,0.2196694881096332,0.6647398843930635
125041489,North Parramatta,22878.0,0.2744558090742198,35.0,944.0,410.0,0.3114501679731243,0.4343220338983051
125041490,North Rocks,8451.0,0.1432966512838717,41.0,917.0,550.0,0.2372556535070908,0.5997818974918212
125041491,Northmead,20275.0,0.2736868064118372,34.0,1007.0,420.0,0.2861455354305688,0.4170804369414101
125041493,Toongabbie - Constitution Hill,22853.0,0.1998424714479499,38.0,807.0,438.0,0.2586592178770949,0.5427509293680297
125041494,Winston Hills,11199.0,0.1317974819180284,40.0,939.0,530.0,0.221824686940966,0.564430244941427
125041588,Pendle Hill - Girraween,13939.0,0.1915488915991104,36.0,831.0,420.0,0.2012947602670443,0.5054151624548736
125041589,Wentworthville - Westmead,21568.0,0.2849591988130563,33.0,926.0,420.0,0.2537558044250205,0.4535637149028078
125041717,Parramatta - North,12062.0,0.4561432598242414,31.0,1119.0,450.0,0.3905061631261474,0.4021447721179624
125041718,Parramatta - South,9867.0,0.3896827809871288,32.0,845.0,400.0,0.3722407015421832,0.4733727810650887
125041719,Rosehill - Harris Park,9034.0,0.3983838831082577,32.0,836.0,375.0,0.3569816188326346,0.4485645933014354
126011496,Pennant Hills - Cheltenham,21737.0,0.1370474306482035,43.0,1045.0,530.0,0.2619962978783995,0.507177033492823
126011720,Epping (East) - North Epping,14404.0,0.2225770619272424,36.0,1025.0,500.0,0.3139137857447716,0.4878048780487805
126011721,Epping (NSW) - West,18690.0,0.2134296415195291,37.0,919.0,500.0,0.3034891375905201,0.544069640914037
126011721,Epping (NSW) - West,18690.0,0.2134296415195291,37.0,919.0,500.0,0.3034891375905201,0.544069640914037
126021498,Gladesville - Huntleys Point,15456.0,0.1975284679089027,40.0,1198.0,460.0,0.2800269905533063,0.3839732888146911
126021499,Hunters Hill - Woolwich,9844.0,0.1164160910199106,46.0,1244.0,540.0,0.2067071407921364,0.4340836012861736
126021500,Macquarie Park - Marsfield,23818.0,0.3360483667814258,34.0,900.0,470.0,0.4910141206675225,0.5222222222222223
126021501,North Ryde - East Ryde,15622.0,0.220138266547177,38.0,1054.0,521.0,0.2759136567642659,0.4943074003795066
126021503,West Ryde - Meadowbank,20102.0,0.2703213610586011,36.0,996.0,420.0,0.3544081489286969,0.4216867469879518
126021590,Putney,4163.0,0.1580590920009608,43.0,1084.0,700.0,0.2767497988736926,0.6457564575645757
126021722,Denistone,6969.0,0.1469364327737121,42.0,926.0,600.0,0.2667946257197697,0.6479481641468683
126021723,Eastwood,18974.0,0.2232528723516391,39.0,762.0,450.0,0.3370554887476378,0.5905511811023622
126021723,Eastwood,18974.0,0.2232528723516391,39.0,762.0,450.0,0.3370554887476378,0.5905511811023622
126021724,Ryde - North,20291.0,0.2052141343452762,39.0,880.0,430.0,0.3059360730593607,0.4886363636363636
126021725,Ryde - South,11972.0,0.332776478449716,33.0,1143.0,500.0,0.3321575543797766,0.4374453193350831
127011504,Ashcroft - Busby - Miller,17962.0,0.1980848457855472,33.0,452.0,266.0,0.1507912355447352,0.588495575221239
127011505,Austral - Greendale,12533.0,0.2313891326896991,34.0,787.0,500.0,0.188380716934487,0.6353240152477764
127011592,Badgerys Creek,25.0,0.16,46.0,850.0,182.0,0.5,0.2141176470588235
127011593,Cecil Hills,6906.0,0.19794381697075,38.0,727.0,550.0,0.2686433063791554,0.7565337001375516
127011594,Green Valley,12919.0,0.2067497484325412,37.0,580.0,450.0,0.2447569701455711,0.7758620689655172
127011595,Hinchinbrook,13038.0,0.2026384414787544,35.0,672.0,480.0,0.2282358360202671,0.7142857142857143
127011596,Hoxton Park - Carnes Hill - Horningsea Park,13263.0,0.1949785116489482,33.0,762.0,500.0,0.201571792693288,0.6561679790026247
127011597,West Hoxton - Middleton Grange,17194.0,0.194195649645225,33.0,808.0,525.0,0.2088268700308291,0.6497524752475248
127011726,Cobbitty - Bringelly,4761.0,0.2144507456416719,35.0,957.0,530.0,0.2052593133674214,0.5538140020898642
127011727,Gledswood Hills - Gregory Hills,14299.0,0.2778515980138471,30.0,1127.0,530.0,0.2065948855989232,0.4702750665483585
127011728,Leppington - Catherine Field,12559.0,0.246038697348515,33.0,893.0,550.0,0.2014076881429345,0.6159014557670772
127011729,Oran Park,17624.0,0.2617453472537449,30.0,1026.0,530.0,0.192179700499168,0.5165692007797271
127021509,Bonnyrigg Heights - Bonnyrigg,17154.0,0.2038591582138277,38.0,513.0,400.0,0.2330648114243866,0.7797270955165692
127021510,Bossley Park - Abbotsbury,19690.0,0.1852209243270695,41.0,559.0,470.0,0.2334735071488645,0.8407871198568873
127021511,Cabramatta - Lansvale,24101.0,0.2124808099248993,40.0,468.0,330.0,0.2429030530262453,0.7051282051282052
127021512,Cabramatta West - Mount Pritchard,18249.0,0.203956381171571,37.0,497.0,380.0,0.2040229885057471,0.7645875251509054
127021513,Canley Vale - Canley Heights,22261.0,0.2131530479313597,38.0,478.0,360.0,0.2349021241149521,0.7531380753138075
127021514,Edensor Park,10279.0,0.2059538865648409,39.0,538.0,450.0,0.2357452484161387,0.8364312267657993
127021515,Fairfield,18248.0,0.1950898728627794,40.0,453.0,367.0,0.2174865229110512,0.8101545253863135
127021516,Fairfield - West,21249.0,0.1957739187726481,37.0,457.0,450.0,0.2124466473908853,0.9846827133479212
127021517,Greenfield Park - Prairiewood,8855.0,0.1887069452286843,40.0,475.0,450.0,0.2331219694143976,0.9473684210526316
127021518,Horsley Park - Kemps Creek,4344.0,0.1742633517495396,44.0,779.0,440.0,0.2097959183673469,0.5648267008985879
127021518,Horsley Park - Kemps Creek,4344.0,0.1742633517495396,44.0,779.0,440.0,0.2097959183673469,0.5648267008985879
127021519,Smithfield - Wetherill Park,19510.0,0.1944643772424397,39.0,491.0,420.0,0.21827495042961,0.8553971486761711
127021520,St Johns Park - Wakeley,11197.0,0.184603018665714,42.0,492.0,450.0,0.2493734335839598,0.9146341463414634
127021521,Wetherill Park Industrial,37.0,0.1081081081081081,56.0,466.0,400.0,0.0,0.8583690987124464
127031522,Casula,16584.0,0.2033888084901109,36.0,645.0,450.0,0.2239078779016633,0.6976744186046512
127031523,Chipping Norton - Moorebank,20813.0,0.1758516311920434,37.0,809.0,500.0,0.2013308573197152,0.6180469715698393
127031524,Holsworthy - Wattle Grove,21129.0,0.2059255052297789,35.0,1027.0,495.0,0.2234164517053597,0.4819863680623174
127031524,Holsworthy - Wattle Grove,21129.0,0.2059255052297789,35.0,1027.0,495.0,0.2234164517053597,0.4819863680623174
127031599,Lurnea - Cartwright,12670.0,0.2041831097079716,33.0,471.0,350.0,0.1613324624428478,0.7430997876857749
127031601,Warwick Farm,5937.0,0.2538319016338218,35.0,598.0,320.0,0.2408060453400503,0.5351170568561873
127031730,Edmondson Park,12080.0,0.2519867549668874,31.0,1008.0,550.0,0.2308045977011494,0.5456349206349206
127031731,Liverpool - East,17536.0,0.3209397810218978,32.0,699.0,380.0,0.2578265858056056,0.5436337625178826
127031732,Liverpool - West,13737.0,0.2139477324015432,36.0,479.0,360.0,0.2270695892743136,0.7515657620041754
127031733,Prestons,15692.0,0.1888860565893449,34.0,757.0,520.0,0.2361668703089544,0.6869220607661823
128011529,Gymea - Grays Point,18156.0,0.1549350077109495,41.0,1046.0,530.0,0.2286413248024087,0.5066921606118547
128011530,Miranda - Yowie Bay,20705.0,0.1862835063994204,40.0,941.0,490.0,0.236703988803359,0.5207226354941552
128011531,Sylvania - Taren Point,16430.0,0.1379793061472915,46.0,855.0,550.0,0.2093950808774651,0.6432748538011696
128011602,Caringbah,12858.0,0.2200964380152434,37.0,1020.0,470.0,0.2457744527569964,0.4607843137254901
128011603,Caringbah South,13015.0,0.1416826738378793,42.0,1044.0,730.0,0.2072238333772739,0.6992337164750958
128011604,Cronulla - Kurnell - Bundeena,24374.0,0.2067366866332977,42.0,1124.0,500.0,0.2640827722121859,0.4448398576512455
128011605,Lilli Pilli - Port Hacking - Dolans Bay,3369.0,0.1395072721875927,42.0,1195.0,833.0,0.2677902621722846,0.6970711297071129
128011606,Woolooware - Burraneer,8947.0,0.1853135129093551,40.0,1157.0,550.0,0.2546981207516993,0.4753673292999135
128021533,Heathcote - Waterfall,6673.0,0.1498576352465158,42.0,949.0,520.0,0.2082288008028098,0.547945205479452
128021534,Illawong - Alfords Point,10554.0,0.1623081296191017,43.0,976.0,680.0,0.2643126499828591,0.6967213114754098
128021535,Menai - Lucas Heights - Woronora,20927.0,0.1669613418072346,40.0,989.0,580.0,0.2528772896741773,0.5864509605662285
128021536,Oyster Bay - Como - Jannali,22063.0,0.1381951683814531,40.0,1063.0,500.0,0.2168864678899082,0.4703668861712135
128021537,Royal National Park,42.0,0.3333333333333333,22.0,825.0,390.0,0.1785714285714285,0.4727272727272727
128021538,Sutherland - Kirrawee,23238.0,0.2232980463034684,38.0,1056.0,460.0,0.2663172939494997,0.4356060606060606
128021607,Engadine,17356.0,0.1414496427748329,39.0,946.0,500.0,0.2050420168067226,0.5285412262156448
128021608,Loftus - Yarrawarrah,7348.0,0.1462983124659771,40.0,972.0,550.0,0.2253072371415566,0.565843621399177
128021609,Woronora Heights,3539.0,0.1449562023170387,44.0,1023.0,738.0,0.2814885496183206,0.7214076246334311
197979799,Migratory - Offshore - Shipping (NSW),,,,,,,
199999499,No usual address (NSW),,,,,,,
201011001,Alfredton,16835.0,0.187050787050787,34.0,865.0,370.0,0.2066057624736472,0.4277456647398844
201011002,Ballarat,12131.0,0.1685763745775286,45.0,842.0,313.0,0.2599609919197548,0.3717339667458432
201011005,Buninyong,7261.0,0.1334526924666024,42.0,805.0,330.0,0.224751655629139,0.4099378881987577
201011006,Delacombe,10661.0,0.2621705280930494,33.0,775.0,360.0,0.2234340916173262,0.4645161290322581
201011007,Smythes Creek,4230.0,0.1307328605200945,41.0,802.0,350.0,0.1576862123613312,0.4364089775561097
201011008,Wendouree - Miners Rest,15333.0,0.2055044674884236,38.0,642.0,260.0,0.1664043175174274,0.4049844236760124
201011481,Ballarat East - Warrenheip,9691.0,0.210195026313074,41.0,671.0,288.0,0.2543757292882147,0.4292101341281669
201011482,Ballarat North - Invermay,14750.0,0.1749152542372881,41.0,837.0,300.0,0.2108433734939759,0.3584229390681003
201011483,Canadian - Mount Clear,12225.0,0.2331288343558282,37.0,733.0,295.0,0.2521390374331551,0.4024556616643929
201011484,Sebastopol - Redan,13086.0,0.2266544398593917,39.0,614.0,260.0,0.2046943231441048,0.4234527687296417
201021009,Bacchus Marsh Surrounds,6559.0,0.1410275956700716,43.0,770.0,330.0,0.1582041688936397,0.4285714285714285
201021010,Creswick - Clunes,8085.0,0.1150278293135436,49.0,628.0,250.0,0.1328965839962564,0.3980891719745223
201021011,Daylesford,9955.0,0.1014565544952285,53.0,703.0,330.0,0.1619547657512116,0.4694167852062589
201021012,Gordon (Vic.),6372.0,0.1242937853107344,44.0,765.0,270.0,0.1483429773803261,0.3529411764705882
201031013,Avoca,3532.0,0.106172140430351,53.0,516.0,200.0,0.1080485115766262,0.3875968992248062
201031014,Beaufort,4644.0,0.1294142980189492,49.0,628.0,218.0,0.1074049366244162,0.3471337579617834
201031015,Golden Plains - North,4894.0,0.1479362484675112,43.0,668.0,250.0,0.1247372109320252,0.374251497005988
201031016,Maryborough (Vic.),8160.0,0.1432598039215686,51.0,511.0,240.0,0.111340206185567,0.4696673189823874
201031017,Maryborough Surrounds,5526.0,0.1080347448425624,53.0,494.0,200.0,0.0960729312762973,0.4048582995951417
202011018,Bendigo,14929.0,0.2334382744992966,39.0,712.0,280.0,0.2420644535982554,0.3932584269662921
202011019,California Gully - Eaglehawk,12949.0,0.2173140783072052,38.0,660.0,280.0,0.1699364465321912,0.4242424242424242
202011020,East Bendigo - Kennington,13988.0,0.1877323420074349,44.0,759.0,295.0,0.2445099089448312,0.3886693017127799
202011021,Flora Hill - Spring Gully,9437.0,0.2209388576878245,38.0,770.0,290.0,0.2965931863727455,0.3766233766233766
202011022,Kangaroo Flat - Golden Square,21043.0,0.1934610084113482,42.0,676.0,290.0,0.1736135641116213,0.4289940828402367
202011023,Maiden Gully,5518.0,0.1428053642624139,37.0,896.0,380.0,0.1522727272727272,0.4241071428571428
202011024,Strathfieldsaye,10719.0,0.1346207668625804,39.0,897.0,400.0,0.1626248216833095,0.4459308807134894
202011025,White Hills - Ascot,14446.0,0.2180534403987263,34.0,811.0,330.0,0.1700359389038634,0.406905055487053
202021026,Bendigo Surrounds - South,8344.0,0.147051773729626,41.0,836.0,320.0,0.1501584786053882,0.3827751196172249
202021027,Castlemaine,11352.0,0.1225334742776603,50.0,683.0,310.0,0.148881239242685,0.4538799414348463
202021028,Castlemaine Surrounds,9225.0,0.1072086720867208,52.0,666.0,280.0,0.1501294219154443,0.4204204204204204
202021029,Heathcote,5062.0,0.1137890161991307,53.0,556.0,260.0,0.1110266159695817,0.4676258992805755
202021030,Kyneton,10562.0,0.1270592690778261,46.0,771.0,351.0,0.1583248212461695,0.4552529182879377
202021031,Woodend,7949.0,0.0978739464083532,46.0,870.0,392.0,0.1627231216272312,0.4505747126436781
202031032,Bendigo Surrounds - North,4934.0,0.1337657073368463,46.0,681.0,230.0,0.1331521739130435,0.3377386196769457
202031033,Loddon,7289.0,0.1148305666072163,52.0,551.0,170.0,0.08984375,0.308529945553539
203011034,Bannockburn,7754.0,0.1590147020892442,36.0,865.0,386.0,0.1399921352732992,0.446242774566474
203011035,Golden Plains - South,8111.0,0.1441252619898902,40.0,780.0,308.0,0.1432048681541582,0.3948717948717948
203011036,Winchelsea,6614.0,0.1424251587541578,43.0,826.0,300.0,0.1592554291623578,0.3631961259079903
203021037,Belmont,15017.0,0.2461210627954984,37.0,799.0,350.0,0.2962703962703962,0.4380475594493116
203021039,Geelong,13504.0,0.2567387440758293,40.0,843.0,340.0,0.3788949986907567,0.4033214709371293
203021040,Geelong West - Hamlyn Heights,21200.0,0.2324056603773585,37.0,918.0,335.0,0.2704391891891892,0.3649237472766884
203021042,Highton,24034.0,0.1983024049263543,38.0,859.0,365.0,0.3284259600049073,0.4249126891734575
203021043,Lara,20817.0,0.2068021328721717,37.0,827.0,370.0,0.1589004850801117,0.4474002418379685
203021044,Leopold,13272.0,0.1754068716094032,41.0,757.0,375.0,0.208963431399505,0.4953764861294584
203021045,Newcomb - Moolap,15462.0,0.2015263225973354,45.0,627.0,300.0,0.1988407258064516,0.4784688995215311
203021046,Newtown (Vic.),10445.0,0.1690761129727142,40.0,1001.0,360.0,0.2301829268292683,0.3596403596403596
203021047,North Geelong - Bell Park,15795.0,0.2041785375118708,42.0,692.0,340.0,0.226126999515269,0.4913294797687861
203021485,Charlemont,10300.0,0.3221359223300971,31.0,918.0,420.0,0.3044645854313528,0.457516339869281
203021486,Corio - Lovely Banks,18325.0,0.2222646657571623,36.0,574.0,280.0,0.1566428814135236,0.4878048780487805
203021487,Grovedale - Mount Duneed,24763.0,0.2354318943585187,36.0,784.0,390.0,0.2914394765539804,0.4974489795918367
203021488,Norlane,9051.0,0.2450557949397856,38.0,499.0,254.0,0.1621621621621621,0.5090180360721442
203031048,Clifton Springs,16797.0,0.1491933083288682,45.0,707.0,380.0,0.1999069117989295,0.5374823196605375
203031049,Lorne - Anglesea,6234.0,0.1211100417067693,55.0,881.0,390.0,0.2115637319316688,0.4426787741203178
203031051,Portarlington,9536.0,0.0960570469798657,59.0,605.0,340.0,0.1559454191033138,0.5619834710743802
203031052,Point Lonsdale - Queenscliff,5519.0,0.0795433955426707,61.0,818.0,400.0,0.1958333333333333,0.4889975550122249
203031053,Torquay,24607.0,0.1415857276384768,40.0,1001.0,500.0,0.1897687637256168,0.4995004995004995
203031489,Barwon Heads - Armstrong Creek,11333.0,0.2033883349510279,35.0,1004.0,420.0,0.2106505771248688,0.4183266932270916
203031490,Ocean Grove,19394.0,0.1265339795813138,44.0,850.0,420.0,0.1809677999640223,0.4941176470588235
204011054,Alexandra,6828.0,0.1145284124194493,54.0,643.0,250.0,0.1485461441213653,0.3888024883359253
204011055,Euroa,6922.0,0.1096503900606761,55.0,621.0,250.0,0.1158774373259052,0.4025764895330113
204011056,Kilmore - Broadford,15563.0,0.1767654051275461,40.0,737.0,330.0,0.1698612029081295,0.4477611940298507
204011057,Mansfield (Vic.),10517.0,0.1302652847770276,48.0,722.0,320.0,0.1066884176182708,0.4432132963988919
204011058,Nagambie,4537.0,0.1240908089045624,51.0,715.0,285.0,0.1175390266299357,0.3986013986013986
204011059,Seymour,6569.0,0.1886131831328969,45.0,633.0,250.0,0.1656642974302897,0.3949447077409163
204011060,Seymour Surrounds,4645.0,0.1944025834230355,39.0,908.0,265.0,0.1547799696509863,0.2918502202643172
204011061,Upper Yarra Valley,238.0,0.1008403361344537,43.0,540.0,260.0,0.0344827586206896,0.4814814814814814
204011062,Yea,4182.0,0.1090387374461979,53.0,635.0,300.0,0.1113043478260869,0.4724409448818897
204021063,Benalla,10822.0,0.1484014045462945,51.0,645.0,250.0,0.1384615384615384,0.3875968992248062
204021064,Benalla Surrounds,3781.0,0.1057921184871727,52.0,688.0,220.0,0.1152647975077881,0.3197674418604651
204021065,Rutherglen,4047.0,0.1334321719792439,49.0,734.0,243.0,0.1646168401135288,0.3310626702997275
204021066,Wangaratta,19882.0,0.164068001207122,44.0,708.0,260.0,0.1634328358208955,0.3672316384180791
204021067,Wangaratta Surrounds,9925.0,0.1086146095717884,48.0,763.0,250.0,0.1223880597014925,0.327653997378768
204031068,Beechworth,4986.0,0.1016847172081829,49.0,766.0,300.0,0.1473533619456366,0.391644908616188
204031069,Bright - Mount Beauty,8903.0,0.144670335841851,47.0,768.0,298.0,0.1678013616339607,0.3880208333333333
204031070,Chiltern - Indigo Valley,3184.0,0.1293969849246231,47.0,752.0,260.0,0.1538461538461538,0.3457446808510638
204031071,Myrtleford,4745.0,0.1338250790305584,50.0,683.0,250.0,0.1630067567567567,0.3660322108345534
204031072,Towong,6196.0,0.1094254357650096,52.0,688.0,210.0,0.116891064871481,0.3052325581395348
204031073,West Wodonga,15396.0,0.1792673421667965,39.0,763.0,290.0,0.1814604285089637,0.3800786369593709
204031075,Yackandandah,5221.0,0.1170273893890059,45.0,851.0,280.0,0.1483312731767614,0.3290246768507638
204031491,Baranduda - Leneva,12778.0,0.2162310220691814,33.0,977.0,385.0,0.2348520432127759,0.3940634595701126
204031492,Wodonga,15082.0,0.1922158864872032,41.0,717.0,260.0,0.1940263405456256,0.3626220362622036
205011076,Drouin,19773.0,0.1873261518231932,39.0,704.0,330.0,0.1669633321466714,0.46875
205011077,Mount Baw Baw Region,6585.0,0.1309035687167805,48.0,695.0,250.0,0.1455627705627705,0.3597122302158273
205011078,Trafalgar (Vic.),8368.0,0.1557122370936902,43.0,722.0,300.0,0.1605407689057879,0.4155124653739612
205011079,Warragul,23051.0,0.1824215869159689,41.0,756.0,320.0,0.1816499614494988,0.4232804232804232
205021080,Alps - East,,,,,,,
205021081,Bairnsdale,15684.0,0.1659015557255802,45.0,648.0,280.0,0.1422127255460588,0.4320987654320987
205021082,Bruthen - Omeo,8290.0,0.1354644149577804,48.0,669.0,250.0,0.1111611161116111,0.3736920777279521
205021083,Lake King,,,,,,,
205021084,Lakes Entrance,11164.0,0.1048907201719813,55.0,562.0,270.0,0.1123188405797101,0.4804270462633452
205021085,Orbost,6727.0,0.1071800208116545,55.0,529.0,190.0,0.1013241220495106,0.3591682419659735
205021086,Paynesville,6977.0,0.0855668625483732,61.0,571.0,310.0,0.1613924050632911,0.542907180385289
205031087,Foster,9446.0,0.1033241583739148,54.0,619.0,250.0,0.1148973350808213,0.4038772213247172
205031088,French Island,139.0,0.0359712230215827,52.0,444.0,346.0,0.0,0.7792792792792793
205031089,Korumburra,9842.0,0.1451940662466978,46.0,680.0,280.0,0.1355212355212355,0.4117647058823529
205031090,Leongatha,11502.0,0.1211093722830812,47.0,668.0,270.0,0.1242694555521378,0.4041916167664671
205031091,Phillip Island,13799.0,0.1151532719762301,52.0,640.0,330.0,0.1376196990424076,0.515625
205031092,Wilsons Promontory,16.0,0.1875,31.0,1291.0,100.0,0.0,0.0774593338497288
205031093,Wonthaggi - Inverloch,26792.0,0.1259331143624962,51.0,618.0,298.0,0.1394163964798518,0.4822006472491909
205041094,Churchill,11912.0,0.166974479516454,42.0,668.0,230.0,0.1749347258485639,0.344311377245509
205041095,Moe - Newborough,17291.0,0.1769706783876005,45.0,583.0,210.0,0.1502726281352235,0.3602058319039451
205041096,Morwell,14432.0,0.1831347006651884,43.0,523.0,215.0,0.1351224105461393,0.4110898661567878
205041098,Yallourn North - Glengarry,4707.0,0.1746335245379222,41.0,747.0,250.0,0.1565995525727069,0.3346720214190093
205041493,Traralgon - East,12000.0,0.1953333333333333,41.0,709.0,250.0,0.171386430678466,0.3526093088857546
205041494,Traralgon - West,16822.0,0.1911782189989299,39.0,822.0,300.0,0.1793388429752066,0.364963503649635
205051099,Alps - West,23.0,0.0,65.0,575.0,20.0,0.0,0.0347826086956521
205051100,Longford - Loch Sport,4915.0,0.1204476093591047,52.0,600.0,200.0,0.1458507963118189,0.3333333333333333
205051101,Maffra,14756.0,0.1578341013824885,43.0,670.0,250.0,0.1250607090820786,0.373134328358209
205051102,Rosedale,4928.0,0.216314935064935,39.0,723.0,236.0,0.0733496332518337,0.326417704011065
205051103,Sale,15301.0,0.1750212404418012,42.0,702.0,280.0,0.1713424530489218,0.3988603988603988
205051104,Yarram,5605.0,0.11935771632471,53.0,547.0,240.0,0.0994764397905759,0.4387568555758683
206011106,Brunswick East,12738.0,0.4127021510441199,33.0,1244.0,421.0,0.5056636654080744,0.3384244372990354
206011107,Brunswick West,14318.0,0.3362201424779997,35.0,1002.0,365.0,0.440482046237088,0.3642714570858283
206011109,Pascoe Vale South,10390.0,0.1879692011549567,39.0,954.0,421.0,0.2657903174094261,0.4412997903563941
206011495,Brunswick - North,12890.0,0.3719937936384794,34.0,1032.0,431.0,0.5138121546961326,0.4176356589147287
206011496,Brunswick - South,12983.0,0.4032966186551644,34.0,1154.0,450.0,0.5362950058072009,0.389948006932409
206011497,Coburg - East,12535.0,0.2863980853609892,37.0,880.0,416.0,0.4109008754589099,0.4727272727272727
206011498,Coburg - West,14031.0,0.2327702943482289,37.0,905.0,450.0,0.3181367690782953,0.4972375690607735
206021110,Alphington - Fairfield,8994.0,0.2350455859461863,38.0,1098.0,381.0,0.350411368735976,0.3469945355191257
206021112,Thornbury,18919.0,0.256778899519002,37.0,1041.0,396.0,0.3520120345994735,0.3804034582132565
206021499,Northcote - East,15068.0,0.2454871250331829,38.0,1130.0,461.0,0.3390725436179981,0.4079646017699115
206021500,Northcote - West,10299.0,0.2733275075250024,36.0,1216.0,490.0,0.3534366576819407,0.4029605263157895
206031113,Ascot Vale,15191.0,0.236389967744059,37.0,1080.0,370.0,0.2875859106529209,0.3425925925925926
206031115,Flemington,9065.0,0.3470490899062328,34.0,927.0,324.0,0.3789173789173789,0.3495145631067961
206031116,Moonee Ponds,16224.0,0.261526134122288,38.0,1113.0,400.0,0.3494226327944573,0.3593890386343216
206031501,Essendon (West) - Aberfeldie,16042.0,0.1944271287869343,40.0,1019.0,382.0,0.2829595472647244,0.3748773307163886
206031502,Essendon - East,12191.0,0.2633089984414732,37.0,1111.0,371.0,0.3417832167832167,0.3339333933393339
206041117,Carlton,16655.0,0.578084659261483,27.0,652.0,365.0,0.7178784860557769,0.5598159509202454
206041118,Docklands,15493.0,0.4905441166978636,32.0,1182.0,411.0,0.4912959381044487,0.3477157360406091
206041119,East Melbourne,4896.0,0.289828431372549,42.0,1532.0,480.0,0.4491609081934847,0.3133159268929504
206041120,Flemington Racecourse,77.0,0.5844155844155844,32.0,1281.0,401.0,0.9130434782608696,0.3130366900858704
206041121,Kensington (Vic.),10745.0,0.3077710563052582,35.0,1246.0,416.0,0.3996017258546299,0.333868378812199
206041124,Parkville,7297.0,0.4419624503220501,26.0,588.0,396.0,0.7494033412887828,0.673469387755102
206041125,South Yarra - West,6423.0,0.2858477347034096,39.0,1454.0,457.0,0.3214072748956469,0.3143053645116919
206041127,West Melbourne - Industrial,,,,,,,
206041503,Melbourne CBD - East,9848.0,0.546608448415922,30.0,884.0,375.0,0.5765832106038291,0.4242081447963801
206041504,Melbourne CBD - North,16870.0,0.7267338470657972,26.0,638.0,361.0,0.715330894579315,0.5658307210031348
206041505,Melbourne CBD - West,15648.0,0.6684560327198364,29.0,861.0,376.0,0.6422287390029325,0.4367015098722416
206041506,North Melbourne,15637.0,0.4330753980942636,31.0,953.0,381.0,0.4953195610071013,0.3997901364113326
206041507,Royal Botanic Gardens Victoria,,,,,,,
206041508,Southbank (West) - South Wharf,6463.0,0.4592294600030945,33.0,1227.0,430.0,0.4963908939478068,0.3504482477587612
206041509,Southbank - East,16101.0,0.5753058816222595,31.0,1152.0,408.0,0.6387886081026876,0.3541666666666667
206041510,West Melbourne - Residential,7446.0,0.5350523771152297,31.0,1047.0,390.0,0.5486033519553073,0.3724928366762177
206051128,Albert Park,15825.0,0.2108056872037914,41.0,1352.0,493.0,0.3096881694834563,0.3646449704142012
206051129,Elwood,14818.0,0.2633283843973545,38.0,1363.0,415.0,0.3227261338010523,0.3044754218635363
206051130,Port Melbourne,16192.0,0.16699604743083,43.0,1372.0,522.0,0.2336862841664614,0.380466472303207
206051134,St Kilda East,15813.0,0.3504711313476253,34.0,1210.0,384.0,0.3963644424739526,0.3173553719008264
206051511,Port Melbourne Industrial,1907.0,0.4944939695857367,32.0,1346.0,585.0,0.3218210361067504,0.4346210995542348
206051511,Port Melbourne Industrial,1907.0,0.4944939695857367,32.0,1346.0,585.0,0.3218210361067504,0.4346210995542348
206051512,South Melbourne,11693.0,0.2606687761908834,39.0,1310.0,421.0,0.3309492847854356,0.3213740458015267
206051513,St Kilda - Central,11857.0,0.3958842877625032,35.0,1220.0,381.0,0.4174592391304347,0.3122950819672131
206051514,St Kilda - West,13858.0,0.325515947467167,38.0,1236.0,392.0,0.3551499348109517,0.3171521035598705
206061135,Armadale,9336.0,0.2746358183376178,38.0,1361.0,421.0,0.3642439431913116,0.3093313739897134
206061136,Prahran - Windsor,19119.0,0.4028453370992206,34.0,1343.0,421.0,0.4642226148409894,0.3134772896500372
206061138,Toorak,12953.0,0.2122288272986952,47.0,1428.0,490.0,0.324468085106383,0.3431372549019608
206061515,South Yarra - North,11192.0,0.5092923516797713,32.0,1412.0,426.0,0.5327736519212141,0.301699716713881
206061516,South Yarra - South,9939.0,0.3891739611630949,35.0,1329.0,395.0,0.4126719466444352,0.2972159518434913
206071139,Abbotsford,9088.0,0.4339788732394366,33.0,1354.0,425.0,0.484312859036677,0.3138847858197932
206071140,Carlton North - Princes Hill,8186.0,0.3652577571463474,34.0,1197.0,541.0,0.4958315050460728,0.4519632414369256
206071141,Collingwood,9179.0,0.4338163198605512,33.0,1338.0,425.0,0.4266777133388567,0.3176382660687593
206071142,Fitzroy,10431.0,0.3627648355862333,35.0,1265.0,451.0,0.3818681318681318,0.3565217391304348
206071143,Fitzroy North,12781.0,0.3133557624599014,36.0,1241.0,481.0,0.3991947080816796,0.3875906526994359
206071145,Clifton Hill - Alphington,9855.0,0.2568239472349061,37.0,1340.0,500.0,0.3430550492161867,0.373134328358209
206071517,Richmond (South) - Cremorne,17671.0,0.4017316507271801,33.0,1509.0,508.0,0.4179175601620205,0.3366467859509609
206071518,Richmond - North,13867.0,0.3896300569697843,34.0,1183.0,400.0,0.4160045402951192,0.3381234150464919
207011146,Ashburton (Vic.),7952.0,0.1470070422535211,41.0,1002.0,455.0,0.255984555984556,0.4540918163672655
207011147,Balwyn,16163.0,0.1652539751283796,43.0,873.0,461.0,0.3055878928987194,0.5280641466208477
207011148,Balwyn North,21123.0,0.1545235051839227,42.0,852.0,554.0,0.2758476931628683,0.6502347417840375
207011149,Camberwell,21232.0,0.175584024114544,43.0,1051.0,490.0,0.3129231232134797,0.4662226450999048
207011150,Glen Iris - East,16829.0,0.1628736110285816,41.0,1165.0,522.0,0.2800435019032082,0.448068669527897
207011152,Hawthorn East,15684.0,0.2823259372609028,36.0,1228.0,411.0,0.3638275499474238,0.3346905537459283
207011154,Kew East,6482.0,0.1664609688367787,41.0,1042.0,466.0,0.2879731672256828,0.4472168905950096
207011155,Surrey Hills (West) - Canterbury,15944.0,0.1491470145509282,45.0,1088.0,475.0,0.2935726693688477,0.4365808823529412
207011519,Hawthorn - North,9890.0,0.2891809908998989,35.0,1215.0,401.0,0.4340542187024063,0.3300411522633745
207011520,Hawthorn - South,11957.0,0.3425608430208246,34.0,1207.0,400.0,0.4463186077643909,0.3314001657000828
207011521,Kew - South,11601.0,0.1963623825532281,42.0,1104.0,501.0,0.3303094983991462,0.453804347826087
207011522,Kew - West,13039.0,0.2045402254774139,41.0,1133.0,456.0,0.3080972674855853,0.4024713150926743
207021156,Bulleen,11289.0,0.1713172114447692,45.0,739.0,460.0,0.2918807810894142,0.6224627875507442
207021157,Doncaster,24814.0,0.221769968566132,40.0,721.0,450.0,0.3336716937354988,0.624133148404993
207021159,Templestowe,16966.0,0.147884003300719,46.0,781.0,513.0,0.2497338726846923,0.6568501920614597
207021160,Templestowe Lower,14191.0,0.141920935804383,45.0,753.0,475.0,0.233659289758106,0.6308100929614874
207021424,Doncaster East - North,15672.0,0.1617534456355283,43.0,704.0,497.0,0.27493321460374,0.7059659090909091
207021425,Doncaster East - South,15454.0,0.1669470687200724,40.0,698.0,460.0,0.2342054881940012,0.6590257879656161
207031161,Blackburn,22106.0,0.1832081787749932,40.0,900.0,420.0,0.2860896219529996,0.4666666666666667
207031162,Blackburn South,10939.0,0.1625377091141786,42.0,753.0,410.0,0.2618325242718446,0.5444887118193891
207031163,Box Hill,22841.0,0.3245479619981612,34.0,682.0,391.0,0.415929203539823,0.5733137829912024
207031164,Box Hill North,18126.0,0.2052300562727573,39.0,788.0,438.0,0.302406093127921,0.5558375634517766
207031165,Burwood (Vic.),12336.0,0.3354409857328145,33.0,637.0,401.0,0.4798628963153384,0.6295133437990581
207031166,Burwood East,10675.0,0.2263231850117096,41.0,676.0,439.0,0.3614898570003325,0.6494082840236687
207031167,Surrey Hills (East) - Mont Albert,10166.0,0.1881762738540232,42.0,1071.0,462.0,0.3169329073482428,0.4313725490196078
208011168,Beaumaris,14021.0,0.1073389915127309,48.0,1043.0,612.0,0.221441947565543,0.5867689357622243
208011169,Brighton (Vic.),22758.0,0.1298005097108709,48.0,1265.0,600.0,0.2511422479439537,0.4743083003952569
208011170,Brighton East,16540.0,0.1211608222490931,44.0,1064.0,602.0,0.2187149794546133,0.5657894736842105
208011171,Highett (West) - Cheltenham,12439.0,0.1578905056676581,40.0,1025.0,450.0,0.2259425257052465,0.4390243902439024
208011172,Hampton,18200.0,0.145054945054945,43.0,1033.0,471.0,0.2508450453655933,0.4559535333978702
208011173,Sandringham - Black Rock,17358.0,0.11764028113838,48.0,1082.0,486.0,0.2468265162200282,0.4491682070240296
208021174,Bentleigh - McKinnon,24896.0,0.1741243573264781,40.0,970.0,491.0,0.2596899224806202,0.5061855670103093
208021176,Carnegie,18534.0,0.2970756447609798,36.0,1011.0,395.0,0.3891820580474934,0.390702274975272
208021177,Caulfield - North,22362.0,0.2545836687237277,35.0,1110.0,426.0,0.3206442166910688,0.3837837837837838
208021178,Caulfield - South,18075.0,0.1803596127247579,41.0,1044.0,483.0,0.2625164072754547,0.4626436781609195
208021179,Elsternwick,11904.0,0.2220262096774193,38.0,1193.0,426.0,0.2696465089103126,0.3570829840737636
208021180,Hughesdale,7563.0,0.2435541451804839,38.0,935.0,416.0,0.3364864864864865,0.4449197860962567
208021181,Murrumbeena,9369.0,0.2341765396520439,38.0,1023.0,390.0,0.3342929111191076,0.3812316715542522
208021182,Ormond - Glen Huntly,13128.0,0.2696526508226691,36.0,1013.0,391.0,0.3385272681578286,0.3859822309970385
208021426,Bentleigh East - North,16583.0,0.1504552855333775,39.0,919.0,508.0,0.2158286440370303,0.5527747551686616
208021427,Bentleigh East - South,14057.0,0.158568684641104,40.0,934.0,490.0,0.225652610441767,0.5246252676659529
208031183,Aspendale Gardens - Waterways,8853.0,0.1483113069016152,42.0,846.0,510.0,0.2513781697905182,0.6028368794326241
208031184,Braeside,31.0,0.3225806451612903,56.0,900.0,504.0,0.0,0.56
208031185,Carrum - Patterson Lakes,12032.0,0.1541722074468085,44.0,890.0,420.0,0.2275132275132275,0.4719101123595505
208031186,Chelsea - Bonbeach,15204.0,0.1808734543541173,41.0,962.0,381.0,0.2089475045254719,0.396049896049896
208031187,Chelsea Heights,5393.0,0.1483404413128129,40.0,805.0,412.0,0.2102564102564102,0.5118012422360249
208031188,Highett (East) - Cheltenham,24085.0,0.1866306829977164,40.0,925.0,421.0,0.2462789627129047,0.4551351351351351
208031189,Edithvale - Aspendale,13563.0,0.1565287915652879,40.0,1022.0,440.0,0.2202040308534461,0.4305283757338551
208031190,Mentone,13197.0,0.1766310525119345,42.0,981.0,392.0,0.2520091848450057,0.399592252803262
208031191,Moorabbin - Heatherton,9116.0,0.168494953927161,40.0,924.0,440.0,0.2225036179450072,0.4761904761904761
208031192,Moorabbin Airport,26.0,0.8846153846153846,22.0,0.0,486.0,1.0,inf
208031193,Mordialloc - Parkdale,21199.0,0.1566111609038162,42.0,977.0,400.0,0.2357867611531647,0.4094165813715456
208041194,Malvern - Glen Iris,20239.0,0.2138939670932358,40.0,1264.0,410.0,0.3224717204119534,0.3243670886075949
208041195,Malvern East,21923.0,0.228937645395247,38.0,1057.0,421.0,0.3488536654401358,0.3982970671712393
209011196,Bundoora - East,9831.0,0.2117790662191028,39.0,706.0,385.0,0.2855626326963906,0.5453257790368272
209011197,Greensborough,20807.0,0.1547075503436343,42.0,907.0,400.0,0.230542043085476,0.4410143329658214
209011198,Heidelberg - Rosanna,16039.0,0.1854853793877423,40.0,1030.0,401.0,0.2588005215123859,0.3893203883495145
209011199,Heidelberg West,14852.0,0.2796929706436843,35.0,782.0,353.0,0.3129770992366412,0.4514066496163683
209011200,Ivanhoe,12458.0,0.2003531867073366,41.0,1080.0,440.0,0.3135451505016722,0.4074074074074074
209011201,Ivanhoe East - Eaglemont,7740.0,0.1547803617571059,45.0,1167.0,451.0,0.2850953206239168,0.3864610111396744
209011202,Montmorency - Briar Hill,16539.0,0.1439627547010097,42.0,957.0,415.0,0.2142702233788766,0.4336468129571578
209011203,Viewbank - Yallambie,18733.0,0.1603587252442214,40.0,900.0,400.0,0.2269477543538038,0.4444444444444444
209011204,Watsonia,9236.0,0.1889346037245561,39.0,871.0,390.0,0.2370550161812297,0.4477611940298507
209021205,Kingsbury,10408.0,0.3100499615680246,34.0,691.0,369.0,0.4632313472893183,0.5340086830680174
209021428,Preston - East,20711.0,0.2824585968808845,36.0,863.0,391.0,0.3733426378227494,0.4530706836616454
209021429,Preston - West,12696.0,0.2171550094517958,38.0,902.0,400.0,0.2942130881557598,0.4434589800443459
209021523,Reservoir - North East,14795.0,0.2838120986819871,36.0,772.0,358.0,0.32453300124533,0.4637305699481865
209021524,Reservoir - North West,9801.0,0.1892664013876135,43.0,580.0,371.0,0.2383743649863227,0.6396551724137931
209021525,Reservoir - South East,12799.0,0.254238612391593,38.0,688.0,349.0,0.3004694835680751,0.5072674418604651
209021526,Reservoir - South West,14090.0,0.2404542228530873,37.0,865.0,361.0,0.283014236622484,0.4173410404624277
209031209,Eltham,23444.0,0.135940965705511,43.0,984.0,446.0,0.2277101613359751,0.4532520325203252
209031210,Hurstbridge,3554.0,0.158975801913337,41.0,898.0,420.0,0.2411143131604226,0.4677060133630289
209031211,Kinglake,4204.0,0.1531874405328258,42.0,782.0,306.0,0.1502669717772692,0.391304347826087
209031212,Panton Hill - St Andrews,5091.0,0.1341583186014535,48.0,876.0,300.0,0.2193947730398899,0.3424657534246575
209031213,Plenty - Yarrambat,9454.0,0.1521049291305267,43.0,950.0,480.0,0.2361918604651162,0.5052631578947369
209031214,Research - North Warrandyte,6935.0,0.1336697909156452,43.0,1019.0,462.0,0.2430964237211408,0.4533856722276742
209031215,Wattle Glen - Diamond Creek,14417.0,0.1797877505722411,39.0,961.0,429.0,0.2462790697674418,0.4464099895941727
209041216,Bundoora - North,7350.0,0.2537414965986395,37.0,733.0,381.0,0.3714520773344302,0.519781718963165
209041217,Bundoora - West,6186.0,0.2411897833818299,40.0,638.0,380.0,0.3327228327228327,0.5956112852664577
209041220,Mill Park - North,17470.0,0.2111047510017172,40.0,731.0,365.0,0.2752158349126132,0.4993160054719562
209041221,Mill Park - South,11240.0,0.220017793594306,39.0,691.0,369.0,0.2696029362696029,0.5340086830680174
209041223,Thomastown,19998.0,0.2253225322532253,39.0,502.0,350.0,0.2640645043063954,0.6972111553784861
209041224,Wallan,22627.0,0.2207539665001988,33.0,862.0,361.0,0.1657466188241788,0.4187935034802784
209041225,Whittlesea,10661.0,0.2051402307475846,37.0,780.0,375.0,0.1742424242424242,0.4807692307692308
209041431,Epping - East,13144.0,0.2146226415094339,37.0,693.0,360.0,0.1966919982118909,0.5194805194805194
209041432,Epping - South,8204.0,0.2311067771818625,38.0,635.0,350.0,0.2453781512605042,0.5511811023622047
209041433,Epping (Vic.) - West,12143.0,0.2239973647368854,32.0,783.0,381.0,0.1972157772621809,0.4865900383141762
209041435,South Morang - North,12595.0,0.185391028185788,35.0,866.0,400.0,0.2184989671792517,0.4618937644341801
209041436,South Morang - South,12392.0,0.2127178825048418,37.0,781.0,380.0,0.2344205780959957,0.4865556978233034
209041437,Wollert,24407.0,0.2657844061130003,30.0,843.0,391.0,0.2049746660525103,0.4638196915776987
209041527,Doreen - North,16299.0,0.1637523774464691,34.0,898.0,400.0,0.1721706226350189,0.44543429844098
209041528,Doreen - South,10471.0,0.2264349154808518,32.0,967.0,386.0,0.1888374783111625,0.3991726990692864
209041529,Lalor - East,9947.0,0.2285111088770483,38.0,521.0,350.0,0.248414376321353,0.6717850287907869
209041530,Lalor - West,13513.0,0.2087619329534522,37.0,558.0,366.0,0.2180106228874939,0.6559139784946236
209041531,Mernda - North,11427.0,0.2069659578192001,34.0,855.0,378.0,0.1918024172359432,0.4421052631578947
209041532,Mernda - South,11940.0,0.2278056951423785,32.0,902.0,390.0,0.190522243713733,0.4323725055432372
210011226,Airport West,8173.0,0.2048207512541294,39.0,883.0,401.0,0.2372188139059304,0.4541336353340883
210011227,Essendon Airport,13.0,0.2307692307692307,45.0,1125.0,0.0,0.0,0.0
210011228,Keilor,8548.0,0.150561534861956,45.0,760.0,396.0,0.2042914617791685,0.5210526315789473
210011230,Niddrie - Essendon West,7460.0,0.1819034852546917,40.0,982.0,435.0,0.2456140350877192,0.4429735234215886
210011231,Strathmore,10031.0,0.1526268567440933,41.0,994.0,450.0,0.2455482661668228,0.4527162977867203
210011533,Avondale Heights,12388.0,0.1592670326122053,45.0,666.0,400.0,0.225113858165257,0.6006006006006006
210011534,Keilor East,15073.0,0.1575001658594838,43.0,759.0,408.0,0.2147930443301494,0.5375494071146245
210021232,Gisborne,14222.0,0.1236816200253129,40.0,944.0,430.0,0.174100409394527,0.4555084745762712
210021233,Macedon,3523.0,0.0877093386318478,46.0,991.0,361.0,0.1543438077634011,0.3642785065590312
210021234,Riddells Creek,4457.0,0.141350684316805,42.0,882.0,400.0,0.1771863117870722,0.4535147392290249
210021235,Romsey,10765.0,0.1671156525777984,41.0,837.0,365.0,0.1540207522697795,0.4360812425328554
210031236,Coburg North,8425.0,0.2180415430267062,38.0,882.0,401.0,0.2835472578763127,0.4546485260770975
210031237,Fawkner,14002.0,0.2340379945722039,35.0,594.0,380.0,0.2433234421364985,0.6397306397306397
210031439,Gowanbrae,3111.0,0.1755062680810029,40.0,923.0,423.0,0.2072368421052631,0.4582881906825569
210031440,Hadfield,6241.0,0.2321743310366928,36.0,684.0,376.0,0.2304812834224598,0.5497076023391813
210031535,Glenroy - East,14783.0,0.2775485354799432,34.0,703.0,369.0,0.2754969749351771,0.5248933143669986
210031536,Glenroy - West,8857.0,0.3344247487862707,33.0,850.0,369.0,0.3316026306680512,0.4341176470588235
210031537,Oak Park,7898.0,0.2661433274246644,36.0,1011.0,401.0,0.3142100617828773,0.3966369930761622
210031538,Pascoe Vale,17214.0,0.2468339723480887,36.0,971.0,400.0,0.282170229931424,0.411946446961895
210041240,Sunbury,13671.0,0.187696584009948,39.0,850.0,371.0,0.2101703406813627,0.4364705882352941
210041539,Diggers Rest,5237.0,0.3005537521481764,32.0,994.0,396.0,0.2069464544138929,0.3983903420523139
210041540,Sunbury - South,14985.0,0.1971971971971972,38.0,828.0,351.0,0.203076923076923,0.4239130434782608
210041541,Sunbury - West,11166.0,0.2202221028121082,36.0,883.0,376.0,0.2216905901116427,0.4258210645526614
210051242,Broadmeadows,13859.0,0.2775091997979652,33.0,492.0,331.0,0.2136850152905198,0.6727642276422764
210051243,Campbellfield - Coolaroo,16057.0,0.219654979136825,34.0,437.0,330.0,0.1972005669737774,0.7551487414187643
210051245,Gladstone Park - Westmeadows,18024.0,0.1883044829116733,41.0,678.0,371.0,0.2260692464358452,0.5471976401179941
210051246,Greenvale - Bulla,22095.0,0.2152070604209097,35.0,793.0,430.0,0.2377096587622903,0.5422446406052963
210051247,Meadow Heights,14890.0,0.2297515110812626,34.0,442.0,346.0,0.1959433601224646,0.7828054298642534
210051248,Melbourne Airport,126.0,0.2777777777777778,38.0,866.0,250.0,0.0625,0.2886836027713625
210051250,Tullamarine,6576.0,0.2311435523114355,40.0,725.0,351.0,0.2309136420525657,0.4841379310344827
210051441,Craigieburn - Central,8099.0,0.2262007655266082,34.0,654.0,350.0,0.2161158559227627,0.5351681957186545
210051442,Craigieburn - North,12309.0,0.2147209359005605,32.0,742.0,371.0,0.206431986093003,0.5
210051443,Craigieburn - South,21673.0,0.2378996908595949,32.0,676.0,375.0,0.2169202992004127,0.5547337278106509
210051445,Mickleham - Yuroke,23374.0,0.31603491058441,30.0,874.0,400.0,0.1916973467055985,0.4576659038901602
210051542,Craigieburn - North West,9842.0,0.2675269254216623,30.0,769.0,396.0,0.1919934640522876,0.5149544863459038
210051543,Craigieburn - West,12999.0,0.2465574274944226,31.0,689.0,381.0,0.2019874264854999,0.5529753265602322
210051544,Roxburgh Park (South) - Somerton,9479.0,0.229771072897985,34.0,517.0,375.0,0.255973715651135,0.7253384912959381
210051545,Roxburgh Park - North,14658.0,0.2165370446172738,30.0,446.0,395.0,0.2091934084995663,0.8856502242152466
211011251,Bayswater,12589.0,0.2224958296925887,38.0,786.0,376.0,0.2498489425981873,0.4783715012722646
211011254,Knoxfield - Scoresby,16601.0,0.1870971628215167,39.0,791.0,425.0,0.252679307502061,0.5372945638432364
211011255,Lysterfield,6594.0,0.1737943585077343,41.0,944.0,435.0,0.2584158415841584,0.4608050847457627
211011256,Rowville - Central,15418.0,0.1982747438059411,41.0,832.0,425.0,0.2702900316841335,0.5108173076923077
211011257,Rowville - North,7905.0,0.163314358001265,41.0,852.0,450.0,0.2326374094588836,0.528169014084507
211011258,Rowville - South,10375.0,0.1748433734939759,42.0,843.0,471.0,0.2787219578518015,0.5587188612099644
211011259,Wantirna,14341.0,0.1605885224182414,41.0,762.0,427.0,0.240220782337413,0.5603674540682415
211011260,Wantirna South,17942.0,0.1747854196856537,44.0,723.0,426.0,0.2830070803831737,0.5892116182572614
211011446,Boronia,23560.0,0.2112478777589134,39.0,796.0,376.0,0.236281471917366,0.4723618090452261
211011447,Ferntree Gully - North,14145.0,0.184164015553199,41.0,775.0,370.0,0.2423353772327379,0.4774193548387097
211011448,Ferntree Gully (South) - Upper Ferntree Gully,15334.0,0.1906221468631798,39.0,806.0,405.0,0.2415851038433993,0.5024813895781638
211011449,The Basin,4345.0,0.1714614499424626,39.0,840.0,366.0,0.1949286846275753,0.4357142857142857
211021261,Donvale - Park Orchards,16275.0,0.1398463901689708,45.0,826.0,451.0,0.256238587948874,0.5460048426150121
211021262,Warrandyte - Wonga Park,10112.0,0.1355814873417721,46.0,930.0,481.0,0.2400391900718484,0.5172043010752688
211031263,Bayswater North,11871.0,0.1963608794541319,39.0,838.0,361.0,0.2183837137569401,0.4307875894988067
211031265,Croydon Hills - Warranwood,18059.0,0.1647378038651088,41.0,913.0,431.0,0.2435945042703305,0.4720700985761227
211031266,Ringwood,18715.0,0.2227624899812984,38.0,822.0,381.0,0.2580765639589169,0.4635036496350365
211031267,Ringwood East,21132.0,0.1783551012682188,39.0,879.0,385.0,0.2302483069977426,0.4379977246871445
211031268,Ringwood North,9654.0,0.1439817692148332,43.0,880.0,436.0,0.2321239873194787,0.4954545454545455
211031450,Croydon - East,16109.0,0.2124899124712893,38.0,827.0,371.0,0.2251196172248804,0.4486094316807739
211031451,Croydon - West,14139.0,0.17476483485395,41.0,805.0,399.0,0.2183135023279875,0.4956521739130435
211031452,Croydon South,4898.0,0.1817068191098407,38.0,844.0,410.0,0.2205128205128205,0.485781990521327
211041269,Forest Hill,10780.0,0.1700371057513914,42.0,706.0,396.0,0.2612732095490716,0.5609065155807366
211041270,Mitcham (Vic.),16795.0,0.2000595415302173,39.0,911.0,406.0,0.2765191615498624,0.4456641053787047
211041271,Nunawading,12413.0,0.2031740916780794,39.0,839.0,391.0,0.2676130389064143,0.466030989272944
211041272,Vermont,10993.0,0.1317201855726371,40.0,797.0,426.0,0.217525195968645,0.534504391468005
211041273,Vermont South,11954.0,0.1590262673582064,46.0,715.0,496.0,0.270923209663503,0.6937062937062937
211051274,Belgrave - Selby,10005.0,0.1571214392803598,40.0,907.0,400.0,0.2263766145479265,0.4410143329658214
211051275,Chirnside Park,11779.0,0.1893199762288819,38.0,852.0,443.0,0.2244343891402715,0.5199530516431925
211051276,Healesville - Yarra Glen,14065.0,0.1535015997156061,45.0,737.0,350.0,0.1838529176658673,0.4748982360922659
211051277,Kilsyth,9916.0,0.2074425171440096,38.0,796.0,396.0,0.20844739929605,0.4974874371859296
211051278,Lilydale - Coldstream,19599.0,0.1939894892596561,40.0,803.0,369.0,0.2204545454545454,0.4595267745952677
211051279,Monbulk - Silvan,5816.0,0.1499312242090784,43.0,776.0,360.0,0.2084785133565621,0.4639175257731959
211051280,Montrose,6943.0,0.1646262422583897,41.0,858.0,365.0,0.1946060285563194,0.4254079254079254
211051281,Mooroolbark,23146.0,0.2084593450272185,37.0,838.0,400.0,0.2092236740968485,0.477326968973747
211051282,Mount Dandenong - Olinda,9706.0,0.1273439109828971,45.0,873.0,400.0,0.2222633136094674,0.4581901489117984
211051283,Mount Evelyn,9799.0,0.1917542606388406,38.0,828.0,365.0,0.2096053611317944,0.4408212560386473
211051284,Upwey - Tecoma,9777.0,0.1643653472435307,41.0,902.0,375.0,0.2428160919540229,0.4157427937915743
211051285,Wandin - Seville,7902.0,0.1884333080232852,39.0,850.0,360.0,0.1963386727688787,0.4235294117647059
211051286,Yarra Valley,16799.0,0.168462408476695,43.0,681.0,315.0,0.1463569165786694,0.4625550660792951
212011289,Emerald - Cockatoo,18633.0,0.1520957441099125,41.0,870.0,370.0,0.180595744680851,0.425287356321839
212011546,Beaconsfield - Officer,23632.0,0.2416638456330399,33.0,943.0,391.0,0.2328299409061063,0.4146341463414634
212011547,Bunyip - Garfield,9868.0,0.1627482772598297,40.0,767.0,311.0,0.1536184210526315,0.4054758800521512
212011548,Koo Wee Rup,10069.0,0.2206773264475121,35.0,814.0,320.0,0.1520247083047357,0.3931203931203931
212011549,Pakenham - North East,15441.0,0.2586620037562334,32.0,808.0,346.0,0.1954210956663941,0.4282178217821782
212011550,Pakenham - North West,7479.0,0.2501671346436689,32.0,879.0,366.0,0.2014987510407993,0.4163822525597269
212011551,Pakenham - South East,6439.0,0.2674328311849666,35.0,674.0,335.0,0.2167721518987341,0.4970326409495549
212011552,Pakenham - South West,26783.0,0.2139790165403427,33.0,788.0,369.0,0.1844649646931015,0.4682741116751269
212021293,Berwick - North,22963.0,0.1648739276226973,43.0,820.0,380.0,0.2326801419534022,0.4634146341463415
212021295,Doveton,11889.0,0.2567078812347548,34.0,584.0,320.0,0.2009419152276295,0.547945205479452
212021297,Hallam,11472.0,0.2213214783821478,36.0,607.0,361.0,0.213047068538398,0.5947281713344317
212021299,Narre Warren North,8241.0,0.1606601140638272,43.0,818.0,400.0,0.2294896030245746,0.4889975550122249
212021453,Endeavour Hills - North,12086.0,0.1983286447128909,39.0,695.0,369.0,0.232651885977541,0.5309352517985612
212021454,Endeavour Hills - South,13360.0,0.1940868263473054,39.0,676.0,383.0,0.2356410256410256,0.5665680473372781
212021455,Narre Warren - North East,13504.0,0.2166024881516587,36.0,766.0,370.0,0.2325748502994012,0.4830287206266319
212021456,Narre Warren - South West,14758.0,0.2488819623255183,35.0,715.0,360.0,0.2257046223224351,0.5034965034965035
212021553,Berwick - South East,17760.0,0.1634572072072072,35.0,883.0,430.0,0.2102272727272727,0.4869762174405436
212021554,Berwick - South West,11254.0,0.1980629109649902,34.0,880.0,400.0,0.215080971659919,0.4545454545454545
212031300,Cranbourne,21281.0,0.2378177717212537,35.0,707.0,342.0,0.1945889698231009,0.4837340876944837
212031303,Cranbourne South,17400.0,0.2582758620689655,32.0,953.0,408.0,0.2001547089537807,0.4281217208814271
212031304,Cranbourne West,21535.0,0.2484792198746227,32.0,845.0,380.0,0.1958169567658619,0.4497041420118343
212031306,Lynbrook - Lyndhurst,18027.0,0.2064126033172463,33.0,864.0,416.0,0.2172628304821151,0.4814814814814814
212031308,Pearcedale - Tooradin,8024.0,0.1749750747756729,40.0,793.0,370.0,0.1674746584398413,0.4665825977301387
212031457,Narre Warren South - East,13152.0,0.18080900243309,36.0,767.0,430.0,0.2311457174638487,0.560625814863103
212031458,Narre Warren South - West,16713.0,0.2149823490695865,33.0,722.0,392.0,0.2261803306630305,0.5429362880886427
212031555,Clyde North - North,10535.0,0.1990507831039392,32.0,934.0,421.0,0.2007186858316221,0.4507494646680942
212031556,Clyde North - South,14802.0,0.2987434130522902,29.0,946.0,410.0,0.2198693845240451,0.4334038054968288
212031557,Cranbourne East - North,23415.0,0.2196028187059577,31.0,792.0,400.0,0.1924572775486152,0.5050505050505051
212031558,Cranbourne East - South,12289.0,0.2718691512734966,30.0,855.0,401.0,0.2116490891658677,0.4690058479532163
212031559,Cranbourne North - East,12772.0,0.2035703100532414,30.0,856.0,401.0,0.1930673115679161,0.4684579439252336
212031560,Cranbourne North - West,11910.0,0.2250209907640638,34.0,727.0,355.0,0.1989795918367347,0.4883081155433287
212031561,Hampton Park - East,12715.0,0.2451435312622886,32.0,681.0,355.0,0.2205139972464433,0.5212922173274597
212031562,Hampton Park - West,13368.0,0.2369090365050867,34.0,655.0,350.0,0.2115209471766848,0.5343511450381679
212041309,Clarinda - Oakleigh South,11554.0,0.1734464254803531,44.0,655.0,400.0,0.246922024623803,0.6106870229007634
212041310,Clayton South,13381.0,0.3168671997608549,34.0,685.0,381.0,0.3834641805691854,0.5562043795620438
212041312,Dandenong North,22526.0,0.2090917162390127,38.0,604.0,341.0,0.234361361652604,0.5645695364238411
212041313,Dingley Village,10499.0,0.1325840556243451,45.0,798.0,450.0,0.2099827882960413,0.5639097744360902
212041316,Noble Park North,7456.0,0.1984978540772532,40.0,597.0,351.0,0.2474323062558356,0.5879396984924623
212041317,Springvale,22248.0,0.2879359942466739,36.0,558.0,356.0,0.3132637853949329,0.6379928315412187
212041318,Springvale South,12621.0,0.2288249742492671,38.0,559.0,355.0,0.2524483133841131,0.6350626118067979
212041459,Noble Park - East,12739.0,0.2958630975743779,35.0,687.0,331.0,0.2985574446161772,0.4818049490538573
212041460,Noble Park - West,19591.0,0.2619059772344443,36.0,586.0,346.0,0.2743795875567983,0.590443686006826
212041563,Dandenong - North,21487.0,0.2802624842928282,35.0,592.0,310.0,0.2522069808501969,0.5236486486486487
212041564,Dandenong - South,9350.0,0.2668449197860962,32.0,588.0,341.0,0.2056194125159642,0.5799319727891157
212041565,Keysborough - North,15096.0,0.1991255961844197,40.0,599.0,381.0,0.2292931746417294,0.6360601001669449
212041566,Keysborough - South,15093.0,0.2167229841648446,34.0,890.0,520.0,0.2653262369406662,0.5842696629213483
212051319,Ashwood - Chadstone,19507.0,0.2520633618700979,36.0,871.0,415.0,0.3241932787159338,0.4764638346727899
212051321,Glen Waverley - East,21603.0,0.1695134934962736,42.0,701.0,500.0,0.3000720980533525,0.7132667617689016
212051322,Glen Waverley - West,21036.0,0.2069309754706217,39.0,713.0,462.0,0.2991356100325917,0.6479663394109397
212051323,Mount Waverley - North,16073.0,0.187706090959995,40.0,797.0,485.0,0.2985569422776911,0.6085319949811794
212051324,Mount Waverley - South,19265.0,0.1927329353750324,40.0,820.0,470.0,0.2961480740370185,0.573170731707317
212051325,Mulgrave,19889.0,0.1933229423299311,40.0,746.0,430.0,0.2629018245004344,0.5764075067024129
212051326,Oakleigh - Huntingdale,22928.0,0.2595516399162595,37.0,841.0,415.0,0.352145796590241,0.4934601664684899
212051327,Wheelers Hill,20652.0,0.1401801278326554,48.0,720.0,481.0,0.2600958247775496,0.6680555555555555
212051567,Clayton (North) - Notting Hill,9829.0,0.5733034896734154,26.0,503.0,380.0,0.7079759080124111,0.7554671968190855
212051568,Clayton - Central,12052.0,0.4655658811815466,30.0,709.0,401.0,0.5110286088665648,0.5655853314527504
213011328,Ardeer - Albion,7502.0,0.2771260997067448,36.0,704.0,320.0,0.2706666666666666,0.4545454545454545
213011329,Cairnlea,10038.0,0.2075114564654313,36.0,658.0,400.0,0.2361990950226244,0.60790273556231
213011331,Delahey,8077.0,0.2213693202921877,39.0,611.0,350.0,0.2464349376114082,0.5728314238952537
213011332,Keilor Downs,13082.0,0.195153646231463,42.0,604.0,360.0,0.2338983050847457,0.5960264900662252
213011333,Kings Park (Vic.),13983.0,0.2060359007366087,38.0,482.0,323.0,0.201287860720248,0.6701244813278008
213011334,St Albans - North,20581.0,0.2599484961858024,36.0,495.0,330.0,0.2297615543126288,0.6666666666666666
213011335,St Albans - South,17454.0,0.2473931477025323,38.0,485.0,323.0,0.246922024623803,0.6659793814432989
213011336,Sunshine,9445.0,0.2847008999470619,35.0,706.0,340.0,0.3004393376140588,0.4815864022662889
213011337,Sunshine North,12047.0,0.2418029384909106,37.0,546.0,341.0,0.2471544715447154,0.6245421245421245
213011338,Sunshine West,18558.0,0.2300355641771742,38.0,565.0,346.0,0.2354740061162079,0.6123893805309735
213011339,Sydenham,11726.0,0.2395531297970322,37.0,721.0,366.0,0.2598561151079137,0.507628294036061
213011340,Taylors Lakes,16910.0,0.1848610289769367,45.0,759.0,412.0,0.275732031943212,0.5428194993412385
213011569,Deer Park,18004.0,0.231393023772495,35.0,621.0,350.0,0.2014497639919082,0.5636070853462157
213011570,Derrimut,8653.0,0.1909164451635271,32.0,851.0,400.0,0.1726044226044226,0.4700352526439483
213021341,Altona,13556.0,0.1548391856004721,42.0,945.0,390.0,0.220125786163522,0.4126984126984127
213021342,Altona Meadows,18479.0,0.1927593484495914,41.0,730.0,341.0,0.2350738506344913,0.4671232876712329
213021343,Altona North,14931.0,0.2241644899872747,37.0,803.0,400.0,0.2,0.49813200498132
213021344,Newport,18753.0,0.1751719724844025,38.0,1240.0,460.0,0.2269264836138175,0.3709677419354839
213021345,Seabrook,4952.0,0.178513731825525,37.0,823.0,361.0,0.206963249516441,0.4386391251518833
213021346,Williamstown,15912.0,0.1334213172448466,45.0,1089.0,450.0,0.243378519290928,0.4132231404958678
213031347,Braybrook,19068.0,0.3044891965596811,34.0,727.0,350.0,0.2943801652892562,0.4814305364511692
213031348,Footscray,17131.0,0.3857334656470725,34.0,916.0,355.0,0.441303938194837,0.3875545851528384
213031349,Maribyrnong,12573.0,0.2943609321562077,36.0,980.0,396.0,0.3779036827195467,0.4040816326530612
213031350,Seddon - Kingsville,9247.0,0.2273169676651887,37.0,1240.0,414.0,0.2884615384615384,0.3338709677419355
213031351,West Footscray - Tottenham,11735.0,0.277971878994461,35.0,1003.0,351.0,0.2953410981697171,0.3499501495513459
213031352,Yarraville,15463.0,0.217228222207851,37.0,1247.0,462.0,0.265076507650765,0.3704891740176423
213041353,Bacchus Marsh,24717.0,0.2001456487437795,37.0,823.0,340.0,0.1869275603663613,0.4131227217496962
213041358,Melton West,21208.0,0.2120426254243681,33.0,725.0,340.0,0.1520523660166371,0.4689655172413793
213041359,Rockbank - Mount Cottrell,17553.0,0.3314533128240187,31.0,946.0,400.0,0.1388626232608402,0.4228329809725158
213041360,Taylors Hill,19539.0,0.1656686626746507,34.0,813.0,400.0,0.1847417513573715,0.4920049200492005
213041461,Burnside,5800.0,0.1810344827586207,37.0,676.0,400.0,0.1943298969072165,0.591715976331361
213041462,Burnside Heights,6377.0,0.1613611416026344,33.0,803.0,411.0,0.1672786617707058,0.5118306351183064
213041463,Caroline Springs,20365.0,0.182617235452983,35.0,813.0,401.0,0.2124810161535275,0.4932349323493235
213041571,Brookfield,9829.0,0.2053108149353952,33.0,700.0,350.0,0.1527316631451856,0.5
213041572,Cobblebank - Strathtulloh,7598.0,0.3231113450908133,29.0,940.0,371.0,0.1881040892193308,0.3946808510638298
213041573,Eynesbury - Exford,2990.0,0.1434782608695652,35.0,1107.0,380.0,0.1457528957528957,0.3432700993676603
213041574,Fraser Rise - Plumpton,10098.0,0.2508417508417508,31.0,966.0,429.0,0.1816037735849056,0.4440993788819876
213041575,Hillside,16182.0,0.1992955135335558,36.0,816.0,380.0,0.240576923076923,0.4656862745098039
213041576,Kurunjang - Toolern Vale,11632.0,0.2083906464924346,35.0,704.0,321.0,0.1686447695280154,0.4559659090909091
213041577,Melton,7886.0,0.1916053766167892,39.0,538.0,300.0,0.1361916771752837,0.5576208178438662
213041578,Melton South - Weir Views,16658.0,0.2350822427662384,32.0,641.0,321.0,0.1487266553480475,0.500780031201248
213051361,Hoppers Crossing - North,18446.0,0.2119700748129676,37.0,732.0,341.0,0.232992281457548,0.4658469945355191
213051362,Hoppers Crossing - South,18772.0,0.2126038781163435,37.0,653.0,340.0,0.2155688622754491,0.5206738131699847
213051363,Laverton,11459.0,0.3204468103673968,32.0,875.0,380.0,0.2728199898011219,0.4342857142857143
213051368,Werribee - South,16810.0,0.2164187983343248,37.0,834.0,351.0,0.2104743083003952,0.420863309352518
213051464,Point Cook - East,19274.0,0.2037978624053128,33.0,963.0,401.0,0.1978699551569506,0.4164070612668744
213051466,Point Cook - South,19091.0,0.1629039861714944,33.0,1070.0,410.0,0.1620786894051296,0.3831775700934579
213051467,Werribee - East,19010.0,0.2216728037874802,36.0,637.0,315.0,0.1945505897989699,0.4945054945054945
213051468,Werribee - West,22341.0,0.2746519851394297,32.0,889.0,360.0,0.2159042325780248,0.4049493813273341
213051579,Manor Lakes - Quandong,10616.0,0.2334212509419743,31.0,970.0,361.0,0.1872438524590164,0.3721649484536082
213051580,Point Cook - North East,14167.0,0.178442860167996,36.0,851.0,390.0,0.2074705643524157,0.4582843713278496
213051581,Point Cook - North West,9565.0,0.1918452692106639,34.0,953.0,400.0,0.2111981433130258,0.4197271773347324
213051582,Tarneit (West) - Mount Cottrell,10132.0,0.3136596920647453,29.0,903.0,385.0,0.2164790174002047,0.4263565891472868
213051583,Tarneit - Central,28116.0,0.2456252667520273,30.0,830.0,380.0,0.2159533073929961,0.4578313253012048
213051584,Tarneit - North,7197.0,0.3526469362234264,29.0,933.0,391.0,0.2433530280649926,0.4190782422293676
213051585,Tarneit - South,11182.0,0.2184761223394741,31.0,772.0,369.0,0.2005853219270598,0.4779792746113989
213051586,Truganina - North,9340.0,0.3670235546038544,30.0,962.0,402.0,0.1838993710691824,0.4178794178794179
213051587,Truganina - South East,9596.0,0.2734472696957065,31.0,972.0,395.0,0.2237640936686903,0.4063786008230453
213051588,Truganina - South West,19065.0,0.2371885654340414,30.0,804.0,377.0,0.1855604001025904,0.4689054726368159
213051589,Wyndham Vale - North,9032.0,0.3122232063773251,29.0,854.0,350.0,0.2174177831912302,0.4098360655737705
213051590,Wyndham Vale - South,13546.0,0.2083271814557803,33.0,750.0,336.0,0.1786416248089102,0.448
214011370,Carrum Downs,21976.0,0.227156898434656,36.0,817.0,370.0,0.2027649769585253,0.4528763769889841
214011371,Frankston,23586.0,0.2189010429916051,39.0,765.0,335.0,0.2457002457002457,0.4379084967320261
214011372,Frankston North,19453.0,0.2192463887318151,38.0,665.0,341.0,0.1830543933054393,0.512781954887218
214011373,Frankston South,18801.0,0.1297271421732886,44.0,862.0,420.0,0.189599133261105,0.4872389791183295
214011374,Langwarrin,24939.0,0.1830065359477124,38.0,868.0,365.0,0.1900369003690037,0.4205069124423963
214011375,Seaford (Vic.),17215.0,0.1832123148417078,40.0,809.0,351.0,0.2004343105320304,0.4338689740420272
214011376,Skye - Sandhurst,13303.0,0.169510636698489,38.0,920.0,450.0,0.2032059186189889,0.4891304347826087
214021377,Dromana,13366.0,0.1281610055364357,51.0,710.0,405.0,0.1775846010555728,0.5704225352112676
214021378,Flinders,5995.0,0.0950792326939116,56.0,1002.0,424.0,0.1548643282594308,0.4231536926147705
214021379,Hastings - Somers,23970.0,0.1730079265748852,42.0,751.0,330.0,0.1721262656343061,0.4394141145139814
214021381,Mount Eliza,18734.0,0.0922387103661791,45.0,966.0,512.0,0.1822934232715008,0.5300207039337475
214021382,Mount Martha,19846.0,0.1009775269575733,46.0,846.0,496.0,0.1798149705634987,0.5862884160756501
214021383,Point Nepean,19811.0,0.1136237443844328,53.0,751.0,376.0,0.1571892770105605,0.5006657789613849
214021384,Rosebud - McCrae,22944.0,0.1335425383542538,52.0,621.0,350.0,0.1472785485592316,0.5636070853462157
214021385,Somerville,18522.0,0.1887485152791275,41.0,797.0,380.0,0.1955042276758094,0.4767879548306148
214021591,Mornington - East,15175.0,0.1344316309719934,45.0,710.0,400.0,0.184421256976462,0.5633802816901409
214021592,Mornington - West,10581.0,0.111804177298932,57.0,780.0,410.0,0.1989730423620025,0.5256410256410257
215011386,Ararat,8500.0,0.1915294117647059,45.0,681.0,250.0,0.09715821812596,0.3671071953010279
215011387,Ararat Surrounds,3204.0,0.1126716604244694,49.0,718.0,151.0,0.0748847926267281,0.2103064066852367
215011388,Horsham,16985.0,0.1902266705916985,40.0,766.0,245.0,0.1441265713047247,0.3198433420365535
215011389,Horsham Surrounds,3471.0,0.1365600691443388,46.0,806.0,185.0,0.1437565582371458,0.2295285359801488
215011390,Nhill Region,6956.0,0.1440483036227717,50.0,658.0,170.0,0.1223371880706025,0.2583586626139817
215011391,St Arnaud,3453.0,0.1337966985230234,52.0,597.0,182.0,0.1081081081081081,0.304857621440536
215011392,Stawell,8504.0,0.1703904045155221,48.0,675.0,214.0,0.1075977162933684,0.317037037037037
215011393,West Wimmera,2766.0,0.1149674620390455,52.0,698.0,150.0,0.0715287517531556,0.2148997134670487
215011394,Yarriambiack,6501.0,0.1281341332102753,52.0,624.0,166.0,0.0980392156862745,0.266025641025641
215021395,Irymple,7700.0,0.1653246753246753,40.0,786.0,250.0,0.1136266552755232,0.3180661577608142
215021396,Merbein,4976.0,0.1507234726688102,43.0,667.0,220.0,0.0935441370223978,0.3298350824587706
215021398,Mildura Surrounds,3726.0,0.1454643048845947,46.0,699.0,150.0,0.0909943714821763,0.2145922746781116
215021399,Red Cliffs,6138.0,0.1780710329097425,41.0,680.0,240.0,0.1272430668841762,0.3529411764705882
215021469,Mildura - North,18027.0,0.2114051145503966,39.0,663.0,260.0,0.1537726838586437,0.392156862745098
215021470,Mildura - South,16408.0,0.2036201852754753,39.0,701.0,300.0,0.161256323777403,0.4279600570613409
215031400,Buloke,6184.0,0.1287192755498059,52.0,618.0,158.0,0.1003039513677811,0.255663430420712
215031401,Gannawarra,6719.0,0.1186188420895966,52.0,601.0,180.0,0.0879854368932038,0.2995008319467554
215031402,Kerang,3960.0,0.1313131313131313,51.0,573.0,200.0,0.1066398390342052,0.3490401396160558
215031403,Robinvale,3740.0,0.2288770053475936,36.0,618.0,220.0,0.0735294117647058,0.3559870550161812
215031404,Swan Hill,11186.0,0.2085642767745396,38.0,754.0,235.0,0.1535215839013307,0.3116710875331565
215031405,Swan Hill Surrounds,6477.0,0.1651999382430137,43.0,706.0,180.0,0.1142557651991614,0.254957507082153
216011406,Echuca,15636.0,0.1626375031977487,45.0,713.0,285.0,0.1542122798667301,0.3997194950911641
216011407,Kyabram,11121.0,0.1497167520906393,45.0,654.0,210.0,0.1334188582424631,0.3211009174311927
216011408,Lockington - Gunbower,3927.0,0.1341991341991342,45.0,711.0,200.0,0.1073825503355704,0.2812939521800281
216011409,Rochester,4016.0,0.1279880478087649,50.0,606.0,213.0,0.1236917221693625,0.3514851485148514
216011410,Rushworth,4193.0,0.1295015502027188,52.0,568.0,200.0,0.0963302752293578,0.352112676056338
216021411,Cobram,6465.0,0.1501933488012374,48.0,606.0,250.0,0.1314858490566037,0.4125412541254125
216021412,Moira,2843.0,0.1322546605698206,48.0,666.0,210.0,0.131578947368421,0.3153153153153153
216021413,Numurkah,12555.0,0.1535643170051772,46.0,636.0,210.0,0.1295558086560364,0.330188679245283
216021414,Yarrawonga,8661.0,0.1260824385174922,52.0,625.0,290.0,0.133924405039664,0.464
216031415,Mooroopna,8312.0,0.1885226179018286,43.0,634.0,250.0,0.1331967213114754,0.3943217665615142
216031416,Shepparton - North,19928.0,0.1958048976314733,38.0,784.0,270.0,0.1744934062399485,0.3443877551020408
216031418,Shepparton Surrounds - East,4017.0,0.1401543440378392,43.0,770.0,236.0,0.1509433962264151,0.3064935064935065
216031419,Shepparton Surrounds - West,10346.0,0.161898318190605,45.0,701.0,240.0,0.1210149642160052,0.3423680456490727
216031593,Kialla,9082.0,0.1613080819202818,38.0,845.0,380.0,0.1503384396152476,0.4497041420118343
216031594,Shepparton - South East,16520.0,0.2136803874092009,37.0,600.0,270.0,0.1497902935889754,0.45
217011420,Glenelg (Vic.),8920.0,0.1238789237668161,51.0,652.0,180.0,0.1216764308246958,0.2760736196319018
217011421,Hamilton (Vic.),10346.0,0.1640247438623622,45.0,693.0,235.0,0.1395170563434266,0.3391053391053391
217011422,Portland,11230.0,0.1437221727515583,47.0,631.0,250.0,0.1418041418041418,0.3961965134706814
217011423,Southern Grampians,6301.0,0.1171242659895254,49.0,711.0,170.0,0.1078665077473182,0.2390998593530239
217031471,Camperdown,3491.0,0.1346319106273274,50.0,633.0,240.0,0.1218390804597701,0.3791469194312796
217031472,Colac,12756.0,0.182972718720602,42.0,701.0,260.0,0.1360544217687075,0.3708987161198288
217031473,Colac Surrounds,5669.0,0.1400599753042864,45.0,732.0,250.0,0.1456668715427166,0.3415300546448087
217031474,Corangamite - North,5395.0,0.1380908248378128,49.0,667.0,200.0,0.1209335219236209,0.2998500749625187
217031475,Corangamite - South,7180.0,0.1518105849582172,45.0,734.0,231.0,0.1222109533468559,0.3147138964577656
217031476,Otway,4008.0,0.1200099800399201,52.0,681.0,285.0,0.1012536162005785,0.4185022026431718
217041477,Moyne - East,7018.0,0.1580222285551439,42.0,769.0,200.0,0.1397849462365591,0.2600780234070221
217041478,Moyne - West,10014.0,0.1291192330736968,46.0,758.0,280.0,0.1442474800139033,0.3693931398416886
217041479,Warrnambool - North,22405.0,0.1804507922338763,40.0,760.0,300.0,0.174100276837896,0.3947368421052631
217041480,Warrnambool - South,13337.0,0.1762015445752418,44.0,761.0,287.0,0.2136703044227455,0.3771353482260184
297979799,Migratory - Offshore - Shipping (Vic.),38.0,0.1578947368421052,50.0,2200.0,0.0,0.0,0.0
299999499,No usual address (Vic.),,,,,,,
301011001,Alexandra Hills,16574.0,0.1837214914926994,38.0,825.0,400.0,0.1976164680390032,0.4848484848484848
301011002,Belmont - Gumdale,7550.0,0.1480794701986754,41.0,951.0,450.0,0.2452431289640592,0.473186119873817
301011003,Birkdale,15230.0,0.1535128036769533,43.0,822.0,440.0,0.1910454758556024,0.5352798053527981
301011004,Capalaba,18254.0,0.1872466308754245,39.0,803.0,383.0,0.2092118730808597,0.4769613947696139
301011005,Thorneside,3877.0,0.1730719628578798,41.0,827.0,370.0,0.1717073170731707,0.4474002418379685
301011006,Wellington Point,11893.0,0.1328512570419574,43.0,876.0,450.0,0.2189040301536677,0.5136986301369864
301021007,Cleveland,15851.0,0.1189830294618636,51.0,746.0,400.0,0.2112932604735883,0.5361930294906166
301021008,Ormiston,6379.0,0.1192976955635679,47.0,811.0,450.0,0.2247518972562755,0.5548705302096177
301021009,Redland Bay,17765.0,0.1663945961159583,39.0,847.0,470.0,0.1793211693152835,0.5548996458087367
301021011,Sheldon - Mount Cotton,8357.0,0.1613019025966255,37.0,1050.0,475.0,0.1878114220007666,0.4523809523809524
301021012,Thornlands,19263.0,0.1844987800446451,36.0,920.0,470.0,0.2094571526118129,0.5108695652173914
301021013,Victoria Point,15140.0,0.1286657859973579,49.0,703.0,450.0,0.1998330086278875,0.6401137980085349
301021550,North Stradbroke Island,2156.0,0.1145640074211502,52.0,644.0,300.0,0.0847457627118644,0.4658385093167702
301021551,Southern Moreton Bay Islands,8481.0,0.0628463624572574,61.0,455.0,260.0,0.1314814814814814,0.5714285714285714
301031014,Brisbane Port - Lytton,8.0,0.0,51.0,1124.0,280.0,0.0,0.2491103202846975
301031015,Manly - Lota,7890.0,0.1285171102661597,45.0,928.0,410.0,0.2218198279764599,0.4418103448275862
301031016,Manly West,11860.0,0.1466273187183811,40.0,919.0,435.0,0.1952679589509692,0.4733405875952122
301031017,Murarrie,4775.0,0.2552879581151832,35.0,1112.0,450.0,0.2667617689015691,0.4046762589928057
301031018,Tingalpa,8881.0,0.2068460758923544,38.0,947.0,420.0,0.2308678922616502,0.4435058078141499
301031019,Wakerley,9446.0,0.1285200084691933,36.0,1220.0,510.0,0.1810626298604927,0.4180327868852459
301031020,Wynnum,14502.0,0.156668045786788,43.0,912.0,400.0,0.2224938875305623,0.4385964912280701
301031021,Wynnum West - Hemmant,15681.0,0.1885721573879216,38.0,858.0,413.0,0.2049746660525103,0.4813519813519814
302011022,Bald Hills,7826.0,0.2055967288525428,36.0,875.0,390.0,0.2125497127706584,0.4457142857142857
302011023,Bridgeman Downs,10501.0,0.160175221407485,40.0,1081.0,525.0,0.273037542662116,0.4856614246068455
302011024,Carseldine,9844.0,0.1785859406745225,41.0,855.0,440.0,0.2673559822747415,0.5146198830409356
302011025,Everton Park,10044.0,0.2676224611708482,35.0,1042.0,420.0,0.3210943124550036,0.4030710172744721
302011026,McDowall,7918.0,0.172013134629957,38.0,1056.0,460.0,0.2505236698785086,0.4356060606060606
302021027,Aspley,12912.0,0.1635687732342007,43.0,851.0,415.0,0.2425853385562395,0.4876615746180963
302021028,Chermside,11426.0,0.3346753019429371,35.0,844.0,370.0,0.3530139103554868,0.438388625592417
302021029,Chermside West,6611.0,0.2040538496445318,37.0,919.0,455.0,0.2821576763485477,0.4951033732317736
302021030,Geebung,4541.0,0.1856419290905087,38.0,956.0,420.0,0.2235202492211838,0.4393305439330544
302021031,Kedron - Gordon Park,14432.0,0.2484756097560975,35.0,1134.0,375.0,0.3095238095238095,0.3306878306878307
302021032,Stafford,6917.0,0.2807575538528263,35.0,968.0,360.0,0.2929841897233201,0.371900826446281
302021033,Stafford Heights,7153.0,0.2038305606039424,39.0,897.0,410.0,0.2540322580645161,0.4570791527313266
302021034,Wavell Heights,10344.0,0.184938128383604,37.0,1154.0,430.0,0.2486486486486486,0.3726169844020797
302031035,Boondall,9596.0,0.202688620258441,38.0,834.0,415.0,0.2514430014430014,0.4976019184652278
302031036,Brisbane Airport,125.0,0.44,35.0,966.0,350.0,0.0,0.3623188405797101
302031037,Eagle Farm - Pinkenba,2076.0,0.3333333333333333,38.0,1269.0,450.0,0.4004739336492891,0.3546099290780142
302031038,Northgate - Virginia,7068.0,0.2515563101301641,35.0,1041.0,380.0,0.2911453320500481,0.3650336215177713
302031039,Nudgee - Banyo,10789.0,0.2100287329687644,37.0,1013.0,450.0,0.2515702479338843,0.4442250740375123
302031040,Nundah,13305.0,0.3320556181886508,35.0,1058.0,370.0,0.4020821609454136,0.3497164461247637
302041041,Bracken Ridge,17488.0,0.1906450137236962,37.0,834.0,410.0,0.2246291959406713,0.4916067146282973
302041042,Brighton (Qld),9664.0,0.1323468543046357,42.0,910.0,400.0,0.206031976744186,0.4395604395604395
302041043,Deagon,3773.0,0.1608799363901404,42.0,831.0,350.0,0.2154150197628458,0.421179302045728
302041044,Sandgate - Shorncliffe,6826.0,0.1024025783767946,48.0,815.0,288.0,0.2285104111051788,0.3533742331288343
302041045,Taigum - Fitzgibbon,14097.0,0.2113924948570618,37.0,783.0,390.0,0.2585155058464667,0.4980842911877394
302041046,Zillmere,9323.0,0.2952912152740534,34.0,788.0,350.0,0.2763636363636363,0.4441624365482233
303011047,Camp Hill,12145.0,0.2037052284890901,35.0,1298.0,460.0,0.2759150243153314,0.3543913713405239
303011048,Cannon Hill,6930.0,0.2753246753246753,34.0,1136.0,450.0,0.2847976307996051,0.3961267605633803
303011049,Carina,11826.0,0.2242516489091831,37.0,1021.0,440.0,0.2925023141005862,0.4309500489715965
303011050,Carina Heights,6884.0,0.2610400929692039,36.0,977.0,400.0,0.3264355923435075,0.4094165813715456
303011051,Carindale,16504.0,0.1476005816771691,43.0,910.0,533.0,0.2549916805324459,0.5857142857142857
303021052,Annerley,11935.0,0.3660661918726435,33.0,960.0,360.0,0.5082055421038472,0.375
303021053,Coorparoo,17810.0,0.2893879842784952,35.0,1129.0,380.0,0.3947219604147031,0.3365810451727192
303021054,Fairfield - Dutton Park,5008.0,0.3562300319488818,32.0,914.0,400.0,0.5,0.437636761487965
303021055,Greenslopes,10524.0,0.3664956290383884,33.0,1072.0,376.0,0.4690873405299313,0.3507462686567164
303021056,Holland Park,8895.0,0.1853850477796514,37.0,1031.0,395.0,0.2446483180428134,0.3831231813773036
303021057,Holland Park West,6419.0,0.2338370462688892,36.0,1067.0,390.0,0.2904564315352697,0.3655107778819119
303021058,Woolloongabba,8597.0,0.5243689659183436,29.0,868.0,440.0,0.6288539848749273,0.5069124423963134
303021059,Yeronga,10200.0,0.2445098039215686,38.0,1083.0,390.0,0.4038587311968607,0.3601108033240997
303031060,Eight Mile Plains,15186.0,0.2502963255630185,36.0,777.0,420.0,0.3148962916404776,0.5405405405405406
303031061,Macgregor (Qld),5979.0,0.3117578190332831,34.0,634.0,430.0,0.4354018311291963,0.6782334384858044
303031062,Mansfield (Qld),8880.0,0.1494369369369369,39.0,781.0,430.0,0.2254704301075268,0.5505761843790012
303031063,Mount Gravatt,15873.0,0.2414792414792415,35.0,948.0,395.0,0.2817405126167296,0.4166666666666667
303031064,Rochedale - Burbank,11020.0,0.2036297640653357,34.0,985.0,600.0,0.2390896921017403,0.6091370558375635
303031065,Upper Mount Gravatt,10988.0,0.3139788860575173,33.0,746.0,415.0,0.4068574514038877,0.5563002680965148
303031066,Wishart,11444.0,0.1349178608878014,40.0,784.0,440.0,0.2408891186353063,0.5612244897959183
303041067,Coopers Plains,5704.0,0.3301192145862552,33.0,722.0,376.0,0.3837471783295711,0.5207756232686981
303041068,Moorooka,10825.0,0.2646651270207852,36.0,974.0,360.0,0.3455108359133127,0.3696098562628336
303041069,Robertson,4870.0,0.2749486652977412,37.0,660.0,400.0,0.3775829680651221,0.6060606060606061
303041070,Salisbury - Nathan,7562.0,0.2458344353345675,34.0,903.0,385.0,0.3717845659163987,0.4263565891472868
303041071,Tarragindi,10944.0,0.1617324561403508,37.0,1167.0,450.0,0.2530087527352297,0.3856041131105398
303051072,Algester,9020.0,0.2008869179600887,36.0,752.0,395.0,0.2130609266690988,0.5252659574468085
303051073,Calamvale - Stretton,22845.0,0.2186911796892099,35.0,769.0,420.0,0.2510700909577314,0.5461638491547465
303051074,Pallara - Willawong,10220.0,0.2673189823874755,31.0,988.0,450.0,0.2270577105014191,0.4554655870445344
303051075,Parkinson - Drewvale,16095.0,0.1668841255048151,36.0,838.0,450.0,0.2038432554634514,0.5369928400954654
303051076,Rocklea - Acacia Ridge,9711.0,0.2542477602718566,34.0,659.0,335.0,0.2298888162197514,0.5083459787556904
303061077,Kuraby,9025.0,0.1962326869806094,35.0,726.0,400.0,0.2505571474052849,0.5509641873278237
303061078,Runcorn,14046.0,0.2714651858180265,34.0,738.0,400.0,0.3220715714603245,0.5420054200542005
303061079,Sunnybank,9033.0,0.2840695228606221,35.0,630.0,400.0,0.3800539083557951,0.6349206349206349
303061080,Sunnybank Hills,18085.0,0.2231130771357478,37.0,670.0,410.0,0.2966649205517723,0.6119402985074627
304011081,Jindalee - Mount Ommaney,7645.0,0.1479398299542184,41.0,924.0,480.0,0.2650494159928122,0.5194805194805194
304011082,Middle Park - Jamboree Heights,7086.0,0.1737228337567033,39.0,872.0,430.0,0.2526673132880698,0.4931192660550458
304011083,Riverhills,4121.0,0.1890317884008735,36.0,974.0,410.0,0.2478498827208756,0.4209445585215606
304011084,Seventeen Mile Rocks - Sinnamon Park,9716.0,0.1315356113627007,43.0,968.0,460.0,0.2428271518544436,0.4752066115702479
304011085,Westlake,4444.0,0.1345634563456345,43.0,1008.0,550.0,0.2572298325722983,0.5456349206349206
304021086,Bellbowrie - Moggill,10528.0,0.1311740121580547,40.0,935.0,450.0,0.2345005740528128,0.481283422459893
304021087,Brookfield - Kenmore Hills,7020.0,0.0975783475783475,46.0,1059.0,520.0,0.250648228176318,0.4910292728989613
304021088,Chapel Hill,10731.0,0.1263628739166899,42.0,1084.0,555.0,0.2703397088210105,0.5119926199261993
304021089,Fig Tree Pocket,4345.0,0.1134637514384349,40.0,1205.0,590.0,0.2444029850746268,0.4896265560165975
304021090,Kenmore,9438.0,0.1313837677474041,40.0,1032.0,510.0,0.2549206349206349,0.4941860465116279
304021091,Pinjarra Hills - Pullenvale,5673.0,0.0992420236206592,45.0,1113.0,523.0,0.2231362467866323,0.4699011680143755
304031092,Chelmer - Graceville,7849.0,0.1359408841890686,40.0,1231.0,490.0,0.2460658082975679,0.3980503655564582
304031093,Corinda,5321.0,0.1518511557977823,41.0,985.0,385.0,0.2626970227670753,0.3908629441624365
304031094,Indooroopilly,13430.0,0.2668652271034996,33.0,922.0,440.0,0.4064705882352941,0.4772234273318872
304031095,Sherwood,6452.0,0.2025728456292622,38.0,1059.0,395.0,0.3165853658536585,0.3729933899905571
304031096,St Lucia,12220.0,0.382569558101473,25.0,548.0,410.0,0.7192982456140351,0.7481751824817519
304031097,Taringa,9020.0,0.3466740576496674,33.0,979.0,385.0,0.5188828943192637,0.3932584269662921
304041098,Enoggera,9042.0,0.325259898252599,32.0,1131.0,360.0,0.3240577668193026,0.3183023872679045
304041099,Enoggera Reservoir,33.0,0.2121212121212121,47.0,574.0,450.0,0.3076923076923077,0.7839721254355401
304041100,Keperra,7416.0,0.1859492988133765,39.0,795.0,400.0,0.2442373712604217,0.5031446540880503
304041101,Mitchelton,8909.0,0.201369401728589,36.0,1039.0,400.0,0.2626695217701641,0.3849855630413859
304041102,Mount Coot-tha,,,,,,,
304041103,The Gap,17099.0,0.1164980408211006,42.0,1036.0,490.0,0.2335125448028673,0.4729729729729729
304041104,Upper Kedron - Ferny Grove,11681.0,0.1522129954627172,37.0,1063.0,400.0,0.213668499607227,0.3762935089369708
305011105,Brisbane City,13310.0,0.4650638617580766,31.0,915.0,460.0,0.6303686811098441,0.5027322404371585
305011106,Fortitude Valley,9512.0,0.5494112699747687,31.0,1059.0,400.0,0.5813471502590674,0.3777148253068933
305011107,Highgate Hill,6372.0,0.2721280602636535,37.0,937.0,380.0,0.4120974760661445,0.4055496264674493
305011108,Kangaroo Point,9761.0,0.3811084929822764,36.0,1170.0,450.0,0.5269200316706255,0.3846153846153846
305011109,New Farm,12454.0,0.3011080777260318,39.0,1220.0,405.0,0.3849293563579278,0.3319672131147541
305011110,South Brisbane,14243.0,0.4731447026609562,29.0,888.0,470.0,0.5507224100830003,0.5292792792792793
305011111,Spring Hill,6860.0,0.4693877551020408,31.0,932.0,400.0,0.490257209664848,0.4291845493562232
305011112,West End,14953.0,0.3476225506587307,33.0,1128.0,450.0,0.4485338725985844,0.3989361702127659
305021113,Balmoral,4554.0,0.1925779534475186,37.0,1300.0,450.0,0.2579092159559835,0.3461538461538461
305021114,Bulimba,7407.0,0.180369920345619,40.0,1402.0,500.0,0.2741562644475266,0.3566333808844508
305021115,East Brisbane,6118.0,0.3700555737169009,33.0,1043.0,400.0,0.4494549058473736,0.3835091083413231
305021116,Hawthorne,5133.0,0.1909214884083382,37.0,1352.0,430.0,0.3067983730389308,0.3180473372781065
305021117,Morningside - Seven Hills,14308.0,0.288370142577579,34.0,1194.0,430.0,0.3205454125259995,0.3601340033500838
305021118,Norman Park,6857.0,0.2382966311798162,35.0,1319.0,450.0,0.3064814814814814,0.3411675511751327
305031119,Albion,4305.0,0.3902439024390244,32.0,1161.0,410.0,0.4192364170337738,0.3531438415159345
305031120,Alderley,6593.0,0.2657363870772031,35.0,1196.0,395.0,0.3388059701492537,0.3302675585284281
305031121,Ascot,5769.0,0.2256890275611024,39.0,1178.0,390.0,0.3238866396761133,0.3310696095076401
305031122,Clayfield,10754.0,0.2567416775153431,37.0,1099.0,350.0,0.3592443480953856,0.3184713375796178
305031123,Grange,4627.0,0.1525826669548303,37.0,1322.0,460.0,0.2367447595561035,0.3479576399394856
305031124,Hamilton (Qld),6768.0,0.25177304964539,42.0,1198.0,420.0,0.3566986998304126,0.350584307178631
305031125,Hendra,4949.0,0.1527581329561527,39.0,1214.0,550.0,0.2490170380078637,0.4530477759472817
305031126,Kelvin Grove - Herston,10165.0,0.4019675356615839,29.0,784.0,400.0,0.5730186999109528,0.5102040816326531
305031127,Newmarket,5083.0,0.3149714735392485,33.0,1038.0,383.0,0.4064293915040183,0.3689788053949903
305031128,Newstead - Bowen Hills,18016.0,0.4725244227353463,33.0,1405.0,450.0,0.5149767029065897,0.3202846975088968
305031129,Wilston,4031.0,0.2091292483254775,37.0,1253.0,400.0,0.3039215686274509,0.3192338387869114
305031130,Windsor,7978.0,0.3710203058410629,32.0,1138.0,400.0,0.4184200079396586,0.351493848857645
305031131,Wooloowin - Lutwyche,11025.0,0.3168253968253968,34.0,1105.0,380.0,0.3683263347330534,0.3438914027149321
305041132,Ashgrove,13716.0,0.1651356080489938,38.0,1153.0,440.0,0.2859177859177859,0.3816131830008673
305041133,Auchenflower,5670.0,0.3479717813051146,32.0,1071.0,390.0,0.5251024590163934,0.3641456582633053
305041134,Bardon,10343.0,0.1590447645750749,38.0,1334.0,495.0,0.2647849462365591,0.3710644677661169
305041135,Paddington - Milton,12197.0,0.3465606296630319,33.0,1248.0,450.0,0.4395378690629011,0.3605769230769231
305041136,Red Hill (Qld),5975.0,0.3275313807531381,32.0,1122.0,430.0,0.4446153846153846,0.3832442067736185
305041137,Toowong,12428.0,0.3976504666881236,30.0,972.0,420.0,0.5686106346483705,0.4320987654320987
306011138,Brinsmead,5537.0,0.1394256817771356,39.0,979.0,450.0,0.1818181818181818,0.459652706843718
306011139,Clifton Beach - Kewarra Beach,11789.0,0.1296123504962253,47.0,818.0,400.0,0.1954979956830095,0.4889975550122249
306011140,Freshwater - Stratford,3742.0,0.1469802244788882,41.0,1026.0,350.0,0.1952506596306068,0.341130604288499
306011141,Redlynch,13784.0,0.1383488102147417,38.0,969.0,420.0,0.1736625514403292,0.4334365325077399
306011142,Trinity Beach - Smithfield,16791.0,0.1940325174200464,38.0,859.0,420.0,0.2518208302986162,0.4889406286379511
306011143,Yorkeys Knob - Machans Beach,6133.0,0.1570194032284363,46.0,791.0,310.0,0.2154471544715447,0.3919089759797724
306021144,Bentley Park,8360.0,0.2071770334928229,32.0,821.0,385.0,0.1372943940919771,0.4689403166869671
306021145,Cairns City,12567.0,0.3199649876661096,37.0,838.0,330.0,0.1961841559518871,0.3937947494033413
306021146,Earlville - Bayview Heights,8376.0,0.1599808978032473,43.0,789.0,340.0,0.1806185567010309,0.4309252217997465
306021147,Edmonton,11409.0,0.2055394863704093,33.0,795.0,350.0,0.1329537014112404,0.440251572327044
306021148,Gordonvale - Trinity,9838.0,0.1794063834112624,38.0,841.0,330.0,0.13210493441599,0.3923900118906064
306021149,Kanimbla - Mooroobool,9963.0,0.1602930844123256,40.0,782.0,345.0,0.176910569105691,0.4411764705882353
306021150,Lamb Range,7.0,0.0,10.0,1499.0,0.0,0.0,0.0
306021151,Manoora,6175.0,0.2223481781376518,36.0,629.0,270.0,0.1690074906367041,0.4292527821939587
306021152,Manunda,5191.0,0.2182623771912926,39.0,648.0,259.0,0.2062893081761006,0.3996913580246913
306021153,Mount Sheridan,8678.0,0.184489513712837,37.0,857.0,390.0,0.1817843866171003,0.455075845974329
306021154,Westcourt - Bungalow,6519.0,0.2486577695965638,39.0,677.0,280.0,0.1829871414441147,0.413589364844904
306021155,White Rock,4918.0,0.1874745831638877,37.0,694.0,340.0,0.1249238269347958,0.4899135446685879
306021156,Whitfield - Edge Hill,8353.0,0.1529989225427989,43.0,915.0,325.0,0.193458316713203,0.3551912568306011
306021157,Woree,5127.0,0.206943631753462,38.0,679.0,280.0,0.1395604395604395,0.4123711340206185
306031158,Babinda,4568.0,0.1210595446584938,47.0,670.0,240.0,0.0935143288084464,0.3582089552238806
306031159,Innisfail,9257.0,0.1824565193907313,41.0,621.0,250.0,0.1050847457627118,0.4025764895330113
306031160,Johnstone,8002.0,0.1300924768807798,47.0,674.0,250.0,0.072463768115942,0.3709198813056379
306031161,Tully,10999.0,0.1458314392217474,48.0,644.0,265.0,0.0834770610555363,0.4114906832298137
306031162,Wooroonooran,,,,,,,
306031163,Yarrabah,2505.0,0.2415169660678642,25.0,337.0,150.0,0.0327653997378768,0.4451038575667655
306041164,Daintree,6674.0,0.1225651783038657,47.0,648.0,260.0,0.0961038961038961,0.4012345679012346
306041165,Port Douglas,5582.0,0.2187388032963095,45.0,824.0,350.0,0.136986301369863,0.424757281553398
306051166,Atherton,11625.0,0.1563870967741935,45.0,668.0,280.0,0.1153731787094855,0.4191616766467065
306051167,Herberton,5522.0,0.1091995653748641,52.0,483.0,230.0,0.0608695652173913,0.4761904761904761
306051168,Kuranda,4826.0,0.1023622047244094,47.0,622.0,270.0,0.1260669730794484,0.4340836012861736
306051169,Malanda - Yungaburra,9095.0,0.0924683892248488,51.0,661.0,260.0,0.0896114195083267,0.3933434190620272
306051170,Mareeba,11825.0,0.1846088794926004,41.0,689.0,285.0,0.0992075139418843,0.4136429608127721
307011171,Balonne,4320.0,0.1881944444444444,40.0,780.0,200.0,0.1060358890701468,0.2564102564102564
307011172,Chinchilla,8775.0,0.2144729344729344,35.0,794.0,250.0,0.0843579234972677,0.3148614609571788
307011173,Goondiwindi,6230.0,0.1825040128410915,38.0,859.0,295.0,0.1143756558237145,0.3434225844004656
307011174,Inglewood - Waggamba,4065.0,0.1473554735547355,45.0,592.0,200.0,0.0992779783393501,0.3378378378378378
307011175,Miles - Wandoan,4180.0,0.2055023923444976,38.0,774.0,200.0,0.1057471264367816,0.2583979328165374
307011176,Roma,6838.0,0.2206785609827435,35.0,957.0,250.0,0.135943686757589,0.2612330198537095
307011177,Roma Surrounds,5989.0,0.1489397228251795,42.0,770.0,155.0,0.0634743875278396,0.2012987012987013
307011178,Tara,3851.0,0.1384056089327447,47.0,494.0,180.0,0.065137614678899,0.3643724696356275
307021179,Crows Nest - Rosalie,9175.0,0.1153133514986376,50.0,547.0,250.0,0.0970496894409937,0.4570383912248629
307021180,Jondaryan,7662.0,0.1648394675019577,41.0,712.0,260.0,0.1126948775055679,0.3651685393258427
307021181,Millmerran,3223.0,0.1507911883338504,47.0,620.0,220.0,0.0817307692307692,0.3548387096774194
307021182,Pittsworth,5791.0,0.1524779830771887,42.0,693.0,270.0,0.1176470588235294,0.3896103896103896
307021183,Wambo,17015.0,0.1796650014692918,37.0,725.0,250.0,0.116412213740458,0.3448275862068966
307031184,Clifton - Greenmount,5109.0,0.1376003131728322,46.0,642.0,250.0,0.1257861635220125,0.3894080996884735
307031185,Southern Downs - East,4360.0,0.1080275229357798,51.0,604.0,240.0,0.1082289803220035,0.3973509933774834
307031186,Southern Downs - West,4991.0,0.1103987176918453,50.0,552.0,250.0,0.1102248005801305,0.4528985507246377
307031187,Stanthorpe,5286.0,0.1343170639424896,50.0,564.0,250.0,0.1099317664897649,0.4432624113475177
307031188,Stanthorpe Surrounds,6247.0,0.1202177044981591,49.0,561.0,240.0,0.1040723981900452,0.427807486631016
307031189,Warwick,15525.0,0.1663768115942029,44.0,618.0,265.0,0.1258185219831618,0.4288025889967637
308011190,Central Highlands - East,7156.0,0.2347680268306316,32.0,969.0,150.0,0.0881542699724518,0.1547987616099071
308011191,Central Highlands - West,7616.0,0.1741071428571428,40.0,882.0,120.0,0.071168621107966,0.1360544217687075
308011192,Emerald,14089.0,0.226133863297608,32.0,1033.0,300.0,0.1240729605131288,0.2904162633107454
308031205,Berserker,7024.0,0.2341970387243735,35.0,676.0,260.0,0.1385542168674698,0.3846153846153846
308031206,Bouldercombe,1948.0,0.1129363449691991,46.0,644.0,250.0,0.0743134087237479,0.3881987577639751
308031207,Emu Park,5798.0,0.1214211797171438,49.0,618.0,350.0,0.1059268600252206,0.5663430420711975
308031208,Frenchville - Mount Archer,9059.0,0.2003532398719505,37.0,884.0,300.0,0.1774193548387097,0.3393665158371041
308031209,Glenlee - Rockyview,5224.0,0.1967840735068912,39.0,983.0,350.0,0.0994449583718778,0.3560528992878942
308031210,Gracemere,12379.0,0.2048630745617578,33.0,779.0,340.0,0.1288548888357638,0.4364569961489088
308031211,Lakes Creek,4880.0,0.2188524590163934,35.0,734.0,260.0,0.1457044673539519,0.3542234332425068
308031212,Mount Morgan,2945.0,0.1215619694397283,53.0,463.0,200.0,0.0749711649365628,0.4319654427645788
308031213,Norman Gardens,10709.0,0.1963768792604351,37.0,837.0,300.0,0.2068863164143662,0.3584229390681003
308031214,Park Avenue,5292.0,0.2180650037792895,36.0,697.0,260.0,0.1465177398160315,0.3730272596843615
308031215,Parkhurst - Kawana,7477.0,0.20649993312826,35.0,826.0,280.0,0.1627231216272312,0.3389830508474576
308031216,Rockhampton - West,5903.0,0.2078604099610367,39.0,774.0,265.0,0.1780735107731305,0.3423772609819121
308031217,Rockhampton City,3364.0,0.221462544589774,41.0,613.0,250.0,0.1568627450980392,0.4078303425774878
308031218,Rockhampton Surrounds - East,3507.0,0.1320216709438266,46.0,722.0,280.0,0.1175869120654396,0.3878116343490305
308031219,Rockhampton Surrounds - North,4598.0,0.1287516311439756,44.0,740.0,300.0,0.0883977900552486,0.4054054054054054
308031220,Rockhampton Surrounds - West,3002.0,0.156562291805463,43.0,836.0,300.0,0.111578947368421,0.3588516746411483
308031221,Shoalwater Bay,22.0,0.0,70.0,725.0,0.0,0.0,0.0
308031222,The Range - Allenstown,7989.0,0.1842533483539867,38.0,784.0,280.0,0.167870036101083,0.3571428571428571
308031223,Yeppoon,20244.0,0.1558486465125469,42.0,786.0,350.0,0.1451694486595852,0.4452926208651399
308041528,Banana,8817.0,0.1675172961324713,40.0,835.0,200.0,0.0688524590163934,0.2395209580838323
308041528,Banana,8817.0,0.1675172961324713,40.0,835.0,200.0,0.0688524590163934,0.2395209580838323
308041529,Biloela,5694.0,0.2075869336143308,36.0,889.0,260.0,0.088016967126193,0.2924634420697413
308051530,Agnes Water - Miriam Vale,6807.0,0.0896136330248273,52.0,507.0,275.0,0.0845905172413793,0.5424063116370809
308051531,Boyne Island - Tannum Sands,10063.0,0.150352777501739,39.0,855.0,300.0,0.1326562995874325,0.3508771929824561
308051532,Callemondah,,,,,,,
308051533,Clinton - New Auckland,14161.0,0.2099428006496716,33.0,828.0,295.0,0.1466608467917939,0.3562801932367149
308051534,Gladstone,6174.0,0.2006802721088435,40.0,688.0,230.0,0.1354466858789625,0.3343023255813953
308051535,Gladstone Hinterland,11529.0,0.152658513314251,38.0,801.0,290.0,0.1005420054200542,0.3620474406991261
308051536,Kin Kora - Sun Valley,3533.0,0.1709595244834418,38.0,808.0,273.0,0.1407407407407407,0.3378712871287129
308051537,South Trees,,,,,,,
308051538,Telina - Toolooa,6387.0,0.2102708626898387,34.0,870.0,300.0,0.1403929084810733,0.3448275862068966
308051539,West Gladstone,4832.0,0.1970198675496688,40.0,699.0,230.0,0.156078431372549,0.3290414878397711
309011224,Broadbeach Waters,8164.0,0.1817736403723664,43.0,889.0,600.0,0.2584078331204767,0.6749156355455568
309011225,Burleigh Heads,9176.0,0.2300566695727986,44.0,883.0,480.0,0.2619420516836335,0.5436013590033975
309011226,Burleigh Waters,14413.0,0.1548601956566988,42.0,803.0,500.0,0.1994142055162314,0.6226650062266501
309011227,Mermaid Beach - Broadbeach,13997.0,0.3052082589126241,40.0,950.0,440.0,0.3175657719904332,0.4631578947368421
309011228,Mermaid Waters,13205.0,0.1937145020825444,40.0,817.0,450.0,0.2358193277310924,0.5507955936352509
309011229,Miami,7445.0,0.2660846205507052,37.0,919.0,470.0,0.2928427419354839,0.5114254624591947
309021230,Coolangatta,6491.0,0.2300107841626868,50.0,785.0,405.0,0.3277703604806408,0.5159235668789809
309021231,Currumbin - Tugun,12339.0,0.1988815949428641,41.0,857.0,455.0,0.2297908422837761,0.5309218203033839
309021232,Currumbin Waters,9797.0,0.1439216086557109,42.0,743.0,468.0,0.1820718521102197,0.629878869448183
309021233,Elanora,12539.0,0.148656192678842,42.0,738.0,525.0,0.1963343515690086,0.7113821138211383
309021234,Palm Beach,16349.0,0.2162211756070707,39.0,873.0,445.0,0.2469760281504288,0.5097365406643757
309031235,Arundel,11171.0,0.1867335064005013,41.0,715.0,470.0,0.2621817038667086,0.6573426573426573
309031236,Biggera Waters,9973.0,0.2265115812694274,44.0,717.0,430.0,0.2978091347939101,0.599721059972106
309031237,Coombabah,10298.0,0.1365313653136531,51.0,605.0,415.0,0.1987551867219917,0.6859504132231405
309031238,Labrador,18643.0,0.2032934613527865,45.0,654.0,380.0,0.277061591978719,0.581039755351682
309031239,Paradise Point - Hollywell,9991.0,0.1117005304774296,52.0,842.0,465.0,0.1865263157894736,0.5522565320665083
309031240,Runaway Bay,9308.0,0.1118392780403953,54.0,727.0,435.0,0.1934992381919756,0.5983493810178817
309041241,Guanaba - Springbrook,4420.0,0.1463800904977375,45.0,764.0,375.0,0.1627146361406377,0.4908376963350785
309041242,Tamborine - Canungra,15692.0,0.1180219219984705,46.0,729.0,420.0,0.1685108344859382,0.5761316872427984
309041242,Tamborine - Canungra,15692.0,0.1180219219984705,46.0,729.0,420.0,0.1685108344859382,0.5761316872427984
309051243,Currumbin Valley - Tallebudgera,7674.0,0.1287464164712014,43.0,779.0,500.0,0.1766417290108063,0.6418485237483954
309051244,Mudgeeraba - Bonogin,19552.0,0.1398322422258592,39.0,790.0,500.0,0.1811244354461922,0.6329113924050633
309051245,Reedy Creek - Andrews,8810.0,0.1590238365493757,37.0,876.0,455.0,0.1952319587628866,0.519406392694064
309061246,Carrara,13147.0,0.176161862021754,42.0,770.0,450.0,0.2302015327845586,0.5844155844155844
309061247,Highland Park,8433.0,0.1725364638918534,40.0,731.0,420.0,0.2002572898799313,0.5745554035567716
309061248,Nerang - Mount Nathan,21260.0,0.1850893697083725,39.0,741.0,400.0,0.1935056328694499,0.5398110661268556
309061249,Pacific Pines - Gaven,18308.0,0.1890976622241643,35.0,825.0,470.0,0.1962445995347291,0.5696969696969697
309061250,Worongary - Tallai,8542.0,0.133692343713416,43.0,795.0,520.0,0.1882905674015179,0.6540880503144654
309071251,Coomera,20225.0,0.2684301606922126,29.0,834.0,450.0,0.1942658092175777,0.539568345323741
309071252,Helensvale,18949.0,0.1652329938255317,41.0,790.0,495.0,0.2184724689165186,0.6265822784810127
309071253,Hope Island,14665.0,0.1318104330037504,50.0,862.0,550.0,0.2166349551508562,0.6380510440835266
309071254,Jacobs Well - Alberton,4607.0,0.1534621228565227,43.0,824.0,400.0,0.1656703672075149,0.4854368932038835
309071256,Oxenford - Maudsland,17920.0,0.1811941964285714,36.0,844.0,445.0,0.191279382738202,0.5272511848341233
309071552,Ormeau (East) - Stapylton,10681.0,0.2038198670536466,32.0,854.0,440.0,0.1586314152410575,0.5152224824355972
309071553,Ormeau (West) - Yatala,11879.0,0.1761932822628167,36.0,903.0,450.0,0.1793803696953918,0.4983388704318937
309071554,Pimpama - North,9910.0,0.2496468213925328,32.0,835.0,440.0,0.1893603546548448,0.5269461077844312
309071555,Pimpama - South,10491.0,0.3342865313125536,27.0,851.0,435.0,0.1759880686055182,0.5111633372502937
309071556,Upper Coomera (South) - Wongawallan,11420.0,0.162784588441331,36.0,903.0,500.0,0.1659343499612303,0.5537098560354374
309071557,Upper Coomera - North,20287.0,0.2040715729284763,33.0,807.0,450.0,0.169211549139367,0.5576208178438662
309071558,Willow Vale - Pimpama (West),7027.0,0.2887434182439163,29.0,899.0,440.0,0.2007496876301541,0.489432703003337
309081259,Clear Island Waters,4395.0,0.127872582480091,50.0,732.0,540.0,0.2421410365335599,0.7377049180327869
309081260,Merrimac,7210.0,0.1973647711511789,38.0,788.0,465.0,0.2184508268059181,0.5901015228426396
309081262,Varsity Lakes,16639.0,0.235771380491616,36.0,788.0,490.0,0.2810672514619883,0.6218274111675127
309081559,Robina - East,16861.0,0.1916256449795385,39.0,756.0,540.0,0.3156518490847964,0.7142857142857143
309081560,Robina - West,8804.0,0.2217174011812812,40.0,801.0,540.0,0.2842105263157894,0.6741573033707865
309091263,Ashmore,12415.0,0.1668143374949657,43.0,740.0,450.0,0.2129048455937735,0.6081081081081081
309091264,Molendinar,6450.0,0.1984496124031007,37.0,703.0,450.0,0.2528517110266159,0.6401137980085349
309091265,Parkwood,8837.0,0.2331107842027837,37.0,736.0,538.0,0.3305756635642882,0.7309782608695652
309091540,Southport - North,17891.0,0.3365379240959141,35.0,652.0,400.0,0.4507178577189869,0.6134969325153374
309091541,Southport - South,18893.0,0.2589848091885883,39.0,680.0,435.0,0.3360940864667881,0.6397058823529411
309101267,Benowa,9889.0,0.1243806249367984,44.0,776.0,580.0,0.2003786683496371,0.7474226804123711
309101268,Bundall,4895.0,0.172829417773238,41.0,902.0,480.0,0.2199606040709126,0.532150776053215
309101269,Main Beach,3998.0,0.1605802901450725,57.0,938.0,500.0,0.2586750788643533,0.5330490405117271
309101561,Surfers Paradise - North,12204.0,0.2747459849229761,45.0,772.0,415.0,0.3224978614200171,0.5375647668393783
309101562,Surfers Paradise - South,14210.0,0.3071780436312456,39.0,777.0,400.0,0.3190298507462686,0.5148005148005148
310011271,Darra - Sumner,4699.0,0.2398382634603107,35.0,732.0,360.0,0.2552742616033755,0.4918032786885246
310011272,Durack,8254.0,0.1957838623697601,39.0,604.0,350.0,0.2372881355932203,0.5794701986754967
310011274,Inala - Richlands,19891.0,0.243175305414509,31.0,500.0,300.0,0.2037880945599544,0.6
310011275,Oxley (Qld),8578.0,0.2324551177430636,35.0,979.0,405.0,0.2852386237513873,0.4136874361593463
310011276,Wacol,6220.0,0.3472668810289389,34.0,485.0,290.0,0.0282776349614395,0.5979381443298969
310011563,Doolandella,8598.0,0.2652942544777855,31.0,810.0,365.0,0.2530695770804911,0.4506172839506173
310011564,Forest Lake - Ellen Grove,22478.0,0.201530385265593,36.0,805.0,380.0,0.2477223427331887,0.4720496894409938
310021277,Boonah,12617.0,0.1327573908219069,47.0,657.0,295.0,0.1223871554074522,0.4490106544901065
310021277,Boonah,12617.0,0.1327573908219069,47.0,657.0,295.0,0.1223871554074522,0.4490106544901065
310021278,Esk,5052.0,0.0975851148060174,55.0,509.0,260.0,0.1191806331471136,0.5108055009823183
310021279,Lake Manchester - England Creek,,,,,,,
310021280,Lockyer Valley - East,21208.0,0.1656450396076952,41.0,627.0,315.0,0.1460099152406844,0.5023923444976076
310021281,Lowood,14197.0,0.1507360710009156,41.0,645.0,310.0,0.1274323682961556,0.4806201550387597
310021282,Rosewood,14217.0,0.213406485193782,38.0,759.0,300.0,0.1090872698158526,0.3952569169960474
310031283,Brassall,12115.0,0.2217911679735864,34.0,719.0,310.0,0.1734258271077908,0.43115438108484
310031284,Bundamba,9334.0,0.2298050139275766,36.0,703.0,300.0,0.1789396170839469,0.4267425320056899
310031285,Churchill - Yamanto,6817.0,0.2037553175883819,35.0,786.0,300.0,0.1723804925156929,0.3816793893129771
310031286,Ipswich - Central,6715.0,0.1816827997021593,41.0,688.0,280.0,0.1919191919191919,0.4069767441860465
310031287,Ipswich - East,17975.0,0.1926564673157162,39.0,683.0,290.0,0.1795125817317218,0.424597364568082
310031288,Ipswich - North,4561.0,0.1620258715194036,40.0,916.0,340.0,0.2282768777614138,0.37117903930131
310031289,Karalee - Barellan Point,6694.0,0.1550642366298177,38.0,1019.0,400.0,0.1902718168812589,0.3925417075564278
310031290,Karana Downs,6032.0,0.1230106100795756,42.0,962.0,400.0,0.2402144772117962,0.4158004158004158
310031291,Leichhardt - One Mile,8268.0,0.2256894049346879,32.0,620.0,290.0,0.1582568807339449,0.4677419354838709
310031292,North Ipswich - Tivoli,6416.0,0.1921758104738154,41.0,660.0,285.0,0.2017391304347826,0.4318181818181818
310031293,Raceview,15154.0,0.1938762043024944,36.0,764.0,315.0,0.1602380427595327,0.412303664921466
310031294,Ripley,12774.0,0.3122749334585877,29.0,1054.0,380.0,0.220754716981132,0.3605313092979127
310031295,Riverview,3067.0,0.1966090642321487,37.0,497.0,270.0,0.1036168132942326,0.5432595573440644
310041297,Camira - Gailes,9249.0,0.1918045194075035,38.0,760.0,325.0,0.1809122269068608,0.4276315789473684
310041298,Carole Park,8.0,0.0,36.0,1062.0,150.0,1.0,0.1412429378531073
310041299,Collingwood Park - Redbank,11686.0,0.2351531747390039,31.0,777.0,340.0,0.1731943031536114,0.4375804375804376
310041300,Goodna,10885.0,0.2095544327055581,33.0,637.0,310.0,0.140665626625065,0.4866562009419152
310041301,New Chum,,,,,,,
310041302,Redbank Plains,24349.0,0.2708530124440428,27.0,747.0,350.0,0.1621166161105493,0.4685408299866131
310041303,Springfield,7322.0,0.2129199672220704,32.0,919.0,385.0,0.2009665726943214,0.4189336235038084
310041304,Springfield Lakes,23526.0,0.2407124032984783,31.0,1014.0,420.0,0.2125769777356703,0.4142011834319526
310041565,Augustine Heights - Brookwater,8987.0,0.1918326471570045,32.0,1179.0,415.0,0.1970112839280268,0.3519932145886344
310041566,Bellbird Park,9191.0,0.2451311065172451,31.0,842.0,340.0,0.1733974358974359,0.4038004750593824
311011305,Beaudesert,14674.0,0.1399754668120485,45.0,605.0,310.0,0.1057471264367816,0.512396694214876
311011305,Beaudesert,14674.0,0.1399754668120485,45.0,605.0,310.0,0.1057471264367816,0.512396694214876
311021306,Beenleigh,8425.0,0.2206528189910979,38.0,642.0,300.0,0.1446442533229085,0.4672897196261682
311021307,Eagleby,13594.0,0.2022215683389731,37.0,586.0,320.0,0.1261904761904762,0.5460750853242321
311021308,Edens Landing - Holmview,9549.0,0.2635878102419101,31.0,814.0,380.0,0.1915254237288135,0.4668304668304668
311021309,Mount Warren Park,5736.0,0.1725941422594142,41.0,735.0,340.0,0.1768172888015717,0.4625850340136054
311021310,Wolffdene - Bahrs Scrub,9016.0,0.2505545696539485,32.0,920.0,415.0,0.1950130256791961,0.4510869565217391
311031311,Boronia Heights - Park Ridge,19166.0,0.266617969320672,32.0,740.0,360.0,0.1819270922471333,0.4864864864864865
311031312,Browns Plains,8161.0,0.2222766817791937,32.0,700.0,350.0,0.1499468273661822,0.5
311031313,Chambers Flat - Logan Reserve,8869.0,0.2854887811478182,30.0,793.0,380.0,0.1802876183795159,0.4791929382093317
311031314,Crestmead,12158.0,0.2189504852771837,29.0,689.0,350.0,0.126645483431684,0.5079825834542816
311031315,Greenbank Military Camp,,,,,,,
311031316,Hillcrest,8832.0,0.213088768115942,35.0,795.0,350.0,0.1946050096339113,0.440251572327044
311031317,Marsden,15988.0,0.2267950963222416,28.0,633.0,350.0,0.13203214695752,0.5529225908372828
311031318,Munruben - Park Ridge South,4428.0,0.1515356820234869,43.0,770.0,458.0,0.1794439764111204,0.5948051948051948
311031319,Regents Park - Heritage Park,16032.0,0.2003493013972055,35.0,795.0,390.0,0.1869985599670849,0.490566037735849
311041322,Logan Village,8608.0,0.1599674721189591,40.0,776.0,470.0,0.1552492906364005,0.6056701030927835
311041567,Flagstone (East) - Riverbend,6632.0,0.172195416164053,34.0,859.0,410.0,0.1180203045685279,0.4772991850989522
311041568,Flagstone (West) - New Beith,10051.0,0.1909262759924385,33.0,1001.0,395.0,0.1708784596871239,0.3946053946053946
311041569,Greenbank - North Maclean,7637.0,0.1877700667801492,37.0,795.0,430.0,0.1769196228109564,0.5408805031446541
311041570,Jimboomba - Glenlogan,18013.0,0.1644923111086437,37.0,824.0,410.0,0.1390775831247765,0.4975728155339806
311041571,Yarrabilba,10706.0,0.2893704464786101,26.0,818.0,375.0,0.1399351459216762,0.4584352078239608
311051323,Bethania - Waterford,12125.0,0.2005773195876288,38.0,682.0,355.0,0.1666203832268814,0.5205278592375366
311051324,Cornubia - Carbrook,9076.0,0.1543631555751432,41.0,892.0,425.0,0.1934858472276076,0.476457399103139
311051325,Loganholme - Tanah Merah,11588.0,0.2080600621332413,35.0,826.0,390.0,0.1750358680057389,0.4721549636803874
311051326,Loganlea,11776.0,0.2476222826086956,32.0,608.0,350.0,0.1823375386812663,0.5756578947368421
311051327,Shailer Park,12073.0,0.1735277064524144,39.0,922.0,410.0,0.2250432775533756,0.4446854663774403
311051328,Waterford West,7815.0,0.2089571337172105,35.0,626.0,320.0,0.1435097068899885,0.5111821086261981
311061329,Daisy Hill,6897.0,0.1673191242569233,38.0,882.0,400.0,0.2003780718336484,0.4535147392290249
311061330,Kingston (Qld),10371.0,0.2361392344036255,32.0,521.0,315.0,0.1403178023161863,0.6046065259117083
311061331,Logan Central,6356.0,0.2185336689741976,32.0,476.0,280.0,0.1494252873563218,0.5882352941176471
311061332,Rochedale South - Priestdale,15394.0,0.1753280498895673,37.0,841.0,395.0,0.2158771360588362,0.469678953626635
311061333,Slacks Creek,10408.0,0.2109915449654112,35.0,622.0,310.0,0.1497375733251003,0.4983922829581994
311061334,Springwood,9842.0,0.1863442389758179,40.0,788.0,380.0,0.230855435188644,0.482233502538071
311061335,Underwood,6809.0,0.2195623439565281,34.0,803.0,400.0,0.2401918047079337,0.49813200498132
311061336,Woodridge,12982.0,0.2198428593437066,33.0,510.0,280.0,0.1472918004709912,0.5490196078431373
312011337,Bowen,9874.0,0.1822969414624266,42.0,711.0,270.0,0.0933333333333333,0.379746835443038
312011338,Broadsound - Nebo,8730.0,0.2616265750286369,36.0,1241.0,80.0,0.0580453563714902,0.064464141821112
312011339,Clermont,3893.0,0.2155150269714872,36.0,1031.0,220.0,0.07113654946852,0.2133850630455868
312011340,Collinsville,3898.0,0.1729091841970241,45.0,714.0,215.0,0.0549630844954881,0.3011204481792717
312011341,Moranbah,9425.0,0.2677984084880636,31.0,1553.0,111.0,0.0914951648896603,0.0714745653573728
312021342,Andergrove - Beaconsfield,15824.0,0.2024772497472194,36.0,826.0,350.0,0.1367330353514831,0.423728813559322
312021343,East Mackay,3756.0,0.1847710330138445,42.0,918.0,320.0,0.1428571428571428,0.3485838779956427
312021344,Eimeo - Rural View,13495.0,0.217858466098555,33.0,1023.0,400.0,0.1302226935312831,0.3910068426197458
312021345,Eungella Hinterland,,,,,,,
312021346,Mackay,4026.0,0.2839046199701937,38.0,835.0,270.0,0.1625194401244168,0.3233532934131736
312021347,Mackay Harbour,615.0,0.1219512195121951,50.0,1141.0,510.0,0.1217948717948717,0.4469763365468887
312021348,Mount Pleasant - Glenella,11558.0,0.1578992905346946,40.0,954.0,400.0,0.1417233560090703,0.4192872117400419
312021349,North Mackay,6283.0,0.2105681999045042,40.0,785.0,300.0,0.1590778097982708,0.3821656050955414
312021350,Ooralea - Bakers Creek,5941.0,0.2161252314425181,36.0,946.0,410.0,0.1826315789473684,0.4334038054968288
312021351,Pioneer Valley,8897.0,0.1773631561200404,36.0,870.0,350.0,0.1052794072244519,0.4022988505747126
312021352,Sarina,11822.0,0.1524276772119776,42.0,767.0,300.0,0.0956668542487338,0.3911342894393741
312021353,Seaforth - Calen,8181.0,0.1213788045471213,47.0,744.0,250.0,0.093255620316403,0.336021505376344
312021354,Shoal Point - Bucasia,6084.0,0.1817882971729125,36.0,940.0,380.0,0.1382075471698113,0.4042553191489361
312021355,Slade Point,3455.0,0.1649782923299566,40.0,781.0,300.0,0.1274976213130352,0.3841229193341869
312021356,South Mackay,6918.0,0.1974559121133275,39.0,791.0,290.0,0.1593378168649767,0.3666245259165613
312021357,Walkerston - Eton,8457.0,0.1758306728154191,38.0,901.0,330.0,0.1047693510555121,0.3662597114317425
312021358,West Mackay,6364.0,0.1873035826524198,41.0,842.0,320.0,0.1701541850220264,0.3800475059382422
312031359,Airlie - Whitsundays,14523.0,0.270536390552916,36.0,898.0,370.0,0.1378212417557425,0.4120267260579064
312031359,Airlie - Whitsundays,14523.0,0.270536390552916,36.0,898.0,370.0,0.1378212417557425,0.4120267260579064
312031360,Cape Conway,,,,,,,
312031361,Proserpine,8858.0,0.1285843305486566,45.0,722.0,276.0,0.0895987534086482,0.3822714681440443
313011362,Beachmere - Sandstone Point,16469.0,0.1082640111725059,53.0,570.0,360.0,0.1417193078824498,0.631578947368421
313011363,Bribie Island,20612.0,0.0684067533475645,63.0,529.0,335.0,0.1339686098654708,0.6332703213610587
313021364,Burpengary - East,6658.0,0.2135776509462301,34.0,916.0,430.0,0.1927772126144455,0.4694323144104803
313021366,Caboolture - South,23625.0,0.2217142857142857,33.0,637.0,340.0,0.1468275488069414,0.533751962323391
313021367,Elimbah,4290.0,0.168997668997669,40.0,789.0,370.0,0.1632145816072908,0.4689480354879594
313021368,Morayfield - East,11078.0,0.2492327134861888,32.0,731.0,355.0,0.1774955699940933,0.4856361149110807
313021369,Wamuran,4228.0,0.1572847682119205,43.0,767.0,350.0,0.1567425569176882,0.4563233376792698
313021572,Caboolture - East,17736.0,0.2188204781235904,35.0,655.0,315.0,0.1564674397859054,0.4809160305343511
313021573,Caboolture - West,12165.0,0.1843814221126181,39.0,619.0,300.0,0.1429370629370629,0.4846526655896607
313031370,Kilcoy,5799.0,0.1462321089843076,44.0,690.0,330.0,0.0934861278648974,0.4782608695652174
313031370,Kilcoy,5799.0,0.1462321089843076,44.0,690.0,330.0,0.0934861278648974,0.4782608695652174
313031371,Woodford - D'Aguilar,9100.0,0.2163736263736263,39.0,695.0,350.0,0.0744711677774558,0.5035971223021583
313041372,Burpengary,16488.0,0.211608442503639,36.0,775.0,350.0,0.1919465887752973,0.4516129032258064
313041373,Deception Bay,22686.0,0.167768667900908,41.0,612.0,330.0,0.1423851478917558,0.5392156862745098
313041374,Morayfield,5867.0,0.1978864837225157,38.0,792.0,345.0,0.2065351418002466,0.4356060606060606
313041375,Narangba,20914.0,0.188629626087788,33.0,889.0,415.0,0.176228927610143,0.4668166479190101
313041376,Upper Caboolture,3260.0,0.161042944785276,41.0,828.0,420.0,0.1869266055045871,0.5072463768115942
313051377,Clontarf,8415.0,0.1502079619726678,46.0,705.0,345.0,0.1941838649155722,0.4893617021276595
313051378,Margate - Woody Point,11974.0,0.1297811925839318,48.0,697.0,325.0,0.2001387443635102,0.4662840746054519
313051379,Redcliffe,10434.0,0.1190339275445658,52.0,625.0,334.0,0.1716001716001716,0.5344
313051380,Rothwell - Kippa-Ring,17385.0,0.1570319240724762,43.0,634.0,360.0,0.1651001225991009,0.5678233438485805
313051574,Moreton Island,309.0,0.3333333333333333,45.0,825.0,213.0,0.1,0.2581818181818182
313051575,Scarborough - Newport,15257.0,0.1110310021629416,49.0,804.0,405.0,0.2005398110661268,0.503731343283582
314011382,Albany Creek,16410.0,0.1540524070688604,40.0,954.0,440.0,0.2294715447154471,0.4612159329140461
314011383,Cashmere,19643.0,0.1906022501654533,35.0,1003.0,420.0,0.213361371724361,0.4187437686939183
314011384,Dayboro,9213.0,0.1233040269184847,43.0,896.0,400.0,0.1678395496129486,0.4464285714285714
314011385,Eatons Hill,7822.0,0.1480439785221171,38.0,1047.0,460.0,0.2188841201716738,0.4393505253104107
314011386,The Hills District,24313.0,0.1797392341545675,38.0,1023.0,455.0,0.2387186629526462,0.4447702834799609
314011387,Samford Valley,12385.0,0.1043197416229309,45.0,978.0,495.0,0.209131461558646,0.5061349693251533
314021389,Murrumba Downs - Griffin,23089.0,0.2502057256702326,32.0,928.0,380.0,0.2076517881896312,0.4094827586206896
314021576,Dakabin,5275.0,0.2908056872037914,30.0,877.0,360.0,0.2159028161236885,0.4104903078677309
314021577,Kallangur,21749.0,0.2261253390960504,35.0,734.0,350.0,0.1903119611224329,0.4768392370572207
314021578,Mango Hill,14921.0,0.2165404463507808,31.0,959.0,400.0,0.2000745851202685,0.4171011470281543
314021579,North Lakes,23030.0,0.1838905775075988,35.0,885.0,420.0,0.2086147572320632,0.4745762711864407
314031391,Bray Park,10271.0,0.1925810534514652,37.0,755.0,390.0,0.1899404367968233,0.5165562913907285
314031392,Lawnton,7095.0,0.2272022551092318,35.0,792.0,340.0,0.2077035592393954,0.4292929292929293
314031393,Petrie,8735.0,0.1941614195764167,38.0,811.0,360.0,0.2329411764705882,0.4438964241676942
314031394,Strathpine - Brendale,13747.0,0.2220848185058558,36.0,736.0,360.0,0.2232688391038696,0.4891304347826087
315011395,Aurukun,1101.0,0.2561307901907357,29.0,331.0,125.0,0.0114942528735632,0.3776435045317221
315011396,Cape York,7803.0,0.2051774958349352,35.0,520.0,130.0,0.061812665908229,0.25
315011396,Cape York,7803.0,0.2051774958349352,35.0,520.0,130.0,0.061812665908229,0.25
315011397,Croydon - Etheridge,981.0,0.1916411824668705,42.0,763.0,155.0,0.0795454545454545,0.2031454783748361
315011398,Kowanyama - Pormpuraaw,1691.0,0.2389118864577173,30.0,345.0,118.0,0.0361663652802893,0.3420289855072463
315011399,Northern Peninsula,2781.0,0.2398417835311039,23.0,604.0,120.0,0.0393356643356643,0.1986754966887417
315011400,Tablelands,6204.0,0.2068020631850419,43.0,611.0,230.0,0.041860465116279,0.3764320785597381
315011401,Torres,3421.0,0.2256650102309266,30.0,877.0,200.0,0.0905209222886421,0.2280501710376282
315011401,Torres,3421.0,0.2256650102309266,30.0,877.0,200.0,0.0905209222886421,0.2280501710376282
315011402,Torres Strait Islands,4124.0,0.2259941804073715,27.0,411.0,130.0,0.067870036101083,0.316301703163017
315011402,Torres Strait Islands,4124.0,0.2259941804073715,27.0,411.0,130.0,0.067870036101083,0.316301703163017
315011403,Weipa,4097.0,0.270685867708079,30.0,1558.0,500.0,0.1340273259596617,0.3209242618741977
315021404,Carpentaria,4921.0,0.2401950823003454,30.0,483.0,125.0,0.0591510090466249,0.2587991718426501
315021405,Mount Isa,18317.0,0.2513512037997488,31.0,1158.0,275.0,0.1278282411230388,0.2374784110535406
315021406,Mount Isa Surrounds,4044.0,0.2537091988130563,34.0,1172.0,206.0,0.0899628252788104,0.1757679180887372
315021407,Northern Highlands,3095.0,0.2245557350565428,38.0,914.0,150.0,0.0944558521560575,0.1641137855579868
315021407,Northern Highlands,3095.0,0.2245557350565428,38.0,914.0,150.0,0.0944558521560575,0.1641137855579868
315031408,Barcaldine - Blackall,4749.0,0.1629816803537586,45.0,808.0,157.0,0.0971250971250971,0.1943069306930693
315031409,Charleville,3971.0,0.185595567867036,43.0,798.0,170.0,0.1064935064935064,0.213032581453634
315031410,Far Central West,2156.0,0.1952690166975881,41.0,947.0,140.0,0.0694006309148265,0.1478352692713833
315031411,Far South West,2713.0,0.1791374861776631,42.0,680.0,130.0,0.093167701863354,0.1911764705882352
315031412,Longreach,3647.0,0.1883740060323553,40.0,938.0,200.0,0.1196213425129087,0.2132196162046908
316011413,Buderim - North,17960.0,0.1211581291759465,49.0,761.0,460.0,0.2069327731092436,0.6044678055190539
316011414,Buderim - South,17501.0,0.1551339923432946,42.0,834.0,450.0,0.2279191616766467,0.539568345323741
316011415,Mountain Creek,11950.0,0.1741422594142259,37.0,857.0,500.0,0.1925,0.5834305717619603
316011416,Sippy Downs,11544.0,0.2377858627858627,33.0,669.0,460.0,0.3639864099660249,0.6875934230194319
316021417,Aroona - Currimundi,10043.0,0.1362142786020113,44.0,725.0,450.0,0.1897646619350018,0.6206896551724138
316021418,Buddina - Minyama,6956.0,0.1569867740080506,47.0,833.0,450.0,0.1958985429033999,0.5402160864345739
316021419,Caloundra - Kings Beach,6973.0,0.1462785027965008,56.0,668.0,370.0,0.2304964539007092,0.5538922155688623
316021421,Golden Beach - Pelican Waters,13035.0,0.0873034138856923,55.0,664.0,440.0,0.1691404901622367,0.6626506024096386
316021422,Moffat Beach - Battery Hill,8130.0,0.1380073800738007,48.0,739.0,400.0,0.2010382255781028,0.5412719891745602
316021423,Parrearra - Warana,10392.0,0.136451116243264,46.0,781.0,465.0,0.1851717902350813,0.5953905249679897
316021424,Wurtulla - Birtinya,10671.0,0.2177865242245338,39.0,824.0,480.0,0.2484472049689441,0.5825242718446602
316021580,Caloundra West - Baringa,15707.0,0.2285605144203221,33.0,854.0,480.0,0.2066148635186292,0.5620608899297423
316021581,Meridan Plains - Little Mountain (North),14397.0,0.1513509758977564,42.0,716.0,460.0,0.1642696629213483,0.6424581005586593
316031425,Coolum Beach,15948.0,0.1388888888888889,44.0,794.0,450.0,0.1903864278982092,0.5667506297229219
316031426,Marcoola - Mudjimba,11961.0,0.1447203411086029,49.0,755.0,435.0,0.216554054054054,0.5761589403973509
316031427,Maroochydore - Kuluin,23327.0,0.2143867621211471,46.0,764.0,410.0,0.2499579478553406,0.5366492146596858
316031428,Mooloolaba - Alexandra Headland,12443.0,0.205336333681588,45.0,861.0,400.0,0.2768079800498753,0.4645760743321719
316051434,Noosa Heads,5120.0,0.11015625,54.0,909.0,550.0,0.1414847161572052,0.605060506050605
316051435,Noosaville,9344.0,0.0917166095890411,56.0,748.0,480.0,0.1612740141557128,0.6417112299465241
316051437,Sunshine Beach,6851.0,0.1300540067143482,46.0,868.0,500.0,0.1727467811158798,0.576036866359447
316051438,Tewantin,10538.0,0.1063769216170051,51.0,633.0,450.0,0.1368865030674846,0.7109004739336493
316051543,Peregian Beach - Marcus Beach,4107.0,0.1205259313367421,46.0,873.0,455.0,0.1849611063094209,0.5211912943871707
316051544,Peregian Springs,10694.0,0.1268935851879558,38.0,823.0,530.0,0.1475455820476858,0.6439854191980559
316061439,Beerwah,9255.0,0.1740680713128038,40.0,689.0,390.0,0.1681852695520121,0.5660377358490566
316061440,Caloundra Hinterland,9110.0,0.0863885839736553,56.0,630.0,370.0,0.1699716713881019,0.5873015873015873
316061441,Glass House Mountains,6552.0,0.1576617826617826,42.0,737.0,398.0,0.1707717569786535,0.5400271370420624
316061442,Landsborough,15652.0,0.2071300792231024,36.0,823.0,460.0,0.2131854590264941,0.5589307411907655
316061443,Maroochy Hinterland,6830.0,0.1,52.0,651.0,350.0,0.1552238805970149,0.5376344086021505
316061444,Palmwoods,11643.0,0.1350167482607575,45.0,734.0,410.0,0.1797276853252647,0.55858310626703
316071545,Bli Bli,10750.0,0.1525581395348837,41.0,762.0,460.0,0.1670644391408114,0.6036745406824147
316071546,Diddillibah - Rosemount,4403.0,0.1185555303202362,46.0,707.0,400.0,0.1765188834154351,0.5657708628005658
316071547,Eumundi - Yandina,12348.0,0.1452057013281503,43.0,757.0,400.0,0.1478285878631003,0.5284015852047557
316071548,Nambour,22492.0,0.1782411524097457,40.0,678.0,360.0,0.1938144329896907,0.5309734513274337
316081549,Noosa Hinterland,24207.0,0.103730325938778,49.0,674.0,415.0,0.1438904278239458,0.615727002967359
317011445,Cambooya - Wyreema,7899.0,0.1958475756424864,34.0,891.0,310.0,0.1747343565525383,0.3479236812570146
317011446,Darling Heights,14576.0,0.2586443468715697,33.0,725.0,315.0,0.3160558817574407,0.4344827586206896
317011447,Drayton - Harristown,10823.0,0.2237826850226369,37.0,649.0,295.0,0.2315529484408768,0.4545454545454545
317011448,Gatton,7951.0,0.289523330398692,33.0,661.0,295.0,0.2730907636945222,0.4462934947049924
317011449,Gowrie (Qld),7059.0,0.1726873494829296,35.0,869.0,350.0,0.1482595616673828,0.4027617951668584
317011450,Highfields,14582.0,0.1227540803730626,42.0,869.0,408.0,0.1609296206972155,0.4695051783659378
317011451,Lockyer Valley - West,11943.0,0.1494599346897764,41.0,737.0,310.0,0.1359331476323119,0.4206241519674355
317011452,Middle Ridge,7595.0,0.1186306780776826,43.0,907.0,420.0,0.1976284584980237,0.4630650496141124
317011453,Newtown (Qld),10039.0,0.2394660822791114,35.0,688.0,289.0,0.2319127849355798,0.4200581395348837
317011454,North Toowoomba - Harlaxton,6426.0,0.2332710862122627,34.0,673.0,280.0,0.2119904076738609,0.4160475482912333
317011455,Rangeville,8668.0,0.1464005537609598,44.0,834.0,340.0,0.2141109298531811,0.407673860911271
317011456,Toowoomba - Central,13987.0,0.2329305783942232,37.0,743.0,295.0,0.2473448194477224,0.3970390309555854
317011457,Toowoomba - East,10533.0,0.1572201651951011,40.0,915.0,315.0,0.2111519954712708,0.3442622950819672
317011458,Toowoomba - West,15848.0,0.2258960121150934,34.0,857.0,340.0,0.2135922330097087,0.396732788798133
317011459,Wilsonton,14112.0,0.1875,42.0,621.0,295.0,0.1973859695918911,0.4750402576489533
318011460,Ayr,8987.0,0.1819294536552798,44.0,711.0,230.0,0.095475300954753,0.3234880450070324
318011461,Burdekin,7658.0,0.1361974405850091,47.0,736.0,210.0,0.0948402948402948,0.2853260869565217
318011462,Charters Towers,8040.0,0.1533582089552238,40.0,642.0,220.0,0.0672090555359037,0.3426791277258567
318011463,Dalrymple,3754.0,0.1283963771976558,45.0,720.0,200.0,0.0704340704340704,0.2777777777777778
318011464,Ingham,4455.0,0.1512906846240179,49.0,606.0,210.0,0.1063464837049742,0.3465346534653465
318011465,Ingham Surrounds,6462.0,0.1154441349427421,53.0,674.0,200.0,0.0962914769030579,0.2967359050445103
318011466,Palm Island,2098.0,0.2354623450905624,26.0,380.0,125.0,0.0347551342812006,0.3289473684210526
318021467,Aitkenvale,4797.0,0.2092974775901605,36.0,740.0,270.0,0.2194968553459119,0.3648648648648648
318021468,Annandale (Qld),10116.0,0.268584420719652,31.0,1017.0,375.0,0.1705668226729069,0.3687315634218289
318021469,Belgian Gardens - Pallarenda,3192.0,0.1369047619047619,45.0,910.0,280.0,0.2113821138211382,0.3076923076923077
318021470,Bohle Plains,8515.0,0.2495596007046388,32.0,1070.0,350.0,0.209258562288295,0.3271028037383177
318021471,Condon - Rasmussen,10799.0,0.2058523937401611,36.0,695.0,290.0,0.1647162083089526,0.4172661870503597
318021472,Cranbrook,5844.0,0.2022587268993839,40.0,703.0,293.0,0.2430471584038694,0.4167852062588905
318021474,Douglas,7868.0,0.3537112353838332,26.0,781.0,360.0,0.5477724100912507,0.4609475032010243
318021475,Garbutt - West End,6273.0,0.2322652638291089,40.0,820.0,250.0,0.232112676056338,0.3048780487804878
318021476,Gulliver - Currajong - Vincent,7586.0,0.1908779330345373,37.0,754.0,275.0,0.1578737010391686,0.3647214854111406
318021477,Heatley,3907.0,0.1863322242129511,40.0,662.0,280.0,0.1536458333333333,0.4229607250755287
318021478,Hermit Park - Rosslea,5415.0,0.271837488457987,35.0,880.0,260.0,0.2587369711833231,0.2954545454545454
318021479,Hyde Park - Pimlico,4728.0,0.2123519458544839,39.0,805.0,250.0,0.2482269503546099,0.3105590062111801
318021480,Kelso,10683.0,0.1976972760460544,34.0,778.0,300.0,0.1379591836734693,0.3856041131105398
318021481,Kirwan - East,7693.0,0.1767840894319511,39.0,675.0,273.0,0.1647509578544061,0.4044444444444444
318021482,Kirwan - West,14944.0,0.1887714132762312,37.0,890.0,350.0,0.1955424726661059,0.3932584269662921
318021483,Magnetic Island,2475.0,0.0957575757575757,58.0,626.0,290.0,0.1231884057971014,0.463258785942492
318021484,Mount Louisa,10110.0,0.2292779426310583,34.0,947.0,350.0,0.1977139326536917,0.3695881731784582
318021485,Mundingburra,3594.0,0.1485809682804674,43.0,727.0,270.0,0.2012302284710017,0.3713892709766162
318021486,Northern Beaches,6566.0,0.1296070667072799,45.0,752.0,300.0,0.1079059829059829,0.3989361702127659
318021487,Oonoonba,7033.0,0.2909142613393999,32.0,1097.0,360.0,0.255,0.3281677301731996
318021488,South Townsville - Railway Estate,5296.0,0.2473564954682779,39.0,894.0,300.0,0.240024554941682,0.3355704697986577
318021489,Townsville - South,4767.0,0.1533459198657436,45.0,876.0,270.0,0.1393501805054151,0.3082191780821918
318021490,Townsville City - North Ward,9116.0,0.2566915313734094,40.0,1115.0,320.0,0.274434649290916,0.2869955156950672
318021491,Wulguru - Roseneath,6091.0,0.2314890822525037,39.0,739.0,283.0,0.0886327503974562,0.3829499323410013
318021582,Burdell - Mount Low,19337.0,0.2568133629828825,30.0,1061.0,370.0,0.1864077669902912,0.3487276154571159
318021583,Deeragun - Jensen,6074.0,0.2102403687849851,33.0,849.0,310.0,0.147043961596766,0.3651354534746761
319011492,Ashfield - Kepnock,5659.0,0.1745891500265064,40.0,657.0,290.0,0.1163954943679599,0.441400304414003
319011493,Bargara - Burnett Heads,19008.0,0.1158459595959596,51.0,646.0,320.0,0.1544733362714852,0.4953560371517028
319011494,Branyan - Kensington,5384.0,0.1645616641901931,39.0,715.0,330.0,0.1430387794024157,0.4615384615384615
319011495,Bundaberg,6247.0,0.245397790939651,38.0,606.0,250.0,0.1615339918651946,0.4125412541254125
319011496,Bundaberg East - Kalkie,5804.0,0.173328738800827,41.0,661.0,290.0,0.149390243902439,0.4387291981845688
319011497,Bundaberg North - Gooburrum,7448.0,0.1581632653061224,49.0,569.0,280.0,0.1345414607358594,0.492091388400703
319011498,Bundaberg Surrounds - North,9276.0,0.1233290211297973,49.0,571.0,300.0,0.1119613370922271,0.5253940455341506
319011499,Bundaberg Surrounds - South,10778.0,0.1145852662831694,53.0,522.0,275.0,0.0972850678733031,0.5268199233716475
319011500,Millbank - Avoca,7406.0,0.1570348366189576,48.0,583.0,295.0,0.1609783845278725,0.5060034305317325
319011501,Svensson Heights - Norville,5809.0,0.1761060423480805,44.0,576.0,275.0,0.1618341200269723,0.4774305555555556
319011502,Walkervale - Avenell Heights,10982.0,0.1752868329994536,42.0,581.0,275.0,0.147457627118644,0.4733218588640275
319021503,Gayndah - Mundubbera,6395.0,0.1571540265832681,48.0,577.0,215.0,0.0823798627002288,0.3726169844020797
319021504,Gin Gin,5402.0,0.1153276564235468,52.0,467.0,250.0,0.1043538355217691,0.5353319057815846
319021505,Kingaroy,10545.0,0.1967757230915125,38.0,666.0,262.0,0.1327463596342702,0.3933933933933934
319021506,Kingaroy Surrounds - North,9490.0,0.1384615384615384,47.0,490.0,180.0,0.0807360120165227,0.3673469387755102
319021506,Kingaroy Surrounds - North,9490.0,0.1384615384615384,47.0,490.0,180.0,0.0807360120165227,0.3673469387755102
319021507,Kingaroy Surrounds - South,4157.0,0.1315852778445994,46.0,636.0,250.0,0.0918281381634372,0.3930817610062893
319021508,Monto - Eidsvold,3673.0,0.1116253743533896,51.0,515.0,160.0,0.0802030456852791,0.3106796116504854
319021509,Nanango,10003.0,0.1045686294111766,54.0,464.0,230.0,0.0703001579778831,0.4956896551724138
319021510,North Burnett,17.0,0.0,41.0,450.0,75.0,0.0,0.1666666666666666
319031511,Cooloola,6568.0,0.070341047503045,62.0,461.0,280.0,0.084,0.6073752711496746
319031511,Cooloola,6568.0,0.070341047503045,62.0,461.0,280.0,0.084,0.6073752711496746
319031512,Gympie - North,14866.0,0.1645365263016278,42.0,572.0,295.0,0.1399054020413243,0.5157342657342657
319031513,Gympie - South,7561.0,0.1630736675042984,44.0,608.0,300.0,0.1519558676028084,0.4934210526315789
319031514,Gympie Surrounds,20359.0,0.122501105162336,48.0,578.0,300.0,0.1243645606390704,0.5190311418685121
319031515,Kilkivan,3788.0,0.1127243928194297,50.0,507.0,200.0,0.0966469428007889,0.3944773175542406
319041516,Booral - River Heads,5775.0,0.1243290043290043,49.0,607.0,330.0,0.1361639824304538,0.5436573311367381
319041517,Craignish - Dundowran Beach,5574.0,0.105848582705418,48.0,664.0,375.0,0.1286589516678012,0.5647590361445783
319041518,Pialba - Eli Waters,15856.0,0.128973259334006,52.0,535.0,350.0,0.1417302798982188,0.6542056074766355
319041519,Point Vernon,5718.0,0.1072053165442462,52.0,534.0,340.0,0.1470588235294117,0.6367041198501873
319041520,Torquay - Scarness - Kawungan,15786.0,0.1272013176232104,52.0,537.0,305.0,0.1442233135177048,0.5679702048417132
319041521,Urangan - Wondunna,14781.0,0.1222515391380826,51.0,567.0,345.0,0.1332258930969648,0.6084656084656085
319051522,Burrum - Fraser,10594.0,0.1016613177270153,55.0,488.0,300.0,0.1110173068805403,0.6147540983606558
319051523,Granville,3051.0,0.1429039659128154,48.0,502.0,240.0,0.1235955056179775,0.4780876494023904
319051524,Maryborough (Qld),18558.0,0.156590149800625,47.0,517.0,255.0,0.1082913599380085,0.4932301740812379
319051525,Maryborough Surrounds - South,9548.0,0.0972978634268956,55.0,471.0,250.0,0.1229000884173298,0.5307855626326964
319051526,Tinana,5872.0,0.1357288828337874,49.0,581.0,300.0,0.1407142857142857,0.5163511187607573
397979799,Migratory - Offshore - Shipping (Qld),183.0,0.3551912568306011,39.0,1196.0,0.0,0.0,0.0
399999499,No usual address (Qld),,,,,,,
401011001,Adelaide,18202.0,0.4772552466761894,31.0,726.0,400.0,0.6547114024938938,0.5509641873278237
401011002,North Adelaide,6823.0,0.2863842884361717,39.0,964.0,390.0,0.5891341256366723,0.4045643153526971
401021003,Adelaide Hills,7051.0,0.1412565593532832,47.0,792.0,300.0,0.195044807590933,0.3787878787878788
401021004,Aldgate - Stirling,18208.0,0.1169266256590509,44.0,993.0,410.0,0.2223636363636363,0.4128902316213494
401021005,Hahndorf - Echunga,4726.0,0.1195514176893779,48.0,804.0,345.0,0.2238574748257165,0.4291044776119403
401021006,Lobethal - Woodside,9448.0,0.1530482641828958,44.0,795.0,320.0,0.1842410196987254,0.4025157232704403
401021007,Mount Barker,22113.0,0.2035002035002035,37.0,825.0,350.0,0.2292913385826771,0.4242424242424242
401021008,Mount Barker Surrounds,6825.0,0.1506227106227106,43.0,820.0,305.0,0.1750266808964781,0.3719512195121951
401021009,Nairne,5327.0,0.2042425380138915,36.0,859.0,350.0,0.1992504684572142,0.4074505238649593
401021010,Uraidla - Summertown,6042.0,0.1497848394571334,43.0,903.0,400.0,0.2401297998918334,0.4429678848283499
401031011,Burnside - Wattle Park,19066.0,0.152575264869401,44.0,957.0,360.0,0.3075060532687651,0.3761755485893417
401031012,Beaumont - Glen Osmond,10328.0,0.1246127033307513,43.0,984.0,420.0,0.2556521739130434,0.4268292682926829
401031013,Toorak Gardens,16635.0,0.1529305680793507,44.0,977.0,339.0,0.2940456769983687,0.3469805527123848
401041014,Athelstone,9601.0,0.1721695656702427,43.0,829.0,360.0,0.2867078825347759,0.4342581423401688
401041015,Paradise - Newton,21601.0,0.2204990509698625,40.0,721.0,335.0,0.315894701766078,0.4646324549237171
401041016,Rostrevor - Magill,23968.0,0.197429906542056,40.0,772.0,350.0,0.3159819921215532,0.4533678756476684
401041016,Rostrevor - Magill,23968.0,0.197429906542056,40.0,772.0,350.0,0.3159819921215532,0.4533678756476684
401051017,Norwood (SA),10849.0,0.2387316803392017,40.0,933.0,360.0,0.370807453416149,0.3858520900321543
401051018,Payneham - Felixstow,13122.0,0.2171162932479804,41.0,770.0,330.0,0.3356662933930571,0.4285714285714285
401051019,St Peters - Marden,13515.0,0.2070292267850536,41.0,954.0,320.0,0.3479251012145749,0.3354297693920335
401061020,Nailsworth - Broadview,6484.0,0.2151449722393584,38.0,967.0,320.0,0.3172413793103448,0.3309203722854188
401061021,Prospect,15785.0,0.2399113082039911,37.0,962.0,350.0,0.328042328042328,0.3638253638253638
401061022,Walkerville,8023.0,0.1718808425775894,45.0,1001.0,380.0,0.312258064516129,0.3796203796203796
401071023,Goodwood - Millswood,17650.0,0.2047592067988668,42.0,999.0,340.0,0.3451857770675189,0.3403403403403403
401071024,Unley - Parkside,20998.0,0.1696828269358986,44.0,968.0,370.0,0.3158937118336359,0.3822314049586777
402011025,Gawler - North,9545.0,0.157778941854374,40.0,800.0,310.0,0.1914595729786489,0.3875
402011026,Gawler - South,21662.0,0.1856707598559689,42.0,697.0,285.0,0.2044257112750263,0.4088952654232424
402011027,Lewiston - Two Wells,6505.0,0.1886241352805534,38.0,791.0,300.0,0.163575042158516,0.3792667509481668
402021028,Craigmore - Blakeview,19920.0,0.2142570281124498,34.0,756.0,310.0,0.1882587726592383,0.41005291005291
402021029,Davoren Park,18313.0,0.2420684759460492,30.0,599.0,270.0,0.1448612862547288,0.4507512520868113
402021030,Elizabeth,10829.0,0.2118385815864807,36.0,460.0,225.0,0.1533333333333333,0.4891304347826087
402021031,Elizabeth East,14047.0,0.2157044208727842,36.0,579.0,251.0,0.1742226441965345,0.4335060449050086
402021032,Munno Para West - Angle Vale,16215.0,0.2784458834412581,29.0,827.0,310.0,0.1950800915331808,0.3748488512696493
402021033,One Tree Hill,2473.0,0.1322280630812778,47.0,843.0,300.0,0.2262443438914027,0.3558718861209964
402021034,Smithfield - Elizabeth North,12446.0,0.2170978627671541,35.0,492.0,245.0,0.1370035193564605,0.4979674796747967
402021035,Virginia - Waterloo Corner,5693.0,0.2216757421394695,38.0,709.0,300.0,0.1788723266364225,0.4231311706629055
402031036,Enfield - Blair Athol,25578.0,0.2833294237235124,34.0,674.0,300.0,0.32460668633235,0.4451038575667655
402031038,Windsor Gardens,22587.0,0.2516491787311285,35.0,778.0,310.0,0.3217740735228456,0.3984575835475578
402031175,Northgate - Northfield,18188.0,0.2625357378491313,35.0,824.0,360.0,0.2667882606532913,0.4368932038834951
402031176,Valley View - Gilles Plains,10504.0,0.2185833968012185,38.0,690.0,320.0,0.2849569251159708,0.463768115942029
402041039,Dry Creek - North,,,,,,,
402041040,Ingle Farm,15681.0,0.196926216440278,40.0,651.0,310.0,0.2348345588235294,0.4761904761904761
402041041,Para Hills,15094.0,0.2091559560090102,38.0,697.0,310.0,0.2429140313890841,0.4447632711621234
402041042,Parafield,21.0,0.4285714285714285,22.0,274.0,0.0,0.8666666666666667,0.0
402041043,Parafield Gardens,18467.0,0.2108626198083067,36.0,585.0,300.0,0.2354068653075448,0.5128205128205128
402041044,Paralowie,17816.0,0.2142456219128873,35.0,675.0,300.0,0.2015924719507781,0.4444444444444444
402041046,Salisbury,18594.0,0.2106593524792944,37.0,530.0,270.0,0.2199074074074074,0.5094339622641509
402041047,Salisbury East,18454.0,0.1840251436003034,40.0,655.0,295.0,0.1982975430450764,0.4503816793893129
402041048,Salisbury North,18487.0,0.2281603288797533,34.0,616.0,280.0,0.1760416666666666,0.4545454545454545
402041171,Mawson Lakes - Globe Derby Park,13855.0,0.2833634067123782,33.0,896.0,360.0,0.3661578155235433,0.4017857142857143
402041172,Pooraka - Cavan,8080.0,0.2099009900990099,38.0,598.0,300.0,0.26494277236117,0.5016722408026756
402051049,Golden Grove,10406.0,0.1516432827215068,44.0,795.0,320.0,0.2442748091603053,0.4025157232704403
402051050,Greenwith,9017.0,0.1715648220028834,40.0,868.0,320.0,0.2334238076773943,0.3686635944700461
402051051,Highbury - Dernancourt,11048.0,0.1673606082548877,42.0,836.0,375.0,0.2764360313315926,0.4485645933014354
402051052,Hope Valley - Modbury,17496.0,0.2098765432098765,41.0,678.0,315.0,0.2835062927798631,0.4646017699115044
402051053,Modbury Heights,19248.0,0.1689006650041562,41.0,787.0,330.0,0.2341587054006629,0.4193138500635324
402051054,Redwood Park,16276.0,0.1801425411649053,40.0,834.0,350.0,0.2213758628897881,0.4196642685851319
402051055,St Agnes - Ridgehaven,13161.0,0.1742268824557404,43.0,749.0,330.0,0.2512453300124533,0.4405874499332443
403011056,Brighton (SA),15191.0,0.1321177012704891,48.0,836.0,350.0,0.2506341958396753,0.4186602870813397
403011057,Glenelg (SA),20522.0,0.1735698275021927,48.0,925.0,330.0,0.3119170984455958,0.3567567567567568
403021058,Edwardstown,14563.0,0.2693813087962645,36.0,783.0,310.0,0.3605875152998776,0.3959131545338442
403021059,Hallett Cove,12609.0,0.1591720199857244,43.0,840.0,380.0,0.2671232876712329,0.4523809523809524
403021060,Marino - Seaview Downs,9703.0,0.1540760589508399,43.0,844.0,375.0,0.2612411742846525,0.4443127962085308
403021061,Mitchell Park,16516.0,0.2570234923710341,37.0,668.0,310.0,0.3587341245055174,0.4640718562874251
403021062,Morphettville,16531.0,0.2243058496158732,39.0,787.0,320.0,0.3388543823326432,0.4066073697585768
403021063,Sheidow Park - Trott Park,10211.0,0.1749094114190579,38.0,861.0,365.0,0.2250859106529209,0.4239256678281068
403021064,Warradale,16190.0,0.2331686226065472,39.0,746.0,345.0,0.3338629142078983,0.4624664879356568
403031065,Belair,4896.0,0.125204248366013,47.0,978.0,369.0,0.2823943661971831,0.3773006134969325
403031066,Bellevue Heights,7608.0,0.2294952681388012,40.0,698.0,330.0,0.4634703196347032,0.4727793696275071
403031067,Blackwood,12963.0,0.1350767569235516,43.0,954.0,370.0,0.2520584329349269,0.3878406708595387
403031068,Colonel Light Gardens,15842.0,0.1765559904052518,40.0,910.0,320.0,0.2835820895522388,0.3516483516483517
403031069,Mitcham (SA),16506.0,0.1443717436083848,44.0,986.0,346.0,0.2929435483870968,0.3509127789046653
403031070,Panorama,8475.0,0.2040117994100295,41.0,759.0,310.0,0.3158995815899582,0.4084321475625823
403041071,Aberfoyle Park,11911.0,0.1623709176391571,43.0,793.0,340.0,0.2451471509079524,0.4287515762925599
403041072,Aldinga,15923.0,0.1632230107391823,40.0,674.0,320.0,0.1680960548885077,0.4747774480712166
403041073,Christie Downs,9475.0,0.1907124010554089,40.0,554.0,250.0,0.1593146190302588,0.4512635379061371
403041074,Christies Beach,11050.0,0.1994570135746606,42.0,656.0,320.0,0.232566765578635,0.4878048780487805
403041075,Clarendon,2729.0,0.1146940271161597,48.0,831.0,290.0,0.2088520055325034,0.3489771359807461
403041076,Coromandel Valley,4469.0,0.1429850078317296,41.0,978.0,420.0,0.251063829787234,0.4294478527607362
403041077,Flagstaff Hill,10784.0,0.1619065281899109,42.0,837.0,375.0,0.2777964393684917,0.4480286738351254
403041078,Hackham - Onkaparinga Hills,6875.0,0.1813818181818181,41.0,668.0,300.0,0.197939262472885,0.4491017964071856
403041079,Hackham West - Huntfield Heights,7818.0,0.2028651829112304,38.0,558.0,262.0,0.1611570247933884,0.4695340501792114
403041080,Happy Valley,13864.0,0.1720282746682054,42.0,778.0,355.0,0.2349884526558891,0.4562982005141388
403041081,Happy Valley Reservoir,,,,,,,
403041082,Lonsdale,23.0,0.3478260869565217,48.0,550.0,190.0,0.0,0.3454545454545454
403041083,McLaren Vale,7344.0,0.1501906318082788,45.0,776.0,350.0,0.1919504643962848,0.4510309278350515
403041084,Morphett Vale - East,13863.0,0.1972156098968477,42.0,661.0,300.0,0.2137294490914335,0.453857791225416
403041085,Morphett Vale - West,10138.0,0.2107910830538567,39.0,612.0,295.0,0.2022770398481973,0.4820261437908497
403041086,Reynella,10286.0,0.1907447015360684,40.0,704.0,325.0,0.2227307398932113,0.4616477272727273
403041088,Willunga,3604.0,0.1201442841287458,48.0,769.0,320.0,0.1812366737739872,0.4161248374512353
403041089,Woodcroft,11552.0,0.1722645429362881,42.0,773.0,350.0,0.2379389563505086,0.4527813712807244
403041177,Seaford - Seaford Meadows,14177.0,0.2077308316286943,37.0,755.0,350.0,0.208455522971652,0.4635761589403973
403041178,Seaford Rise - Moana,10629.0,0.1631385831216483,40.0,738.0,320.0,0.1905077995353468,0.4336043360433604
404011090,Beverley,8897.0,0.2472743621445431,36.0,847.0,330.0,0.2899022801302932,0.3896103896103896
404011091,Flinders Park,16361.0,0.2209522645315078,39.0,759.0,340.0,0.2884171665897554,0.4479578392621871
404011092,Henley Beach,15634.0,0.1628501982857874,44.0,886.0,350.0,0.2641330166270784,0.3950338600451467
404011093,Hindmarsh - Brompton,19076.0,0.2810337596980499,37.0,818.0,340.0,0.3788082008047518,0.4156479217603912
404011094,Royal Park - Hendon - Albert Park,6499.0,0.2323434374519156,38.0,738.0,314.0,0.2761609907120743,0.4254742547425474
404011095,Seaton - Grange,17501.0,0.1965601965601965,43.0,747.0,320.0,0.2545238095238095,0.428380187416332
404011096,West Lakes,15205.0,0.1419269976981256,51.0,771.0,320.0,0.2401325700512202,0.4150453955901427
404011097,Woodville - Cheltenham,19269.0,0.2461985572681509,37.0,726.0,310.0,0.3195612431444241,0.4269972451790633
404021098,Dry Creek - South,,,,,,,
404021099,Largs Bay - Semaphore,14807.0,0.172891200108057,45.0,858.0,320.0,0.2641295086623118,0.372960372960373
404021100,North Haven,14800.0,0.1770945945945946,44.0,720.0,300.0,0.2181456200227531,0.4166666666666667
404021101,Port Adelaide,11589.0,0.2134782983864009,41.0,671.0,275.0,0.2684157416750757,0.4098360655737705
404021102,The Parks,19645.0,0.249172817510817,36.0,566.0,270.0,0.3076923076923077,0.4770318021201413
404021103,Torrens Island,,,,,,,
404031104,Adelaide Airport,,,,,,,
404031105,Fulham,2920.0,0.1513698630136986,44.0,812.0,315.0,0.2342657342657342,0.3879310344827586
404031106,Lockleys,13452.0,0.2181088314005352,40.0,827.0,300.0,0.320181663355095,0.3627569528415961
404031107,Plympton,26480.0,0.2816465256797583,36.0,794.0,300.0,0.3870588235294118,0.3778337531486146
404031108,Richmond (SA),17022.0,0.2892139584067677,37.0,774.0,325.0,0.4155193992490613,0.4198966408268734
404031109,West Beach,5175.0,0.1652173913043478,45.0,896.0,320.0,0.2724550898203592,0.3571428571428571
405011110,Barossa - Angaston,6486.0,0.1224175146469318,46.0,737.0,255.0,0.1315496098104793,0.3459972862957937
405011111,Light,9797.0,0.167194038991528,40.0,729.0,260.0,0.1848652384243262,0.3566529492455418
405011112,Lyndoch,6544.0,0.1437958435207824,43.0,814.0,300.0,0.171180931744312,0.3685503685503685
405011113,Mallala,3335.0,0.1622188905547226,43.0,682.0,265.0,0.1089211618257261,0.3885630498533724
405011114,Nuriootpa,7157.0,0.1532765125052396,45.0,701.0,295.0,0.1751574127074985,0.4208273894436519
405011115,Tanunda,4666.0,0.1277325332190313,48.0,773.0,300.0,0.1756756756756756,0.3880983182406209
405021116,Clare,4096.0,0.163330078125,45.0,751.0,250.0,0.1373895976447497,0.3328894806924101
405021117,Gilbert Valley,5016.0,0.1154306220095693,51.0,659.0,225.0,0.1175536139793486,0.3414264036418816
405021118,Goyder,4079.0,0.1215984309879872,51.0,497.0,190.0,0.1065088757396449,0.3822937625754527
405021119,Wakefield - Barunga West,9500.0,0.131578947368421,48.0,599.0,220.0,0.1060985797827903,0.3672787979966611
405031120,Jamestown,4596.0,0.1277197563098346,49.0,640.0,192.0,0.1114106019766397,0.3
405031121,Peterborough - Mount Remarkable,5341.0,0.1037258940273357,55.0,534.0,165.0,0.0816170861937452,0.3089887640449438
405031122,Port Pirie,13896.0,0.1792602187679907,43.0,570.0,185.0,0.1249283667621776,0.3245614035087719
405031123,Port Pirie Surrounds,3335.0,0.1226386806596701,47.0,572.0,200.0,0.0916289592760181,0.3496503496503496
405041124,Kadina,5414.0,0.1536756557074252,45.0,599.0,250.0,0.1055594651653765,0.4173622704507512
405041125,Moonta,5217.0,0.1033160820394862,59.0,536.0,250.0,0.1053122087604846,0.4664179104477612
405041126,Wallaroo,4426.0,0.1023497514685946,56.0,521.0,250.0,0.094298245614035,0.4798464491362764
405041127,Yorke Peninsula - North,7458.0,0.1047197640117994,57.0,555.0,200.0,0.0887681159420289,0.3603603603603603
405041128,Yorke Peninsula - South,4142.0,0.1028488652824722,58.0,526.0,200.0,0.099644128113879,0.3802281368821292
406011129,Ceduna,2697.0,0.1983685576566555,39.0,788.0,220.0,0.1164658634538152,0.2791878172588832
406011130,Eyre Peninsula,6824.0,0.1186987104337631,49.0,715.0,220.0,0.0917874396135265,0.3076923076923077
406011131,Kimba - Cleve - Franklin Harbour,4201.0,0.1349678647940966,48.0,687.0,160.0,0.0709793351302785,0.2328966521106259
406011132,Le Hunte - Elliston,2122.0,0.1352497643732328,44.0,734.0,150.0,0.0621019108280254,0.2043596730245231
406011133,Port Lincoln,16307.0,0.1725026062427178,41.0,736.0,240.0,0.11566424322538,0.3260869565217391
406011134,West Coast (SA),3646.0,0.1450905101481075,45.0,637.0,104.0,0.0667330677290836,0.1632653061224489
406011135,Western,136.0,0.2279411764705882,38.0,537.0,50.0,0.0,0.0931098696461825
406011136,Whyalla,21154.0,0.1857331946676751,41.0,641.0,180.0,0.1309128992843428,0.2808112324492979
406011137,Whyalla - North,,,,,,,
406021138,APY Lands,2333.0,0.3009001285897985,28.0,324.0,85.0,0.044709388971684,0.2623456790123457
406021139,Coober Pedy,1566.0,0.1685823754789272,50.0,498.0,163.0,0.1076320939334637,0.3273092369477912
406021140,Quorn - Lake Gilles,2142.0,0.1204481792717086,54.0,643.0,175.0,0.1095617529880478,0.2721617418351477
406021141,Outback,2030.0,0.2330049261083744,43.0,885.0,95.0,0.0846560846560846,0.1073446327683615
406021142,Port Augusta,13515.0,0.210062893081761,38.0,697.0,200.0,0.1000698161508028,0.2869440459110473
406021143,Roxby Downs,3976.0,0.2761569416498994,31.0,1787.0,260.0,0.1076923076923077,0.1454952434247342
407011144,Goolwa - Port Elliot,12516.0,0.0877277085330776,61.0,551.0,280.0,0.1553610503282275,0.5081669691470054
407011145,Kangaroo Island,4894.0,0.1326113608500204,50.0,672.0,208.0,0.0906801007556675,0.3095238095238095
407011145,Kangaroo Island,4894.0,0.1326113608500204,50.0,672.0,208.0,0.0906801007556675,0.3095238095238095
407011146,Strathalbyn,7871.0,0.1473764451785033,47.0,648.0,300.0,0.1619277108433734,0.4629629629629629
407011147,Strathalbyn Surrounds,7969.0,0.1243568829213201,47.0,698.0,268.0,0.1429910923581809,0.3839541547277937
407011148,Victor Harbor,15847.0,0.0909320376096422,60.0,545.0,290.0,0.1518987341772152,0.5321100917431193
407011149,Yankalilla,6498.0,0.0960295475530932,56.0,572.0,270.0,0.13296011196641,0.472027972027972
407011149,Yankalilla,6498.0,0.0960295475530932,56.0,572.0,270.0,0.13296011196641,0.472027972027972
407021150,Grant,6138.0,0.1435320951449983,45.0,789.0,200.0,0.0789707187222715,0.2534854245880862
407021151,Kingston - Robe,3872.0,0.1304235537190082,53.0,701.0,220.0,0.1199011124845488,0.3138373751783166
407021152,Millicent,5245.0,0.1306005719733079,49.0,558.0,175.0,0.1178766588602654,0.3136200716845878
407021154,Naracoorte,6293.0,0.1841728905132687,40.0,758.0,230.0,0.1115173674588665,0.3034300791556728
407021155,Naracoorte Surrounds,2395.0,0.1319415448851774,44.0,874.0,150.0,0.0884146341463414,0.17162471395881
407021156,Penola,3107.0,0.134856775024139,47.0,737.0,181.0,0.1023809523809523,0.2455902306648575
407021157,Tatiara,6891.0,0.1821216078943549,41.0,817.0,200.0,0.1058761249338274,0.244798041615667
407021158,Wattle Range,3470.0,0.1106628242074928,49.0,690.0,177.0,0.0888157894736842,0.2565217391304348
407021173,Mount Gambier - East,14947.0,0.17113802100756,41.0,736.0,220.0,0.146669815777043,0.2989130434782608
407021174,Mount Gambier - West,14499.0,0.1814607903993378,41.0,690.0,220.0,0.1571317628785917,0.3188405797101449
407031159,Barmera,6401.0,0.1413841587251992,48.0,651.0,200.0,0.1125,0.3072196620583717
407031160,Berri,4143.0,0.1906830798937967,42.0,610.0,215.0,0.1381578947368421,0.3524590163934426
407031161,Karoonda - Lameroo,2921.0,0.1454981170831907,46.0,642.0,160.0,0.0775401069518716,0.249221183800623
407031162,Loxton,5575.0,0.1485201793721973,46.0,678.0,221.0,0.1258596973865199,0.3259587020648967
407031163,Loxton Surrounds,1742.0,0.1291618828932261,49.0,691.0,188.0,0.1210045662100456,0.2720694645441389
407031164,Mannum,6594.0,0.1096451319381255,55.0,505.0,215.0,0.1117571059431524,0.4257425742574257
407031165,Murray Bridge,18243.0,0.1847832045168009,42.0,596.0,240.0,0.1280643263384977,0.4026845637583892
407031166,Murray Bridge Surrounds,3732.0,0.1438906752411575,47.0,642.0,200.0,0.1008583690987124,0.3115264797507788
407031167,Renmark,4705.0,0.1868225292242295,44.0,602.0,200.0,0.15,0.3322259136212624
407031168,Renmark Surrounds,5080.0,0.174015748031496,44.0,749.0,200.0,0.1031084154662623,0.2670226969292389
407031169,The Coorong,5473.0,0.153115293257811,48.0,604.0,190.0,0.0910973084886128,0.314569536423841
407031170,Waikerie,6646.0,0.1324104724646403,50.0,593.0,200.0,0.08491107286288,0.3372681281618887
497979799,Migratory - Offshore - Shipping (SA),12.0,0.0,48.0,1812.0,0.0,0.0,0.0
499999499,No usual address (SA),,,,,,,
501011001,Augusta,6595.0,0.1003790750568612,46.0,705.0,300.0,0.1032990805840995,0.425531914893617
501011003,Busselton Surrounds,11900.0,0.1163025210084033,43.0,880.0,420.0,0.1207289293849658,0.4772727272727273
501011004,Margaret River,10193.0,0.150789757676837,40.0,851.0,380.0,0.1259517766497462,0.4465334900117508
501011293,Busselton - East,9359.0,0.141468105566834,46.0,717.0,360.0,0.133578431372549,0.502092050209205
501011294,Busselton - West,19292.0,0.1291208791208791,45.0,701.0,350.0,0.1370998843038951,0.4992867332382311
501021005,Australind - Leschenault,19256.0,0.1606252596593269,38.0,798.0,350.0,0.1307598678490697,0.4385964912280701
501021007,Capel,5457.0,0.1264431006047278,45.0,741.0,330.0,0.1200252684775742,0.4453441295546558
501021008,College Grove - Carey Park,6976.0,0.2148795871559633,39.0,619.0,280.0,0.1188204683434518,0.4523424878836833
501021009,Collie,8812.0,0.1524058102587381,44.0,591.0,250.0,0.1051745898190997,0.4230118443316413
501021010,Dardanup,3286.0,0.1168594035301278,46.0,830.0,260.0,0.1219512195121951,0.3132530120481928
501021011,Davenport,8.0,0.0,53.0,1062.0,669.0,0.0,0.6299435028248588
501021012,Eaton - Pelican Point,12327.0,0.1809848300478624,39.0,774.0,350.0,0.1441441441441441,0.4521963824289405
501021014,Harvey,9309.0,0.1522182833816736,44.0,724.0,280.0,0.1210889882161722,0.3867403314917127
501021015,East Bunbury - Glen Iris,7195.0,0.1945795691452397,41.0,723.0,300.0,0.1486411536328341,0.4149377593360996
501021016,Waroona,4234.0,0.1280113367973547,48.0,620.0,260.0,0.1194029850746268,0.4193548387096774
501021251,Dalyellup,9770.0,0.1778915046059365,34.0,885.0,350.0,0.158082762727002,0.3954802259887006
501021252,Gelorup - Stratham,3042.0,0.1061801446416831,46.0,865.0,400.0,0.1395089285714285,0.4624277456647399
501021253,South Bunbury - Bunbury,12760.0,0.1583072100313479,46.0,830.0,310.0,0.1673027989821883,0.3734939759036144
501021254,Withers - Usher,5119.0,0.1916389919906231,39.0,598.0,250.0,0.1362032462949894,0.4180602006688963
501031017,Bridgetown - Boyup Brook,7068.0,0.1055461233729485,50.0,639.0,260.0,0.0892953200645508,0.406885758998435
501031018,Donnybrook - Balingup,6155.0,0.1166531275385865,49.0,658.0,290.0,0.1178834561286001,0.4407294832826747
501031019,Manjimup,5447.0,0.1589865981274096,43.0,698.0,240.0,0.0990168539325842,0.3438395415472779
501031020,Pemberton,5198.0,0.1021546748749519,53.0,626.0,240.0,0.0812064965197215,0.3833865814696485
502011021,Dawesville - Bouvard,8498.0,0.131325017651212,45.0,637.0,350.0,0.1447983014861995,0.5494505494505495
502011022,Falcon - Wannanup,9664.0,0.1340024834437086,49.0,647.0,320.0,0.1845824411134903,0.4945904173106646
502011023,Greenfields,9869.0,0.1559428513527206,47.0,540.0,295.0,0.1405591727307545,0.5462962962962963
502011024,Halls Head - Erskine,19905.0,0.130268776689274,49.0,662.0,350.0,0.1800668370355808,0.5287009063444109
502011025,Mandurah,10256.0,0.1734594383775351,49.0,573.0,270.0,0.1567877629063097,0.4712041884816754
502011026,Mandurah - East,6599.0,0.1445673586907107,49.0,639.0,320.0,0.1473559120617944,0.5007824726134585
502011027,Mandurah - North,21261.0,0.1832463195522317,36.0,772.0,350.0,0.1736427054898392,0.4533678756476684
502011028,Mandurah - South,11323.0,0.1358297271041243,51.0,543.0,280.0,0.163016157989228,0.5156537753222836
502011029,Pinjarra,10263.0,0.1464484068985676,42.0,610.0,300.0,0.1300568371782012,0.4918032786885246
503011030,City Beach,6805.0,0.1115356355620867,47.0,1228.0,750.0,0.2517825311942959,0.6107491856677525
503011031,Claremont (WA),9248.0,0.1865268166089965,44.0,1115.0,460.0,0.3123249299719888,0.4125560538116592
503011032,Cottesloe,7750.0,0.172516129032258,44.0,1458.0,550.0,0.2774690038477982,0.3772290809327846
503011033,Floreat,8621.0,0.1123999536016703,42.0,1215.0,600.0,0.2362600536193029,0.4938271604938271
503011034,Mosman Park - Peppermint Grove,10764.0,0.1653660349312523,42.0,1079.0,310.0,0.2774566473988439,0.2873030583873957
503011035,Nedlands - Dalkeith - Crawley,18936.0,0.2218525559780312,37.0,920.0,450.0,0.4772608468374281,0.4891304347826087
503011036,Swanbourne - Mount Claremont,9612.0,0.1388888888888889,42.0,1178.0,450.0,0.2400953232052427,0.3820033955857385
503021037,Kings Park (WA),48.0,0.0625,61.0,2150.0,1000.0,0.0,0.4651162790697674
503021038,Mount Hawthorn - Leederville,11872.0,0.2201819407008086,37.0,1280.0,425.0,0.2727017149283103,0.33203125
503021039,Mount Lawley - Inglewood,16934.0,0.2428250856265501,38.0,1118.0,340.0,0.3762968874700718,0.3041144901610018
503021040,North Perth,9707.0,0.2442567219532296,38.0,1149.0,400.0,0.327447216890595,0.3481288076588337
503021042,Subiaco - Shenton Park,17527.0,0.2110458150282421,41.0,1203.0,405.0,0.3074712643678161,0.3366583541147132
503021043,Wembley - West Leederville - Glendalough,19102.0,0.2392419641922311,36.0,1055.0,300.0,0.3171761526769127,0.2843601895734597
503021295,East Perth,11798.0,0.3784539752500424,35.0,1175.0,410.0,0.4432280262746325,0.3489361702127659
503021296,Perth (North) - Highgate,11414.0,0.4228140879621517,33.0,1156.0,380.0,0.4568312632535595,0.328719723183391
503021297,Perth (West) - Northbridge,12119.0,0.4700057760541298,33.0,1176.0,410.0,0.4536347290007706,0.3486394557823129
503021297,Perth (West) - Northbridge,12119.0,0.4700057760541298,33.0,1176.0,410.0,0.4536347290007706,0.3486394557823129
504011044,Bassendean - Eden Hill - Ashfield,15932.0,0.1944514185287471,40.0,872.0,330.0,0.2338319907940161,0.378440366972477
504011045,Bayswater - Embleton - Bedford,24523.0,0.2044203400888961,39.0,964.0,350.0,0.2721566283066806,0.3630705394190871
504011046,Maylands,13294.0,0.311870016548819,36.0,1050.0,300.0,0.3611487401788133,0.2857142857142857
504011047,Morley,22714.0,0.2243109976226116,39.0,737.0,360.0,0.2636741479634247,0.4884667571234735
504011048,Noranda,8002.0,0.1648337915521119,45.0,715.0,350.0,0.2582390555828824,0.4895104895104895
504021049,Chidlow,4633.0,0.2492985106842218,39.0,807.0,367.0,0.0481242895035998,0.4547707558859975
504021050,Glen Forrest - Darlington,7223.0,0.1149107019244081,45.0,915.0,400.0,0.2060889929742388,0.4371584699453552
504021051,Helena Valley - Koongamia,5780.0,0.188235294117647,41.0,830.0,315.0,0.2072434607645875,0.3795180722891566
504021052,Malmalling - Reservoir,10.0,0.0,62.0,424.0,0.0,0.0,0.0
504021053,Mundaring,13305.0,0.137467117624953,44.0,820.0,380.0,0.1870094722598105,0.4634146341463415
504021054,Swan View - Greenmount - Midvale,12838.0,0.1828945318585449,42.0,740.0,300.0,0.1762672811059907,0.4054054054054054
504031055,Avon Valley National Park,,,,,,,
504031056,Ballajura,18505.0,0.1992434477168332,37.0,715.0,350.0,0.227198252321136,0.4895104895104895
504031057,Beechboro,21348.0,0.2328555368184373,34.0,778.0,350.0,0.2107636363636363,0.4498714652956298
504031058,Bullsbrook,5605.0,0.2001784121320249,38.0,869.0,350.0,0.1326720396776193,0.4027617951668584
504031060,Gidgegannup,2818.0,0.1185237757274663,47.0,917.0,350.0,0.1842439644218551,0.3816793893129771
504031061,Hazelmere - Guildford,5408.0,0.2034023668639053,37.0,1017.0,390.0,0.2092222986923606,0.3834808259587021
504031061,Hazelmere - Guildford,5408.0,0.2034023668639053,37.0,1017.0,390.0,0.2092222986923606,0.3834808259587021
504031062,Lockridge - Kiara,12518.0,0.2184054960856367,35.0,827.0,325.0,0.1951731374606505,0.3929866989117291
504031063,Malaga,25.0,0.4,43.0,1350.0,775.0,0.0,0.5740740740740741
504031064,Melaleuca - Lexia,,,,,,,
504031065,Middle Swan - Herne Hill,5678.0,0.1870376893272279,41.0,732.0,320.0,0.2019354838709677,0.4371584699453552
504031066,Midland - Guildford,11087.0,0.2287363578966357,40.0,749.0,300.0,0.2253706754530478,0.4005340453938584
504031067,Stratton - Jane Brook,7019.0,0.2025929619603932,36.0,827.0,330.0,0.1778100775193798,0.3990326481257557
504031068,The Vines,12457.0,0.1730753793048085,36.0,940.0,370.0,0.1791417165668662,0.3936170212765957
504031069,Walyunga National Park,,,,,,,
504031298,Aveley,15680.0,0.2382653061224489,31.0,1028.0,380.0,0.1761969373909672,0.3696498054474708
504031299,Brabham - Henley Brook,11164.0,0.2994446434969545,31.0,1005.0,370.0,0.2241277350680071,0.3681592039800995
504031300,Ellenbrook,19011.0,0.1943611593288096,33.0,815.0,350.0,0.160478860433399,0.4294478527607362
505011070,Craigie - Beldon,10556.0,0.231337627889352,36.0,899.0,370.0,0.2152953968829286,0.4115684093437152
505011071,Currambine - Kinross,13819.0,0.1846732759244518,39.0,902.0,400.0,0.2394502049674463,0.4434589800443459
505011072,Duncraig,15982.0,0.11613064697785,42.0,951.0,460.0,0.1873074553296364,0.483701366982124
505011073,Greenwood - Warwick,13723.0,0.1625737812431684,40.0,850.0,400.0,0.2189568440561292,0.4705882352941176
505011074,Heathridge - Connolly,10572.0,0.191827468785471,39.0,897.0,380.0,0.2255203002388263,0.4236343366778149
505011075,Hillarys,11200.0,0.1332142857142857,44.0,983.0,490.0,0.2406106870229007,0.4984740590030518
505011076,Iluka - Burns Beach,9737.0,0.1304303173462052,43.0,1059.0,650.0,0.2385076615589607,0.6137865911237016
505011077,Joondalup - Edgewater,13845.0,0.225496569158541,40.0,830.0,360.0,0.3345481049562682,0.4337349397590361
505011078,Kingsley,13204.0,0.1279157830960315,44.0,825.0,418.0,0.2082625919637804,0.5066666666666667
505011079,Mullaloo - Kallaroo,11493.0,0.1424345253632646,43.0,916.0,450.0,0.2222895215021199,0.4912663755458515
505011080,Ocean Reef,8125.0,0.1393230769230769,44.0,906.0,525.0,0.2243377483443708,0.5794701986754967
505011081,Padbury,8626.0,0.1716902388128912,38.0,918.0,390.0,0.2123456790123457,0.4248366013071895
505011082,Sorrento - Marmion,10193.0,0.1150789757676837,47.0,981.0,480.0,0.2201022146507666,0.4892966360856269
505011083,Woodvale,9579.0,0.1381146257438145,43.0,901.0,480.0,0.2294227188081936,0.532741398446171
505021084,Balcatta - Hamersley,16025.0,0.2042433697347894,39.0,830.0,350.0,0.2408414086504372,0.4216867469879518
505021085,Balga - Mirrabooka,21032.0,0.2584157474324838,33.0,629.0,305.0,0.2418983050847457,0.4848966613672496
505021087,Herdsman,,,,,,,
505021088,Innaloo - Doubleview,18468.0,0.2583928958197964,36.0,1126.0,400.0,0.2817319098457888,0.3552397868561279
505021089,Karrinyup - Gwelup - Carine,22602.0,0.1221573312096274,42.0,977.0,460.0,0.1969696969696969,0.4708290685772773
505021090,Nollamara - Westminster,19818.0,0.2982137450802301,34.0,813.0,340.0,0.2940372458568255,0.4182041820418204
505021091,Osborne Park Industrial,219.0,0.6529680365296804,29.0,1211.0,400.0,0.3846153846153846,0.3303055326176713
505021092,Scarborough,17552.0,0.2902803099361896,36.0,1232.0,405.0,0.3000643915003219,0.3287337662337662
505021093,Stirling - Osborne Park,14620.0,0.2337893296853625,38.0,889.0,310.0,0.2958473046169719,0.3487064116985376
505021094,Trigg - North Beach - Watermans Bay,7965.0,0.1412429378531073,45.0,1064.0,400.0,0.2276825969341749,0.3759398496240601
505021095,Tuart Hill - Joondanna,12820.0,0.2950858034321373,36.0,991.0,320.0,0.3487781656616947,0.3229061553985873
505021096,Wembley Downs - Churchlands - Woodlands,15044.0,0.1344722148364796,42.0,990.0,420.0,0.2417739628040057,0.4242424242424242
505021097,Yokine - Coolbinia - Menora,17066.0,0.220203914215399,40.0,931.0,325.0,0.3141711229946524,0.3490870032223415
505021301,Dianella - North,11927.0,0.1673513876079483,45.0,740.0,320.0,0.2880774032459425,0.4324324324324324
505021302,Dianella - South,12985.0,0.1989988448209472,41.0,817.0,340.0,0.2762268586541287,0.416156670746634
505031098,Alexander Heights - Koondoola,11687.0,0.1995379481475143,38.0,628.0,300.0,0.2244196044711952,0.4777070063694267
505031099,Butler - Merriwa - Ridgewood,23679.0,0.2042738291312977,34.0,730.0,340.0,0.1882612075667271,0.4657534246575342
505031100,Carramar,18641.0,0.2236468000643742,32.0,920.0,380.0,0.1980576341346919,0.4130434782608695
505031101,Clarkson,13904.0,0.2471231300345224,34.0,828.0,350.0,0.2138439581351094,0.4227053140096618
505031102,Girrawheen,8897.0,0.2255816567382263,36.0,582.0,293.0,0.2295495495495495,0.5034364261168385
505031104,Marangaroo,10483.0,0.1927883239530668,39.0,661.0,350.0,0.2101806239737274,0.529500756429652
505031105,Mindarie - Quinns Rocks - Jindalee,20764.0,0.1727027547678674,40.0,922.0,400.0,0.2255508004438104,0.4338394793926247
505031106,Neerabup National Park,,,,,,,
505031107,Tapping - Ashby - Sinagra,13569.0,0.1733362812292726,37.0,880.0,410.0,0.1994047619047619,0.4659090909090909
505031255,Alkimos - Eglinton,13904.0,0.2716484464902186,30.0,983.0,350.0,0.1933101650738488,0.3560528992878942
505031256,Carabooda - Pinjar,723.0,0.1618257261410788,45.0,787.0,300.0,0.1521739130434782,0.3811944091486658
505031257,Two Rocks,3822.0,0.1606488749345892,39.0,716.0,330.0,0.1232,0.4608938547486033
505031258,Yanchep,11009.0,0.1810336997002452,35.0,762.0,340.0,0.1463213006337834,0.4461942257217848
505031303,Hocking - Pearsall,13139.0,0.2026790471116523,36.0,918.0,400.0,0.1927272727272727,0.4357298474945534
505031304,Landsdale,15401.0,0.2099863645217843,33.0,955.0,450.0,0.2084574151280524,0.4712041884816754
505031305,Madeley - Darch,14199.0,0.1678287203324177,37.0,854.0,450.0,0.2200647249190938,0.5269320843091335
505031306,Wanneroo - Sinagra,14678.0,0.1954625970840714,38.0,781.0,350.0,0.1998101566207878,0.4481434058898847
506011110,Armadale - Wungong - Brookdale,23166.0,0.2391435724769058,33.0,670.0,280.0,0.1727487165256001,0.417910447761194
506011111,Ashendon - Lesley,,,,,,,
506011112,Camillo - Champion Lakes,5793.0,0.1883307440013809,38.0,647.0,295.0,0.1797752808988764,0.4559505409582689
506011114,Kelmscott,10604.0,0.1917201056205205,40.0,681.0,290.0,0.1834146341463414,0.4258443465491923
506011115,Mount Nasura - Mount Richon - Bedfordale,8241.0,0.1446426404562553,45.0,807.0,330.0,0.2039777983348751,0.4089219330855018
506011116,Roleystone,7243.0,0.1375120806295733,44.0,870.0,350.0,0.210688591983556,0.4022988505747126
506011117,Seville Grove,11409.0,0.2243842580418967,31.0,775.0,330.0,0.1629648115797354,0.4258064516129032
506011307,Harrisdale,11667.0,0.195937258935459,33.0,1068.0,420.0,0.1851762433606953,0.3932584269662921
506011308,Piara Waters - Forrestdale,16049.0,0.2359648576235279,31.0,1105.0,420.0,0.1925980482415761,0.3800904977375565
506021118,Belmont - Ascot - Redcliffe,15082.0,0.2406179551783583,38.0,879.0,350.0,0.2528051293794366,0.3981797497155859
506021118,Belmont - Ascot - Redcliffe,15082.0,0.2406179551783583,38.0,879.0,350.0,0.2528051293794366,0.3981797497155859
506021119,East Victoria Park - Carlisle,17245.0,0.29173673528559,35.0,1014.0,350.0,0.3480534572922719,0.3451676528599605
506021120,Kewdale Commercial,,,,,,,
506021121,Perth Airport,,,,,,,
506021121,Perth Airport,,,,,,,
506021123,Victoria Park - Lathlain - Burswood,15816.0,0.3062089023773394,36.0,1057.0,350.0,0.3984323971260614,0.3311258278145695
506021309,Cloverdale,8864.0,0.277865523465704,34.0,812.0,340.0,0.2670853343184337,0.4187192118226601
506021310,Kewdale,7394.0,0.2378955910197457,36.0,797.0,350.0,0.257372654155496,0.439146800501882
506021311,Rivervale,10897.0,0.3405524456272368,34.0,1015.0,350.0,0.369742198100407,0.3448275862068966
506031124,Bentley - Wilson - St James,20612.0,0.3548418397050262,33.0,711.0,330.0,0.457180675049636,0.4641350210970464
506031125,Canning Vale - West,10078.0,0.1755308592974796,41.0,813.0,450.0,0.2922286448298009,0.5535055350553506
506031126,Canning Vale Commercial,3.0,0.0,60.0,349.0,208.0,0.0,0.5959885386819485
506031127,Cannington - Queens Park,20655.0,0.3479544904381506,31.0,787.0,350.0,0.3499929007525202,0.4447268106734434
506031128,Parkwood - Ferndale - Lynwood,13992.0,0.19568324757004,40.0,738.0,340.0,0.2836990595611285,0.4607046070460704
506031129,Riverton - Shelley - Rossmoyne,14518.0,0.135486981677917,42.0,791.0,400.0,0.2586896987571097,0.5056890012642224
506031130,Welshpool,,,,,,,
506031131,Willetton,19262.0,0.1306717890146402,40.0,755.0,400.0,0.2353792704111175,0.5298013245033113
506041132,Beckenham - Kenwick - Langford,20280.0,0.2436390532544378,35.0,710.0,320.0,0.2561919504643963,0.4507042253521127
506041133,Canning Vale - East,24415.0,0.2067581404874053,36.0,837.0,420.0,0.2211690363349131,0.5017921146953405
506041134,Gosnells,21146.0,0.1964910621394117,38.0,635.0,290.0,0.1839422926140818,0.4566929133858268
506041135,Huntingdale - Southern River,21869.0,0.1981343454204581,34.0,842.0,380.0,0.208837525492862,0.4513064133016627
506041136,Maddington - Orange Grove - Martin,15005.0,0.2105964678440519,36.0,669.0,300.0,0.2040433513964151,0.4484304932735426
506041137,Thornlie,23665.0,0.1881259243608704,38.0,682.0,330.0,0.2381289865343727,0.4838709677419355
506051138,Forrestfield - Wattle Grove,19729.0,0.190633078209742,36.0,855.0,360.0,0.1886440677966101,0.4210526315789473
506051139,High Wycombe,12198.0,0.2009345794392523,38.0,839.0,380.0,0.1888090963494913,0.4529201430274135
506051140,Kalamunda - Maida Vale - Gooseberry Hill,15136.0,0.1288979915433404,47.0,827.0,375.0,0.2143581938102486,0.4534461910519952
506051141,Lesmurdie - Bickley - Carmel,11698.0,0.1248076594289622,44.0,806.0,350.0,0.1987089531293853,0.43424317617866
506061142,Byford,20471.0,0.2303258267793464,31.0,949.0,380.0,0.1557487633038524,0.4004214963119072
506061143,Mundijong,7165.0,0.1780879274249825,39.0,867.0,375.0,0.1747337850919651,0.4325259515570934
506061144,Serpentine - Jarrahdale,4607.0,0.1417408291729976,45.0,784.0,325.0,0.1095360824742268,0.4145408163265306
506071145,Como,14575.0,0.2736878216123499,38.0,1010.0,352.0,0.3873325213154689,0.3485148514851485
506071146,Manning - Waterford,11653.0,0.1974598815755599,40.0,805.0,341.0,0.3312150482968988,0.4236024844720497
506071147,South Perth - Kensington,17226.0,0.2197259955880645,40.0,1131.0,375.0,0.3382149218286167,0.3315649867374005
507011148,Banjup,21746.0,0.213234617860756,34.0,1035.0,420.0,0.2270668176670441,0.4057971014492754
507011150,Bibra Industrial,21.0,0.0,63.0,1374.0,940.0,0.0,0.6841339155749636
507011151,Bibra Lake,,,,,,,
507011152,Coogee,9816.0,0.165240423797881,42.0,896.0,400.0,0.207145434861061,0.4464285714285714
507011153,Coolbellup,8503.0,0.2292132188639303,39.0,795.0,310.0,0.2938978829389788,0.389937106918239
507011154,Hamilton Hill,11327.0,0.2209764280038845,39.0,765.0,320.0,0.2610883925762818,0.4183006535947712
507011155,Henderson,10.0,0.0,53.0,1875.0,0.0,0.0,0.0
507011158,North Coogee,3741.0,0.1847099705960973,46.0,1238.0,460.0,0.279322853688029,0.3715670436187399
507011159,South Lake - Cockburn Central,11723.0,0.2415763882965111,37.0,838.0,360.0,0.2707740916271722,0.4295942720763723
507011160,Spearwood,11268.0,0.2104188853390131,41.0,763.0,350.0,0.2572046109510086,0.4587155963302752
507011161,Success - Hammond Park,17454.0,0.233012489973645,33.0,1064.0,400.0,0.2257557225231521,0.3759398496240601
507011163,Yangebup,7631.0,0.2003669243873673,37.0,879.0,350.0,0.2148047229791099,0.3981797497155859
507011259,Beeliar - Wattleup,10128.0,0.2328199052132701,34.0,1001.0,385.0,0.2118672477371773,0.3846153846153846
507011260,Jandakot,2446.0,0.1631234668847097,45.0,910.0,443.0,0.2647527910685805,0.4868131868131868
507021164,East Fremantle,7819.0,0.1400434838214605,44.0,1075.0,420.0,0.251892346509672,0.3906976744186046
507021165,Fremantle,16720.0,0.2207535885167464,43.0,1059.0,385.0,0.3094180364282541,0.3635505193578848
507021166,Fremantle - South,15372.0,0.1738225344782721,42.0,874.0,350.0,0.2585801598495533,0.4004576659038901
507021167,O'Connor (WA),,,,,,,
507031169,Wellard (West) - Bertram,17953.0,0.2497632707625466,31.0,942.0,350.0,0.2177799447424021,0.3715498938428874
507031170,Calista,7434.0,0.1907452246435297,39.0,594.0,275.0,0.1781767955801105,0.4629629629629629
507031172,Hope Valley - Postans,75.0,0.1733333333333333,52.0,880.0,350.0,0.4615384615384615,0.3977272727272727
507031173,Kwinana Industrial,,,,,,,
507031174,Parmelia - Orelia,11286.0,0.1967038809144072,37.0,632.0,270.0,0.1711278195488721,0.4272151898734177
507031261,Casuarina - Wandi,9084.0,0.300968736239542,32.0,1046.0,400.0,0.1426521239954075,0.3824091778202677
507041175,Applecross - Ardross,11725.0,0.1597441364605543,43.0,1110.0,475.0,0.2721996517701683,0.4279279279279279
507041176,Bateman,3832.0,0.1534446764091858,41.0,852.0,420.0,0.2772689425478767,0.4929577464788732
507041177,Bicton - Palmyra,14778.0,0.178914602787928,41.0,994.0,350.0,0.2708891595615103,0.352112676056338
507041178,Booragoon,15476.0,0.158051176014474,42.0,954.0,420.0,0.2711081794195251,0.440251572327044
507041179,Bull Creek,8030.0,0.1251556662515566,44.0,756.0,420.0,0.2399355877616747,0.5555555555555556
507041180,Leeming,10883.0,0.1514288339612239,42.0,907.0,440.0,0.2568324003951268,0.4851157662624035
507041181,Melville,17452.0,0.1433073573229429,42.0,995.0,420.0,0.2449896984454017,0.4221105527638191
507041182,Murdoch - Kardinya,12489.0,0.2208343342141084,42.0,740.0,400.0,0.4134615384615384,0.5405405405405406
507041183,Willagee,5447.0,0.2149807233339453,37.0,829.0,283.0,0.2153660012099213,0.3413751507840772
507041184,Winthrop,6020.0,0.1509966777408637,45.0,762.0,545.0,0.2842465753424658,0.7152230971128609
507051186,Cooloongup,8503.0,0.1766435375749735,42.0,596.0,300.0,0.1623519087318999,0.5033557046979866
507051187,Port Kennedy,13477.0,0.185056021369741,36.0,755.0,350.0,0.1693735498839907,0.4635761589403973
507051188,Rockingham,16411.0,0.1968801413685942,47.0,692.0,300.0,0.1793775243525778,0.4335260115606936
507051189,Rockingham Lakes,,,,,,,
507051190,Safety Bay - Shoalwater,12039.0,0.1505108397707451,46.0,695.0,300.0,0.1759375,0.4316546762589928
507051191,Singleton - Golden Bay - Secret Harbour,22178.0,0.1844620795382811,33.0,938.0,365.0,0.1818064848172928,0.3891257995735607
507051192,Waikiki,12539.0,0.1781641279208868,39.0,740.0,320.0,0.1777132294692368,0.4324324324324324
507051193,Warnbro,10741.0,0.1871334140210408,38.0,685.0,320.0,0.1692157500813537,0.4671532846715328
507051312,Baldivis - North,11651.0,0.2651274568706548,31.0,948.0,350.0,0.1609923462655054,0.3691983122362869
507051313,Baldivis - South,26046.0,0.2092451816017814,32.0,938.0,370.0,0.1661042777838249,0.394456289978678
507051314,Karnup,2096.0,0.25,30.0,895.0,370.0,0.1508295625942684,0.4134078212290503
509011225,Albany,14828.0,0.1492446722417048,49.0,708.0,300.0,0.1859447634673229,0.423728813559322
509011226,Albany Surrounds,3707.0,0.131373077960615,45.0,738.0,250.0,0.1183970856102003,0.3387533875338753
509011227,Bayonet Head - Lower King,5211.0,0.1385530608328535,44.0,714.0,340.0,0.1334776334776334,0.4761904761904761
509011228,Denmark,6310.0,0.0822503961965134,50.0,630.0,300.0,0.1173633440514469,0.4761904761904761
509011229,Gnowangerup,2862.0,0.1729559748427672,39.0,931.0,180.0,0.0860077021822849,0.1933404940923738
509011230,Katanning,4512.0,0.1852836879432624,40.0,714.0,200.0,0.1049429657794676,0.2801120448179272
509011231,Kojonup,4053.0,0.1339748334566987,44.0,829.0,179.0,0.0868443680137575,0.2159227985524728
509011232,Little Grove - Elleker,3679.0,0.1435172601250339,48.0,721.0,275.0,0.0961538461538461,0.3814147018030513
509011233,McKail - Willyung,11333.0,0.1695049854407482,39.0,697.0,295.0,0.1346153846153846,0.4232424677187948
509011234,Plantagenet,5388.0,0.1184112843355605,48.0,626.0,225.0,0.1034704370179948,0.3594249201277955
509011235,Stirling Range National Park,,,,,,,
509021236,Chittering,5930.0,0.130016863406408,44.0,798.0,320.0,0.1198649409116488,0.4010025062656641
509021237,Cunderdin,3789.0,0.1332805489575085,47.0,638.0,169.0,0.0835443037974683,0.2648902821316614
509021238,Dowerin,3801.0,0.1331228624046303,47.0,738.0,163.0,0.095766129032258,0.2208672086720867
509021239,Gingin - Dandaragan,8929.0,0.141561205062157,50.0,684.0,295.0,0.090951932139491,0.4312865497076023
509021240,Merredin,4893.0,0.1655426118945432,43.0,796.0,200.0,0.0868124585818422,0.2512562814070351
509021241,Moora,4471.0,0.1583538358309103,43.0,892.0,214.0,0.071689831748354,0.2399103139013453
509021242,Mukinbudin,3005.0,0.1647254575707154,47.0,853.0,133.0,0.072929542645241,0.1559202813599062
509021243,Northam,11358.0,0.1581264307096319,43.0,660.0,250.0,0.0967831392124237,0.3787878787878788
509021244,Toodyay,4601.0,0.1060638991523581,54.0,624.0,285.0,0.1093375897845171,0.4567307692307692
509021245,York - Beverley,5158.0,0.099069406746801,56.0,592.0,250.0,0.0785425101214574,0.4222972972972973
509031246,Brookton,3504.0,0.129851598173516,50.0,693.0,200.0,0.0861650485436893,0.2886002886002886
509031247,Kulin,4249.0,0.1466227347611202,44.0,897.0,160.0,0.0721991701244813,0.1783723522853957
509031248,Murray,2376.0,0.132996632996633,45.0,774.0,280.0,0.0845481049562682,0.3617571059431524
509031248,Murray,2376.0,0.132996632996633,45.0,774.0,280.0,0.0845481049562682,0.3617571059431524
509031249,Narrogin,4370.0,0.17162471395881,43.0,726.0,240.0,0.1185185185185185,0.3305785123966942
509031250,Wagin,4859.0,0.1304795225355011,48.0,779.0,190.0,0.0853008377760853,0.2439024390243902
510011262,Broome,14660.0,0.2218281036834924,34.0,1164.0,330.0,0.1208791208791208,0.2835051546391752
510011263,Derby - West Kimberley,7045.0,0.2579134137686302,32.0,461.0,100.0,0.0425448868071818,0.2169197396963123
510011264,Halls Creek,3603.0,0.2561754093810713,29.0,362.0,90.0,0.0438818565400843,0.2486187845303867
510011265,Kununurra,7477.0,0.2361909856894476,33.0,1016.0,230.0,0.0852568875651526,0.2263779527559055
510011266,Roebuck,2310.0,0.2411255411255411,31.0,471.0,100.0,0.0412087912087912,0.2123142250530785
510021267,East Pilbara,5910.0,0.3299492385786802,36.0,1801.0,70.0,0.0483534806169237,0.0388672959466962
510021268,Newman,4239.0,0.2576079263977353,31.0,1624.0,110.0,0.1112582781456953,0.0677339901477832
510021269,Port Hedland,4253.0,0.2348930166940983,34.0,1841.0,210.0,0.1245836109260493,0.1140684410646387
510021270,South Hedland,11046.0,0.2567445229042187,32.0,1415.0,240.0,0.0996415770609319,0.1696113074204947
510031271,Ashburton (WA),7391.0,0.2559870112298741,34.0,1865.0,48.0,0.0725426187885382,0.0257372654155495
510031272,Karratha,17013.0,0.2401105037324399,32.0,1570.0,320.0,0.1022029072381237,0.2038216560509554
510031273,Roebourne,5187.0,0.2292269134374397,34.0,1425.0,150.0,0.0724309642372114,0.1052631578947368
511011274,Esperance,12003.0,0.1592101974506373,42.0,785.0,270.0,0.1012693156732891,0.3439490445859872
511011275,Esperance Surrounds,3966.0,0.17523953605648,41.0,960.0,233.0,0.0884413309982486,0.2427083333333333
511021276,Carnarvon,4879.0,0.1873334699733552,41.0,782.0,215.0,0.0647307924984876,0.2749360613810742
511021276,Carnarvon,4879.0,0.1873334699733552,41.0,782.0,215.0,0.0647307924984876,0.2749360613810742
511021277,Exmouth,4659.0,0.2266580811332904,37.0,905.0,263.0,0.1186966640806827,0.2906077348066298
511031278,Boulder,7150.0,0.2225174825174825,35.0,1014.0,300.0,0.0824053452115812,0.2958579881656805
511031279,Kalgoorlie,13213.0,0.2334064936047831,34.0,1208.0,300.0,0.1545801526717557,0.2483443708609271
511031280,Kalgoorlie - North,8711.0,0.2326942945700838,33.0,1369.0,330.0,0.1638150709865307,0.2410518626734843
511031281,Kalgoorlie Airport,,,,,,,
511031282,Kambalda - Coolgardie - Norseman,4389.0,0.201412622465254,39.0,893.0,200.0,0.0685185185185185,0.2239641657334826
511031283,Leinster - Leonora,4804.0,0.2970441298917569,35.0,900.0,70.0,0.047089947089947,0.0777777777777777
511031284,Trafalgar (WA),,,,,,,
511041285,Geraldton,11888.0,0.1684892328398385,46.0,666.0,230.0,0.1566890653634697,0.3453453453453453
511041286,Geraldton - East,7824.0,0.1763803680981595,37.0,721.0,225.0,0.1062611806797853,0.3120665742024965
511041287,Geraldton - North,8546.0,0.1802012637491224,36.0,871.0,310.0,0.1342475640562973,0.3559127439724455
511041288,Geraldton - South,10333.0,0.166844091744895,38.0,947.0,300.0,0.1516646115906288,0.3167898627243928
511041289,Irwin,3680.0,0.0934782608695652,53.0,626.0,250.0,0.0740365111561866,0.3993610223642173
511041290,Meekatharra,3153.0,0.2733904218204884,38.0,1024.0,120.0,0.0433130699088145,0.1171875
511041291,Morawa,3876.0,0.1437048503611971,47.0,768.0,175.0,0.070364238410596,0.2278645833333333
511041292,Northampton - Mullewa - Greenough,5679.0,0.1109350237717908,50.0,664.0,225.0,0.0676241771394374,0.338855421686747
597979799,Migratory - Offshore - Shipping (WA),514.0,0.2859922178988326,40.0,2123.0,0.0,0.0717299578059071,0.0
599999499,No usual address (WA),,,,,,,
601011001,Bridgewater - Gagebrook,8150.0,0.2187730061349693,31.0,519.0,250.0,0.1057827926657263,0.4816955684007707
601011002,Brighton - Pontville,6449.0,0.2226701814234765,35.0,833.0,350.0,0.1824324324324324,0.4201680672268907
601011003,Old Beach - Otago,4989.0,0.1799959911805973,41.0,883.0,400.0,0.2332046332046332,0.4530011325028312
601021004,Bellerive - Rosny,6522.0,0.1870591842992947,44.0,837.0,360.0,0.2746730083234245,0.4301075268817204
601021005,Cambridge,8573.0,0.1453400209961507,43.0,983.0,400.0,0.2043515358361774,0.4069175991861648
601021006,Geilston Bay - Risdon,3452.0,0.1929316338354577,41.0,886.0,380.0,0.2888127853881279,0.4288939051918736
601021007,Howrah - Tranmere,11627.0,0.1677990883288896,43.0,890.0,420.0,0.2685154975530179,0.4719101123595505
601021008,Lindisfarne - Rose Bay,7830.0,0.1813537675606641,47.0,832.0,400.0,0.2911585365853658,0.4807692307692308
601021009,Mornington - Warrane,5168.0,0.2639318885448916,36.0,636.0,310.0,0.2577660277594183,0.4874213836477987
601021010,Risdon Vale,3501.0,0.2567837760639817,35.0,589.0,320.0,0.1002087682672233,0.5432937181663837
601021011,Rokeby,7874.0,0.2790195580391161,31.0,728.0,325.0,0.2059653365578395,0.4464285714285714
601021012,South Arm,4616.0,0.1224003466204506,45.0,916.0,370.0,0.1974110032362459,0.4039301310043668
601031013,Austins Ferry - Granton,4297.0,0.1908308121945543,40.0,807.0,350.0,0.2127659574468085,0.4337050805452292
601031014,Berriedale - Chigwell,5748.0,0.2112038970076548,38.0,695.0,310.0,0.1773093614383137,0.4460431654676259
601031015,Claremont (Tas.),8397.0,0.2196022388948434,38.0,675.0,320.0,0.2066009429918559,0.4740740740740741
601031016,Derwent Park - Lutana,4709.0,0.2726693565512847,35.0,680.0,325.0,0.2834036568213783,0.4779411764705882
601031017,Glenorchy,12287.0,0.2835517213314885,35.0,618.0,320.0,0.3151071025930101,0.517799352750809
601031018,Montrose - Rosetta,5142.0,0.2191754181252431,41.0,734.0,350.0,0.2665662650602409,0.4768392370572207
601031019,Moonah,5737.0,0.3010284120620533,35.0,733.0,330.0,0.3327380952380952,0.4502046384720327
601031020,New Norfolk,7293.0,0.18593171534348,40.0,601.0,290.0,0.1327568667344862,0.4825291181364393
601031021,West Moonah,4398.0,0.284674852205548,34.0,726.0,340.0,0.3220466516177577,0.4683195592286501
601041022,Kingston - Huntingfield,13473.0,0.2343947153566392,36.0,757.0,380.0,0.2935710698141637,0.5019815059445178
601041023,Kingston Beach - Blackmans Bay,11051.0,0.1574518143154465,43.0,882.0,400.0,0.2552983371372677,0.4535147392290249
601041024,Margate - Snug,8482.0,0.1523225654326809,39.0,813.0,370.0,0.1894618834080717,0.4551045510455104
601041025,Mount Wellington,,,,,,,
601041026,Taroona - Bonnet Hill,3637.0,0.1234533956557602,47.0,875.0,425.0,0.2665489849955869,0.4857142857142857
601051027,Hobart,9025.0,0.3853739612188365,34.0,845.0,415.0,0.5414904002603319,0.4911242603550296
601051028,Lenah Valley - Mount Stuart,9033.0,0.2178678180006642,38.0,942.0,370.0,0.3066564063101192,0.3927813163481953
601051029,Mount Nelson - Dynnyrne,5053.0,0.2448050662972491,37.0,806.0,360.0,0.4318555008210181,0.4466501240694789
601051030,New Town,6606.0,0.2605207387223736,38.0,800.0,340.0,0.3817283950617284,0.425
601051031,Sandy Bay,12326.0,0.2756774298231381,39.0,887.0,419.0,0.455,0.4723788049605411
601051032,South Hobart - Fern Tree,6727.0,0.2198602646053218,39.0,902.0,380.0,0.3564875491480996,0.4212860310421286
601051033,West Hobart,6397.0,0.2557448804126934,38.0,995.0,400.0,0.3742203742203742,0.4020100502512563
601061034,Dodges Ferry - Lewisham,8521.0,0.1657082502053749,43.0,721.0,330.0,0.1717344753747323,0.4576976421636616
601061035,Sorell - Richmond,9993.0,0.1844291003702591,42.0,738.0,355.0,0.1839438815276695,0.481029810298103
602011036,Invermay,3498.0,0.3344768439108062,33.0,626.0,285.0,0.3219666931007137,0.4552715654952076
602011037,Kings Meadows - Punchbowl,4941.0,0.2256628212912366,38.0,719.0,306.0,0.2310495626822157,0.4255910987482614
602011038,Launceston,5421.0,0.2470023980815347,41.0,894.0,320.0,0.30566534914361,0.3579418344519016
602011039,Legana,4769.0,0.1681694275529461,41.0,773.0,350.0,0.200735294117647,0.4527813712807244
602011040,Mowbray,4048.0,0.3164525691699604,32.0,583.0,290.0,0.3561643835616438,0.4974271012006861
602011041,Newnham - Mayfield,9628.0,0.2725384295803905,34.0,575.0,250.0,0.2719623022551329,0.4347826086956521
602011042,Newstead,5449.0,0.1737933565791888,43.0,783.0,310.0,0.2139240506329114,0.3959131545338442
602011043,Norwood (Tas.),4031.0,0.138923344083354,47.0,699.0,320.0,0.1956315289648623,0.457796852646638
602011044,Prospect Vale - Blackstone,6777.0,0.1598052235502434,46.0,738.0,300.0,0.2022684310018903,0.4065040650406504
602011045,Ravenswood,3804.0,0.2074132492113564,36.0,496.0,225.0,0.1126760563380281,0.4536290322580645
602011046,Riverside,7275.0,0.1769072164948453,40.0,776.0,300.0,0.2163366336633663,0.3865979381443299
602011047,South Launceston,4846.0,0.2699133305819232,36.0,766.0,300.0,0.3051711580480699,0.391644908616188
602011048,Summerhill - Prospect,4958.0,0.2018959257765228,40.0,747.0,290.0,0.1879404855129209,0.3882195448460508
602011049,Trevallyn,4826.0,0.1701201823456278,40.0,845.0,300.0,0.2412831241283124,0.3550295857988165
602011050,Waverley - St Leonards,3932.0,0.2113428280773143,37.0,671.0,250.0,0.1787003610108303,0.3725782414307004
602011051,West Launceston,4215.0,0.1973902728351126,42.0,792.0,300.0,0.2758310871518418,0.3787878787878788
602011052,Youngtown - Relbia,4921.0,0.1904084535663483,42.0,747.0,295.0,0.1926298157453936,0.3949129852744311
602021053,Beauty Point - Beaconsfield,4045.0,0.1179233621755253,55.0,497.0,250.0,0.1258503401360544,0.5030181086519114
602021054,Deloraine,6114.0,0.1571802420673863,48.0,576.0,245.0,0.1342876618950238,0.4253472222222222
602021055,Grindelwald - Lanena,6136.0,0.1192959582790091,50.0,643.0,293.0,0.1704689480354879,0.4556765163297045
602021056,Hadspen - Carrick,3605.0,0.1780859916782247,39.0,786.0,265.0,0.1570576540755467,0.3371501272264631
602021057,Westbury,4351.0,0.1445644679384049,47.0,617.0,250.0,0.1424706943192065,0.4051863857374392
602031058,Dilston - Lilydale,4354.0,0.1295360587965089,46.0,730.0,260.0,0.1567656765676567,0.3561643835616438
602031059,George Town,7118.0,0.1423152570946895,48.0,520.0,220.0,0.1412492965672481,0.4230769230769231
602031060,Longford,4428.0,0.1668925022583559,47.0,665.0,260.0,0.1634703196347032,0.3909774436090225
602031061,Northern Midlands,3700.0,0.1535135135135135,47.0,611.0,200.0,0.1214361140443505,0.3273322422258592
602031062,Perth - Evandale,5482.0,0.1707406056183874,45.0,742.0,280.0,0.1775771256583897,0.3773584905660377
602031064,St Helens - Scamander,6756.0,0.1036116044997039,56.0,485.0,240.0,0.1101813110181311,0.4948453608247423
602031099,Flinders and Cape Barren Islands,922.0,0.0748373101952277,57.0,678.0,139.0,0.15,0.2050147492625368
602031100,Scottsdale - Bridport,6835.0,0.1467446964155084,48.0,582.0,220.0,0.1129943502824858,0.3780068728522336
603011065,Central Highlands,2427.0,0.145859085290482,50.0,567.0,200.0,0.1041322314049586,0.3527336860670194
603011066,Derwent Valley,3324.0,0.1362815884476534,44.0,641.0,258.0,0.1531049250535331,0.4024960998439937
603011067,Southern Midlands,6675.0,0.1685393258426966,44.0,661.0,250.0,0.1397790055248619,0.37821482602118
603011068,Wilderness - East,,,,,,,
603021069,Bruny Island - Kettering,3447.0,0.089353060632434,54.0,647.0,300.0,0.1617473435655254,0.463678516228748
603021070,Cygnet,4802.0,0.114743856726364,49.0,551.0,290.0,0.1391712275215011,0.5263157894736842
603021071,Geeveston - Dover,4051.0,0.1241668723771908,50.0,543.0,280.0,0.1397959183673469,0.5156537753222836
603021072,Huonville - Franklin,9405.0,0.1659755449229133,42.0,681.0,295.0,0.1757902852737085,0.4331864904552129
603031073,Forestier - Tasman,2593.0,0.0929425376012341,57.0,509.0,250.0,0.1330998248686515,0.4911591355599214
603031074,Triabunna - Bicheno,4988.0,0.1333199679230152,57.0,595.0,250.0,0.1741741741741741,0.4201680672268907
604011075,Acton - Upper Burnie,3270.0,0.2024464831804281,38.0,593.0,238.0,0.1556329849012775,0.4013490725126475
604011076,Burnie - Ulverstone Surrounds,5175.0,0.168695652173913,45.0,689.0,225.0,0.1748304446119065,0.3265602322206096
604011077,Burnie - Wivenhoe,3779.0,0.2161947605186557,40.0,629.0,240.0,0.1844181459566075,0.3815580286168522
604011078,Parklands - Camdale,6777.0,0.1719049727017854,41.0,683.0,236.0,0.1967213114754098,0.3455344070278184
604011079,Penguin - Sulphur Creek,5417.0,0.1513752999815396,47.0,673.0,260.0,0.1928057553956834,0.3863298662704309
604011080,Romaine - Havenview,3535.0,0.1985855728429985,39.0,700.0,260.0,0.1792746113989637,0.3714285714285714
604011081,Somerset,4067.0,0.1480206540447504,48.0,602.0,240.0,0.1611940298507462,0.3986710963455149
604011082,Ulverstone,7088.0,0.1496896162528216,49.0,608.0,250.0,0.1683053788316946,0.4111842105263157
604011083,West Ulverstone,4515.0,0.1461794019933555,48.0,541.0,240.0,0.1260869565217391,0.4436229205175601
604011084,Wynyard,6388.0,0.1391671884783969,49.0,599.0,224.0,0.1416772554002541,0.3739565943238731
604021085,Devonport,14481.0,0.1885228920654651,43.0,619.0,250.0,0.1835357624831309,0.4038772213247172
604021086,East Devonport,5075.0,0.1860098522167487,44.0,535.0,236.0,0.1467351430667645,0.4411214953271028
604021087,Latrobe,5385.0,0.1803156917363045,44.0,634.0,250.0,0.1601476014760147,0.3943217665615142
604021088,Miandetta - Don,3661.0,0.178366566511882,41.0,760.0,290.0,0.1860940695296523,0.3815789473684211
604021089,Port Sorell,6472.0,0.1182014833127317,52.0,648.0,280.0,0.1619812583668005,0.4320987654320987
604021090,Quoiba - Spreyton,3116.0,0.1813222079589217,43.0,763.0,275.0,0.1757656458055925,0.3604193971166448
604021091,Sheffield - Railton,6619.0,0.1405046079468197,49.0,604.0,230.0,0.1392773892773892,0.3807947019867549
604021092,Turners Beach - Forth,3478.0,0.1440483036227717,47.0,763.0,270.0,0.1719817767653758,0.3538663171690694
604031093,King Island,1617.0,0.1570810142238713,45.0,845.0,190.0,0.1,0.2248520710059171
604031094,North West,4188.0,0.1704871060171919,41.0,690.0,200.0,0.1056977704376548,0.2898550724637681
604031095,Smithton,3934.0,0.1792069140823589,42.0,652.0,222.0,0.1047794117647058,0.3404907975460122
604031096,Waratah,3843.0,0.1368722352328909,46.0,621.0,250.0,0.1452513966480447,0.4025764895330113
604031097,West Coast (Tas.),4267.0,0.1689711741270213,47.0,548.0,160.0,0.1254355400696864,0.291970802919708
604031098,Wilderness - West,,,,,,,
697979799,Migratory - Offshore - Shipping (Tas.),19.0,0.2105263157894736,43.0,2249.0,0.0,0.0,0.0
699999499,No usual address (Tas.),,,,,,,
701011001,Darwin Airport,23.0,0.4782608695652174,35.0,1166.0,0.0,0.0,0.0
701011002,Darwin City,7149.0,0.4280318925723878,33.0,1236.0,450.0,0.3679078014184397,0.3640776699029126
701011003,East Point,,,,,,,
701011004,Fannie Bay - The Gardens,3602.0,0.2481954469739034,38.0,1310.0,390.0,0.2342592592592592,0.2977099236641221
701011005,Larrakeyah,3943.0,0.3634288612731423,33.0,1297.0,395.0,0.2915681639085894,0.3045489591364688
701011006,Ludmilla - The Narrows,2563.0,0.2575107296137339,34.0,966.0,260.0,0.215422276621787,0.2691511387163561
701011007,Parap,2819.0,0.2628591699184108,36.0,1281.0,415.0,0.2671232876712329,0.3239656518345043
701011008,Stuart Park,4101.0,0.3323579614728115,34.0,1237.0,400.0,0.3416666666666667,0.3233629749393694
701011009,Woolner - Bayview - Winnellie,2858.0,0.2764170748775367,35.0,1453.0,490.0,0.2748603351955307,0.3372333103922918
701021010,Alawa,2078.0,0.2367661212704523,35.0,915.0,340.0,0.2482853223593964,0.3715846994535519
701021011,Anula,2385.0,0.1593291404612159,37.0,1034.0,400.0,0.1599511599511599,0.3868471953578336
701021012,Berrimah,1712.0,0.2348130841121495,33.0,1015.0,370.0,0.1588502269288956,0.3645320197044335
701021013,Brinkin - Nakara,3430.0,0.310204081632653,33.0,957.0,393.0,0.4273255813953488,0.4106583072100313
701021014,Buffalo Creek,,,,,,,
701021015,Charles Darwin,,,,,,,
701021016,Coconut Grove,2892.0,0.3042876901798063,35.0,913.0,300.0,0.3168202764976958,0.3285870755750273
701021017,East Arm,21.0,0.1904761904761904,45.0,1145.0,635.0,0.0,0.5545851528384279
701021018,Jingili,1841.0,0.1656708310700706,36.0,1042.0,400.0,0.2354740061162079,0.3838771593090211
701021019,Karama,4803.0,0.1980012492192379,35.0,838.0,293.0,0.1568509615384615,0.3496420047732697
701021020,Leanyer,4597.0,0.2125299108113987,37.0,1101.0,400.0,0.2054794520547945,0.36330608537693
701021021,Lyons (NT),6006.0,0.2479187479187479,30.0,1356.0,280.0,0.2181208053691275,0.2064896755162241
701021022,Malak - Marrara,4341.0,0.1852107809260539,38.0,938.0,350.0,0.1696428571428571,0.373134328358209
701021023,Millner,2576.0,0.2573757763975155,36.0,957.0,340.0,0.2781065088757396,0.3552769070010449
701021024,Moil,2000.0,0.1745,37.0,939.0,310.0,0.1957746478873239,0.3301384451544196
701021025,Nightcliff,3884.0,0.2870751802265705,34.0,1203.0,350.0,0.3354430379746835,0.2909393183707398
701021026,Rapid Creek,3261.0,0.281508739650414,35.0,1229.0,350.0,0.3323442136498516,0.2847843775427177
701021027,Tiwi,2511.0,0.2019115890083632,40.0,948.0,375.0,0.2188995215311004,0.3955696202531645
701021028,Wagaman,2023.0,0.2278793870489372,35.0,864.0,340.0,0.2410329985652797,0.3935185185185185
701021029,Wanguri,1836.0,0.1775599128540305,39.0,977.0,410.0,0.2044374009508716,0.4196519959058342
701021030,Wulagi,2510.0,0.1553784860557769,36.0,1052.0,425.0,0.1502645502645502,0.4039923954372623
701031031,Howard Springs,5100.0,0.3017647058823529,36.0,1185.0,350.0,0.0802784222737819,0.2953586497890295
701031032,Humpty Doo,8387.0,0.1598903064266126,39.0,1145.0,400.0,0.1368381804623415,0.3493449781659388
701031033,Koolpinyah,,,,,,,
701031034,Virginia,3197.0,0.1945573975602127,41.0,1096.0,370.0,0.1836327345309381,0.3375912408759124
701031035,Weddell,4289.0,0.1590114245744928,40.0,977.0,323.0,0.0970812182741116,0.330603889457523
701041036,Bakewell,3091.0,0.2474927208023293,32.0,1104.0,380.0,0.1923791821561338,0.3442028985507246
701041037,Driver,2747.0,0.2544594102657444,33.0,1011.0,350.0,0.2121827411167512,0.3461918892185954
701041038,Durack - Marlow Lagoon,4501.0,0.2423905798711397,32.0,1304.0,500.0,0.2012153950033761,0.3834355828220859
701041039,Gray,3142.0,0.2129217059197963,34.0,877.0,300.0,0.1381909547738693,0.3420752565564424
701041040,Moulden,3053.0,0.1945627251883393,33.0,851.0,295.0,0.0933758978451715,0.3466509988249118
701041041,Palmerston - North,4456.0,0.2407989228007181,32.0,1182.0,460.0,0.2065848934796643,0.3891708967851099
701041042,Palmerston - South,6451.0,0.3103394822508138,28.0,1288.0,450.0,0.2151690024732069,0.3493788819875776
701041043,Rosebery - Bellamack,6555.0,0.269717772692601,29.0,1194.0,400.0,0.1813229571984435,0.3350083752093802
701041044,Woodroffe,3175.0,0.2251968503937008,33.0,1012.0,360.0,0.1665198237885462,0.3557312252964427
702011045,Charles,4215.0,0.2291814946619217,35.0,1073.0,350.0,0.1769706336939721,0.32618825722274
702011046,East Side,5418.0,0.2617201919527501,33.0,1118.0,360.0,0.2280270436385986,0.3220035778175313
702011047,Flynn (NT),4585.0,0.2477644492911668,33.0,1078.0,400.0,0.1666666666666666,0.3710575139146567
702011048,Larapinta,4964.0,0.2119258662369057,34.0,1190.0,400.0,0.1907373552711761,0.3361344537815126
702011049,Mount Johns,4025.0,0.2745341614906832,35.0,1306.0,400.0,0.218370883882149,0.3062787136294027
702011050,Petermann - Simpson,1961.0,0.3712391636919939,31.0,807.0,123.0,0.1185840707964601,0.1524163568773234
702011051,Ross,2706.0,0.1784922394678492,42.0,948.0,280.0,0.1540256709451575,0.2953586497890295
702011052,Sandover - Plenty,3912.0,0.2770961145194274,30.0,356.0,60.0,0.0313064419024683,0.1685393258426966
702011053,Tanami,2839.0,0.2712222613596337,29.0,269.0,0.0,0.050179211469534,0.0
702011054,Yuendumu - Anmatjere,1851.0,0.2490545650999459,28.0,275.0,75.0,0.0421792618629174,0.2727272727272727
702021055,Barkly,2203.0,0.2850658193372674,26.0,416.0,70.0,0.0778443113772455,0.1682692307692307
702021056,Tennant Creek,3080.0,0.2454545454545454,33.0,671.0,180.0,0.1141692150866462,0.2682563338301043
702031057,Alligator,4242.0,0.1489863272041489,47.0,690.0,100.0,0.0884057971014492,0.144927536231884
702031058,Daly,1890.0,0.2825396825396825,28.0,308.0,80.0,0.0215384615384615,0.2597402597402597
702031059,Thamarrurr,2118.0,0.2766761095372993,26.0,190.0,50.0,0.0466472303206997,0.2631578947368421
702031060,Tiwi Islands,2348.0,0.24190800681431,30.0,240.0,80.0,0.0473537604456824,0.3333333333333333
702031061,West Arnhem,5204.0,0.2993850883935434,27.0,260.0,80.0,0.0386178861788617,0.3076923076923077
702041062,Anindilyakwa,2541.0,0.2727272727272727,30.0,336.0,80.0,0.0506798516687268,0.238095238095238
702041063,East Arnhem,6983.0,0.2758126879564657,28.0,298.0,90.0,0.0428782651552488,0.3020134228187919
702041064,Nhulunbuy,3267.0,0.2038567493112947,33.0,1506.0,110.0,0.1020925808497146,0.0730411686586985
702051065,Elsey,2283.0,0.2925974594831362,29.0,334.0,80.0,0.0564024390243902,0.2395209580838323
702051066,Gulf,4189.0,0.2802578180950107,28.0,276.0,75.0,0.0373185901865929,0.2717391304347826
702051066,Gulf,4189.0,0.2802578180950107,28.0,276.0,75.0,0.0373185901865929,0.2717391304347826
702051067,Katherine,9658.0,0.2616483744046386,33.0,1069.0,295.0,0.117696867061812,0.2759588400374181
702051068,Victoria River,2609.0,0.2729014948256036,25.0,311.0,75.0,0.053012048192771,0.2411575562700964
797979799,Migratory - Offshore - Shipping (NT),99.0,0.2929292929292929,40.0,1478.0,0.0,0.1363636363636363,0.0
799999499,No usual address (NT),,,,,,,
801011001,Aranda,2605.0,0.1666026871401151,42.0,1372.0,530.0,0.2716346153846153,0.3862973760932944
801011002,Belconnen,8502.0,0.5341096212655846,30.0,1009.0,430.0,0.6227481455316143,0.4261645193260654
801011003,Bruce,7520.0,0.4400265957446808,29.0,1027.0,430.0,0.6643990929705216,0.4186952288218111
801011004,Charnwood,3055.0,0.213747954173486,35.0,948.0,380.0,0.2320441988950276,0.4008438818565401
801011005,Cook,2965.0,0.1693086003372681,42.0,1288.0,440.0,0.2966903073286052,0.3416149068322981
801011006,Dunlop,7265.0,0.173296627666896,36.0,1176.0,465.0,0.2054120541205412,0.3954081632653061
801011007,Evatt,5531.0,0.1968902549267763,37.0,1149.0,466.0,0.2626262626262626,0.4055700609225413
801011008,Florey,4781.0,0.2099979083873666,39.0,1023.0,415.0,0.2837345003646973,0.4056695992179863
801011009,Flynn (ACT),3671.0,0.1871424679923726,37.0,1173.0,481.0,0.2431957857769973,0.4100596760443308
801011010,Fraser,2126.0,0.147695202257761,41.0,1164.0,450.0,0.2116564417177914,0.3865979381443299
801011011,Giralang,3372.0,0.1841637010676156,38.0,1143.0,460.0,0.2337278106508875,0.4024496937882764
801011012,Gooromon,,,,,,,
801011013,Hawker,3008.0,0.1851728723404255,42.0,1169.0,375.0,0.3025871766029246,0.320786997433704
801011014,Higgins,3321.0,0.1930141523637458,38.0,1053.0,400.0,0.2487205731832139,0.3798670465337132
801011015,Holt,5628.0,0.2348969438521677,36.0,1041.0,396.0,0.2837150127226463,0.3804034582132565
801011016,Kaleen,7672.0,0.1913451511991657,39.0,1050.0,460.0,0.2858418937025457,0.4380952380952381
801011017,Latham,3767.0,0.1887443589062915,38.0,1089.0,400.0,0.2471416007036059,0.3673094582185491
801011018,Lawson,2739.0,0.5553121577217963,28.0,1190.0,548.0,0.5450191570881227,0.4605042016806722
801011019,Macgregor (ACT),7049.0,0.2105263157894736,34.0,1172.0,464.0,0.2423193422760709,0.3959044368600682
801011020,Macquarie,3104.0,0.251610824742268,37.0,1078.0,400.0,0.3142272262026612,0.3710575139146567
801011021,McKellar,2740.0,0.1791970802919708,43.0,1160.0,438.0,0.2697368421052631,0.3775862068965517
801011022,Melba,3383.0,0.1684895063553059,38.0,1118.0,400.0,0.237037037037037,0.3577817531305903
801011023,Page,3054.0,0.2265880812049771,40.0,932.0,438.0,0.2729211087420042,0.4699570815450644
801011024,Scullin,3069.0,0.2245030954708374,35.0,1041.0,390.0,0.2669362992922143,0.3746397694524496
801011025,Spence,2587.0,0.1731735601082334,38.0,1125.0,375.0,0.24625,0.3333333333333333
801011026,Weetangera,2795.0,0.1595706618962433,41.0,1332.0,490.0,0.2630410654827969,0.3678678678678678
801011111,Molonglo Corridor,12.0,0.0,19.0,900.0,375.0,0.0,0.4166666666666667
801011142,Macnamara,,,,,,,
801011143,Strathnairn,714.0,0.3599439775910364,30.0,1236.0,515.0,0.3708333333333333,0.4166666666666667
801011144,West Belconnen,25.0,0.24,37.0,1325.0,150.0,0.0,0.1132075471698113
801031031,Hume,395.0,0.4835443037974684,34.0,725.0,110.0,0.0,0.1517241379310344
801031032,Kowen,25.0,0.12,36.0,900.0,340.0,0.2727272727272727,0.3777777777777777
801031113,Canberra East,1097.0,0.1896080218778486,47.0,746.0,263.0,0.0967741935483871,0.3525469168900804
801031114,Canberra Airport,125.0,0.176,39.0,1215.0,420.0,0.1875,0.345679012345679
801031115,Majura,296.0,0.402027027027027,27.0,1161.0,365.0,0.1052631578947368,0.3143841515934539
801041034,Amaroo,6129.0,0.1925273290912057,35.0,1207.0,460.0,0.2506976744186046,0.3811101905550952
801041035,Bonner,7339.0,0.214879411363946,30.0,1183.0,520.0,0.2211243611584327,0.4395604395604395
801041036,Casey,6471.0,0.2413846391593262,32.0,1349.0,502.0,0.2632508833922261,0.3721275018532246
801041037,Crace,4800.0,0.23,34.0,1395.0,460.0,0.2723351817621688,0.3297491039426523
801041038,Forde,4435.0,0.1555806087936866,35.0,1548.0,590.0,0.203983101991551,0.3811369509043927
801041039,Franklin,7484.0,0.34206306787814,30.0,1121.0,460.0,0.3649717514124294,0.4103479036574487
801041040,Gungahlin,8586.0,0.3729326811087817,31.0,1049.0,450.0,0.4003552397868561,0.428979980934223
801041043,Hall,298.0,0.087248322147651,47.0,1110.0,375.0,0.1704545454545454,0.3378378378378378
801041044,Harrison,8244.0,0.2882096069868995,31.0,1207.0,450.0,0.3033159947984395,0.3728251864125932
801041045,Mitchell,7.0,0.0,44.0,575.0,0.0,0.0,0.0
801041046,Ngunnawal,10957.0,0.239572875787168,34.0,1124.0,450.0,0.2761821874093415,0.400355871886121
801041047,Nicholls,6680.0,0.1579341317365269,44.0,1251.0,502.0,0.2952235772357723,0.4012789768185452
801041048,Palmerston,5579.0,0.216526259186234,36.0,1134.0,450.0,0.284,0.3968253968253968
801041116,Gungahlin - East,,,,,,,
801041117,Gungahlin - West,,,,,,,
801041118,Jacka,712.0,0.2415730337078651,30.0,1161.0,450.0,0.2633333333333333,0.3875968992248062
801041119,Kenny,19.0,0.0,17.0,762.0,227.0,0.0,0.2979002624671916
801041120,Moncrieff,5310.0,0.2694915254237288,30.0,1222.0,470.0,0.2264056224899598,0.3846153846153846
801041121,Taylor,2220.0,0.3013513513513513,30.0,1113.0,282.0,0.2614056720098643,0.2533692722371967
801041122,Throsby,2405.0,0.256964656964657,31.0,1342.0,375.0,0.238095238095238,0.2794336810730253
801051049,Acton,2848.0,0.465941011235955,19.0,257.0,9.0,0.8144958736993183,0.0350194552529182
801051050,Ainslie,5376.0,0.1848958333333333,42.0,1236.0,367.0,0.3429411764705882,0.296925566343042
801051051,Braddon,6383.0,0.569324768917437,30.0,1512.0,495.0,0.6670162558993183,0.3273809523809524
801051053,Civic,4835.0,0.5476732161323682,27.0,1076.0,550.0,0.7130008176614882,0.5111524163568774
801051054,Dickson,3292.0,0.4368165249088699,30.0,1303.0,500.0,0.5461741424802111,0.3837298541826554
801051055,Downer,4296.0,0.2614059590316573,35.0,1125.0,420.0,0.4033898305084746,0.3733333333333333
801051056,Hackett,3227.0,0.1515339324449953,40.0,1361.0,374.0,0.2518115942028985,0.2747979426891991
801051057,Lyneham,5703.0,0.3436787655619849,35.0,1200.0,425.0,0.4797619047619048,0.3541666666666667
801051058,O'Connor (ACT),5917.0,0.2791955382795335,35.0,1261.0,451.0,0.4442361761949391,0.3576526566217288
801051060,Turner,4470.0,0.4803131991051454,31.0,1448.0,480.0,0.64480111653873,0.3314917127071823
801051061,Watson,6727.0,0.2556860413259997,34.0,1354.0,437.0,0.3418727915194346,0.3227474150664697
801051123,Black Mountain,,,,,,,
801051124,Campbell,4588.0,0.2781168265039233,38.0,1592.0,550.0,0.4165562913907285,0.3454773869346734
801051125,Duntroon,1974.0,0.6165146909827761,21.0,962.0,270.0,0.6644993498049415,0.2806652806652807
801051126,Parkes (ACT) - North,,,,,,,
801051127,Reid,1544.0,0.3180051813471503,40.0,1335.0,430.0,0.5299145299145299,0.3220973782771535
801051128,Russell,,,,,,,
801061062,Deakin,3124.0,0.1338028169014084,45.0,1577.0,560.0,0.2373949579831932,0.3551046290424857
801061063,Forrest,1827.0,0.2036124794745484,47.0,1816.0,570.0,0.3498920086393088,0.3138766519823788
801061064,Griffith (ACT),5328.0,0.2652027027027027,38.0,1572.0,462.0,0.3639947437582129,0.2938931297709923
801061066,Lake Burley Griffin,,,,,,,
801061067,Narrabundah,6455.0,0.178001549186677,40.0,1250.0,440.0,0.2523408239700374,0.352
801061068,Parkes (ACT) - South,3.0,0.0,82.0,824.0,178.0,0.0,0.2160194174757281
801061069,Red Hill (ACT),3146.0,0.1322314049586777,42.0,1469.0,500.0,0.228270412642669,0.3403675970047651
801061070,Yarralumla,3120.0,0.1134615384615384,50.0,1591.0,547.0,0.2638731596828992,0.343808925204274
801061129,Barton,1946.0,0.3319630010277492,39.0,1775.0,525.0,0.3852739726027397,0.2957746478873239
801061130,Fyshwick,52.0,0.3846153846153846,37.0,599.0,323.0,0.2631578947368421,0.5392320534223706
801061131,Kingston (ACT),6579.0,0.3736130110959112,35.0,1777.0,510.0,0.4082872928176795,0.2870005627462014
801071071,Banks,5100.0,0.2166666666666666,35.0,1168.0,424.0,0.2218670076726342,0.363013698630137
801071072,Bonython,3839.0,0.1940609533732742,38.0,1135.0,445.0,0.2568306010928962,0.3920704845814978
801071073,Calwell,5730.0,0.2059336823734729,37.0,1192.0,448.0,0.2332112332112332,0.3758389261744966
801071074,Chisholm,5268.0,0.195709946848899,37.0,1088.0,410.0,0.2151898734177215,0.3768382352941176
801071075,Conder,5108.0,0.1926389976507439,37.0,1179.0,390.0,0.2472491909385113,0.3307888040712468
801071076,Fadden,3006.0,0.1264138389886893,43.0,1415.0,620.0,0.2373081463990554,0.4381625441696113
801071077,Gilmore,2706.0,0.1869918699186991,37.0,1164.0,430.0,0.1957390146471371,0.3694158075601375
801071078,Gordon (ACT),7892.0,0.2031170805879371,38.0,1157.0,420.0,0.2419281491587085,0.3630077787381158
801071079,Gowrie (ACT),3140.0,0.186624203821656,38.0,1207.0,440.0,0.2360178970917226,0.3645401822700911
801071080,Greenway,4129.0,0.3364010656333253,36.0,1197.0,450.0,0.3623188405797101,0.3759398496240601
801071081,Isabella Plains,4329.0,0.2162162162162162,36.0,1084.0,450.0,0.2324281150159744,0.4151291512915129
801071082,Kambah,15670.0,0.1717932354818123,41.0,1070.0,400.0,0.2332024432809773,0.3738317757009345
801071083,Macarthur,1405.0,0.1587188612099644,39.0,1334.0,520.0,0.2073170731707317,0.3898050974512743
801071084,Monash,5644.0,0.1591070163004961,43.0,1095.0,450.0,0.2402684563758389,0.410958904109589
801071085,Mount Taylor,,,,,,,
801071086,Oxley (ACT),1703.0,0.183206106870229,39.0,1132.0,400.0,0.2063492063492063,0.3533568904593639
801071087,Richardson,3058.0,0.2135382603008502,36.0,1012.0,391.0,0.2020089285714285,0.3863636363636363
801071088,Theodore,3798.0,0.2159031068983675,36.0,1195.0,430.0,0.2423112767940354,0.3598326359832636
801071089,Tuggeranong,43.0,0.0697674418604651,58.0,1208.0,320.0,0.1875,0.2649006622516556
801071090,Wanniassa,7885.0,0.1775523145212428,39.0,1127.0,400.0,0.2151289899431569,0.354924578527063
801071132,Tuggeranong - West,,,,,,,
801081091,Chapman,2867.0,0.0973142657830484,47.0,1378.0,450.0,0.2058823529411764,0.3265602322206096
801081092,Duffy,3395.0,0.1684830633284241,39.0,1251.0,445.0,0.2577220077220077,0.3557154276578737
801081093,Fisher,3219.0,0.1568810189499844,40.0,1206.0,415.0,0.191358024691358,0.3441127694859038
801081094,Holder,2816.0,0.1644176136363636,41.0,1273.0,465.0,0.2600950118764845,0.3652788688138256
801081095,Rivett,3354.0,0.1708407871198569,39.0,1113.0,322.0,0.2124248496993988,0.2893081761006289
801081096,Stirling,2191.0,0.1378366042902784,46.0,1020.0,460.0,0.2495784148397976,0.4509803921568627
801081097,Waramanga,2785.0,0.1759425493716337,38.0,1179.0,379.0,0.2223502304147465,0.3214588634435962
801081098,Weston,4000.0,0.152,42.0,1242.0,420.0,0.2634920634920635,0.3381642512077294
801081133,Scrivener,,,,,,,
801091099,Chifley,2680.0,0.251865671641791,37.0,1191.0,450.0,0.3441138421733505,0.3778337531486146
801091100,Curtin,5569.0,0.1599928173819357,41.0,1341.0,450.0,0.2742955721679126,0.3355704697986577
801091101,Farrer,3787.0,0.148930551888038,43.0,1223.0,450.0,0.2450728363324764,0.3679476696647588
801091102,Garran,3706.0,0.1395035078251484,41.0,1349.0,550.0,0.2258592471358428,0.407709414381023
801091103,Hughes,3210.0,0.1510903426791277,43.0,1298.0,400.0,0.2439759036144578,0.3081664098613251
801091104,Isaacs,2379.0,0.1336696090794451,49.0,1307.0,520.0,0.2707641196013289,0.3978576893649579
801091105,Lyons (ACT),3271.0,0.2546621828187099,36.0,1097.0,360.0,0.3233779608650875,0.3281677301731996
801091106,Mawson,3440.0,0.2180232558139535,38.0,1158.0,400.0,0.3054755043227665,0.3454231433506045
801091107,O'Malley,928.0,0.1314655172413793,51.0,1497.0,975.0,0.3125,0.6513026052104208
801091108,Pearce,2687.0,0.1607740975065128,43.0,1222.0,430.0,0.2774352651048088,0.3518821603927987
801091109,Phillip,5197.0,0.4498749278429863,32.0,1342.0,440.0,0.4814814814814814,0.3278688524590163
801091110,Torrens,2424.0,0.1670792079207921,39.0,1286.0,478.0,0.2360406091370558,0.3716951788491446
801101134,Arboretum,13.0,0.0,65.0,1624.0,0.0,0.0,0.0
801101135,Coombs,4851.0,0.3267367553081838,30.0,1358.0,480.0,0.3179156908665105,0.353460972017673
801101136,Denman Prospect,2759.0,0.293947082276187,31.0,1655.0,498.0,0.2556149732620321,0.3009063444108761
801101137,Molonglo,,,,,,,
801101139,Wright,3808.0,0.3416491596638655,32.0,1446.0,461.0,0.3624213836477987,0.3188105117565698
801101145,Molonglo - East,,,,,,,
801101146,Whitlam,7.0,0.0,27.0,75.0,0.0,1.0,0.0
801111140,ACT - South West,556.0,0.1960431654676259,35.0,1358.0,385.0,0.2127659574468085,0.2835051546391752
801111141,Namadgi,63.0,0.1746031746031746,27.0,1270.0,400.0,0.1111111111111111,0.3149606299212598
897979799,Migratory - Offshore - Shipping (ACT),,,,,,,
899999499,No usual address (ACT),,,,,,,
901011001,Christmas Island,1692.0,0.2316784869976359,38.0,1233.0,150.0,0.0593792172739541,0.121654501216545
901021002,Cocos (Keeling) Islands,593.0,0.1703204047217538,40.0,741.0,231.0,0.050251256281407,0.3117408906882591
901031003,Jervis Bay,310.0,0.1709677419354838,38.0,585.0,90.0,0.0699300699300699,0.1538461538461538
901041004,Norfolk Island,2188.0,0.1074040219378427,50.0,736.0,240.0,0.109375,0.3260869565217391
997979799,Migratory - Offshore - Shipping (OT),,,,,,,
999999499,No usual address (OT),,,,,,,
ZZZZZZZZZ,Outside Australia,,,,,,,
nan,,,,,,,,
